ticker,concept,label,unit,start,end,val,previous_val,absolute_change,percentage_change,value_ratio,form,filed,group_observation_count,anomaly_tier
AAPL,AccruedIncomeTaxesNoncurrent,"Accrued Income Taxes, Noncurrent",USD,,2017-12-30,34913000000.0,257000000.0,34656000000.0,134.84824902723736,135.84824902723736,10-Q,2018-02-02,23,review
AAPL,AntidilutiveSecuritiesExcludedFromComputationOfEarningsPerShareAmount,"Antidilutive Securities Excluded from Computation of Earnings Per Share, Amount",shares,2011-03-27,2011-06-25,2000.0,206000.0,-204000.0,-0.9902912621359223,0.009708737864077669,10-Q,2011-07-20,30,review
AAPL,AntidilutiveSecuritiesExcludedFromComputationOfEarningsPerShareAmount,"Antidilutive Securities Excluded from Computation of Earnings Per Share, Amount",shares,2010-09-26,2011-09-24,1700000.0,2000.0,1698000.0,849.0,850.0,10-K,2013-10-30,30,review
AAPL,CashAndCashEquivalentsPeriodIncreaseDecrease,"Cash and Cash Equivalents, Period Increase (Decrease)",USD,2007-09-30,2008-06-28,21000000.0,2960000000.0,-2939000000.0,-0.9929054054054054,0.007094594594594595,10-Q,2009-07-22,44,review
AAPL,CashAndCashEquivalentsPeriodIncreaseDecrease,"Cash and Cash Equivalents, Period Increase (Decrease)",USD,2007-09-30,2008-09-27,2523000000.0,21000000.0,2502000000.0,119.14285714285714,120.14285714285714,10-K,2010-10-27,44,review
AAPL,CashCashEquivalentsRestrictedCashAndRestrictedCashEquivalentsPeriodIncreaseDecreaseIncludingExchangeRateEffect,"Cash, Cash Equivalents, Restricted Cash and Restricted Cash Equivalents, Period Increase (Decrease), Including Exchange Rate Effect",USD,2017-10-01,2018-03-31,24770000000.0,-195000000.0,24965000000.0,-128.02564102564102,127.02564102564102,10-Q,2019-05-01,35,review
AAPL,CommonStockSharesAuthorized,"Common Stock, Shares Authorized",shares,,2014-03-29,1800000.0,1800000000.0,-1798200000.0,-0.999,0.001,10-Q,2014-04-24,70,high_priority
AAPL,CommonStockSharesAuthorized,"Common Stock, Shares Authorized",shares,,2014-06-28,12600000000.0,1800000.0,12598200000.0,6999.0,7000.0,10-Q,2014-07-23,70,high_priority
AAPL,CommonStockSharesIssued,"Common Stock, Shares, Issued",shares,,2014-03-29,861745.0,892447000.0,-891585255.0,-0.9990344020429225,0.0009655979570775631,10-Q,2014-04-24,70,high_priority
AAPL,CommonStockSharesIssued,"Common Stock, Shares, Issued",shares,,2014-06-28,5989171000.0,861745.0,5988309255.0,6949.050188860974,6950.050188860974,10-Q,2014-07-23,70,high_priority
AAPL,CommonStockSharesOutstanding,"Common Stock, Shares, Outstanding",shares,,2014-03-29,861745.0,892447000.0,-891585255.0,-0.9990344020429225,0.0009655979570775631,10-Q,2014-04-24,70,high_priority
AAPL,CommonStockSharesOutstanding,"Common Stock, Shares, Outstanding",shares,,2014-06-28,5989171000.0,861745.0,5988309255.0,6949.050188860974,6950.050188860974,10-Q,2014-07-23,70,high_priority
AAPL,CostOfReimbursableExpense,Cost of Reimbursable Expense (Deprecated 2018-01-31),USD,2008-09-28,2009-06-27,4000.0,871000.0,-867000.0,-0.9954075774971297,0.004592422502870264,10-Q,2010-07-21,13,review
AAPL,DeferredIncomeTaxExpenseBenefit,Deferred Income Tax Expense (Benefit),USD,2018-09-30,2018-12-29,53000000.0,-32590000000.0,32643000000.0,-1.0016262657256827,0.0016262657256827249,10-Q,2020-01-29,59,review
AAPL,DeferredTaxLiabilitiesUndistributedForeignEarnings,"Deferred Tax Liabilities, Undistributed Foreign Earnings",USD,,2018-09-29,275000000.0,36355000000.0,-36080000000.0,-0.9924357034795764,0.007564296520423601,10-K,2019-10-31,11,review
AAPL,DerivativeInstrumentsGainLossRecognizedInIncomeIneffectivePortionAndAmountExcludedFromEffectivenessTestingNet,"Derivative Instruments, Gain (Loss) Recognized in Income, Ineffective Portion and Amount Excluded from Effectiveness Testing, Net",USD,2013-09-29,2013-12-28,-2000000.0,-300000000.0,298000000.0,-0.9933333333333333,0.006666666666666667,10-Q,2014-01-28,30,review
AAPL,IncreaseDecreaseInAccountsPayable,Increase (Decrease) in Accounts Payable,USD,2009-09-27,2010-06-26,2812000000.0,-18000000.0,2830000000.0,-157.22222222222223,156.22222222222223,10-Q,2011-07-20,74,review
AAPL,IncreaseDecreaseInContractWithCustomerLiability,"Increase (Decrease) in Contract with Customer, Liability",USD,2018-09-30,2018-12-29,-370000000.0,-3000000.0,-367000000.0,122.33333333333333,123.33333333333333,10-Q,2020-01-29,22,review
AAPL,IncreaseDecreaseInOtherOperatingLiabilities,Increase (Decrease) in Other Operating Liabilities,USD,2023-10-01,2024-06-29,2000000.0,-3437000000.0,3439000000.0,-1.0005819028222287,0.0005819028222286878,10-Q,2025-08-01,74,high_priority
AAPL,IncreaseDecreaseInOtherOperatingLiabilities,Increase (Decrease) in Other Operating Liabilities,USD,2023-10-01,2024-09-28,15552000000.0,2000000.0,15550000000.0,7775.0,7776.0,10-K,2025-10-31,74,high_priority
AAPL,IncreaseDecreaseInOtherReceivables,Increase (Decrease) in Other Receivables,USD,2015-09-27,2016-09-24,51000000.0,-6166000000.0,6217000000.0,-1.008271164450211,0.008271164450210833,10-K,2018-11-05,70,review
AAPL,OtherComprehensiveIncomeLossCashFlowHedgeGainLossReclassificationBeforeTax,"Other Comprehensive Income (Loss), Cash Flow Hedge, Gain (Loss), Reclassification, before Tax",USD,2021-03-28,2021-06-26,8000000.0,-887000000.0,895000000.0,-1.0090191657271703,0.009019165727170236,10-Q,2021-07-28,11,review
AAPL,OtherComprehensiveIncomeLossForeignCurrencyTransactionAndTranslationAdjustmentNetOfTax,"Other Comprehensive Income (Loss), Foreign Currency Transaction and Translation Adjustment, Net of Tax",USD,2022-09-25,2022-12-31,-14000000.0,-1511000000.0,1497000000.0,-0.9907346128391793,0.009265387160820648,10-Q,2024-02-02,95,review
AAPL,OtherComprehensiveIncomeLossNetOfTax,"Other Comprehensive Income (Loss), Net of Tax",USD,2014-09-28,2015-06-27,16000000.0,1628000000.0,-1612000000.0,-0.9901719901719902,0.009828009828009828,10-Q,2016-07-27,32,review
AAPL,OtherComprehensiveIncomeLossNetOfTax,"Other Comprehensive Income (Loss), Net of Tax",USD,2015-03-29,2015-06-27,-1612000000.0,16000000.0,-1628000000.0,-101.75,100.75,10-Q,2016-07-27,32,review
AAPL,OtherComprehensiveIncomeLossNetOfTaxPortionAttributableToParent,"Other Comprehensive Income (Loss), Net of Tax, Portion Attributable to Parent",USD,2025-03-30,2025-06-28,-6000000.0,803000000.0,-809000000.0,-1.0074719800747198,0.007471980074719801,10-Q,2026-07-31,65,review
AAPL,OtherComprehensiveIncomeLossNetOfTaxPortionAttributableToParent,"Other Comprehensive Income (Loss), Net of Tax, Portion Attributable to Parent",USD,2024-09-29,2025-09-27,1601000000.0,-6000000.0,1607000000.0,-267.8333333333333,266.8333333333333,10-K,2025-10-31,65,review
AAPL,OtherComprehensiveIncomeLossReclassificationAdjustmentFromAOCIForSaleOfSecuritiesNetOfTax,"Other Comprehensive Income (Loss), Reclassification Adjustment from AOCI for Sale of Securities, Net of Tax",USD,2025-03-30,2025-06-28,1000000.0,-405000000.0,406000000.0,-1.002469135802469,0.0024691358024691358,10-Q,2026-07-31,87,review
AAPL,OtherComprehensiveIncomeLossReclassificationAdjustmentFromAOCIForSaleOfSecuritiesNetOfTax,"Other Comprehensive Income (Loss), Reclassification Adjustment from AOCI for Sale of Securities, Net of Tax",USD,2024-09-29,2025-06-28,-404000000.0,1000000.0,-405000000.0,-405.0,404.0,10-Q,2026-07-31,87,review
AAPL,OtherComprehensiveIncomeLossReclassificationAdjustmentFromAOCIForSaleOfSecuritiesNetOfTax,"Other Comprehensive Income (Loss), Reclassification Adjustment from AOCI for Sale of Securities, Net of Tax",USD,2025-09-28,2025-12-27,-4000000.0,-414000000.0,410000000.0,-0.9903381642512077,0.00966183574879227,10-Q,2026-01-30,87,review
AAPL,OtherComprehensiveIncomeLossTax,"Other Comprehensive Income (Loss), Tax",USD,2014-09-28,2014-12-27,3000000.0,365000000.0,-362000000.0,-0.9917808219178083,0.00821917808219178,10-Q,2015-01-28,10,review
AAPL,OtherComprehensiveIncomeLossTax,"Other Comprehensive Income (Loss), Tax",USD,2014-09-28,2015-03-28,312000000.0,3000000.0,309000000.0,103.0,104.0,10-Q,2015-04-28,10,review
AAPL,OtherComprehensiveIncomeUnrealizedGainLossOnDerivativesArisingDuringPeriodNetOfTax,"Other Comprehensive Income (Loss), Unrealized Gain (Loss) on Derivatives Arising During Period, Net of Tax",USD,2016-09-25,2016-12-31,1468000000.0,7000000.0,1461000000.0,208.71428571428572,209.71428571428572,10-Q,2018-02-02,64,review
AAPL,OtherComprehensiveIncomeUnrealizedHoldingGainLossOnSecuritiesArisingDuringPeriodNetOfTax,"OCI, Debt Securities, Available-for-Sale, Unrealized Holding Gain (Loss), before Adjustment, after Tax",USD,2023-12-31,2024-03-30,-7000000.0,3045000000.0,-3052000000.0,-1.0022988505747126,0.0022988505747126436,10-Q,2025-05-02,90,review
AAPL,OtherComprehensiveIncomeUnrealizedHoldingGainLossOnSecuritiesArisingDuringPeriodNetOfTax,"OCI, Debt Securities, Available-for-Sale, Unrealized Holding Gain (Loss), before Adjustment, after Tax",USD,2023-10-01,2024-03-30,3038000000.0,-7000000.0,3045000000.0,-435.0,434.0,10-Q,2025-05-02,90,review
AAPL,PaymentsToAcquireBusinessesNetOfCashAcquired,"Payments to Acquire Businesses, Net of Cash Acquired",USD,2014-09-28,2014-12-27,23000000.0,3765000000.0,-3742000000.0,-0.9938911022576361,0.006108897742363878,10-Q,2016-01-27,53,review
AAPL,PaymentsToAcquireBusinessesNetOfCashAcquired,"Payments to Acquire Businesses, Net of Cash Acquired",USD,2020-09-27,2020-12-26,9000000.0,1524000000.0,-1515000000.0,-0.9940944881889764,0.005905511811023622,10-Q,2021-01-28,53,review
AAPL,ProceedsFromIssuanceOfCommonStock,Proceeds from Issuance of Common Stock,USD,2015-09-27,2015-12-26,1000000.0,543000000.0,-542000000.0,-0.998158379373849,0.001841620626151013,10-Q,2017-02-01,54,review
AAPL,ProceedsFromIssuanceOfCommonStock,Proceeds from Issuance of Common Stock,USD,2015-09-27,2016-03-26,247000000.0,1000000.0,246000000.0,246.0,247.0,10-Q,2017-05-03,54,review
AAPL,ProceedsFromIssuanceOfCommonStock,Proceeds from Issuance of Common Stock,USD,2019-09-29,2019-12-28,2000000.0,781000000.0,-779000000.0,-0.9974391805377721,0.002560819462227913,10-Q,2021-01-28,54,review
AAPL,ProceedsFromIssuanceOfCommonStock,Proceeds from Issuance of Common Stock,USD,2019-09-29,2020-03-28,430000000.0,2000000.0,428000000.0,214.0,215.0,10-Q,2021-04-29,54,review
AAPL,ProceedsFromRepaymentsOfCommercialPaper,Proceeds from (Repayments of) Commercial Paper,USD,2017-10-01,2017-12-30,2000000.0,3852000000.0,-3850000000.0,-0.9994807892004154,0.0005192107995846313,10-Q,2019-01-30,54,high_priority
AAPL,ProceedsFromRepaymentsOfCommercialPaper,Proceeds from (Repayments of) Commercial Paper,USD,2020-09-27,2021-06-26,3022000000.0,22000000.0,3000000000.0,136.36363636363637,137.36363636363637,10-Q,2022-07-29,54,review
AAPL,UnrecognizedTaxBenefitsDecreasesResultingFromSettlementsWithTaxingAuthorities,"Unrecognized Tax Benefits, Decrease Resulting from Settlements with Taxing Authorities",USD,2012-09-30,2013-09-28,592000000.0,3000000.0,589000000.0,196.33333333333334,197.33333333333334,10-K,2015-10-28,20,review
BAC,AvailableForSaleSecuritiesEquitySecurities,"Available-for-sale Securities, Equity Securities",USD,,2010-09-30,18438000000.0,179000000.0,18259000000.0,102.00558659217877,103.00558659217877,10-Q,2010-11-05,7,review
BAC,AvailableForSaleSecuritiesGrossRealizedLosses,"Available-for-sale Securities, Gross Realized Losses",USD,2011-01-01,2011-03-31,-8000000.0,-1469000000.0,1461000000.0,-0.9945541184479237,0.005445881552076242,10-Q,2011-05-05,17,review
BAC,AvailableforsaleSecuritiesGrossRealizedGainLossExcludingOtherThanTemporaryImpairments,"Available-for-sale Securities, Gross Realized Gain (Loss), Excluding Other than Temporary Impairments",USD,2018-01-01,2018-03-31,2000000.0,255000000.0,-253000000.0,-0.9921568627450981,0.00784313725490196,10-Q,2018-04-30,21,review
BAC,CertainLoansAcquiredInTransferNotAccountedForAsDebtSecuritiesAccretableYieldReclassificationsToFromNonaccretableDifference,"Certain Loans Acquired in Transfer Not Accounted for as Debt Securities, Accretable Yield, Reclassifications (to) from Nonaccretable Difference",USD,2017-01-01,2017-03-31,-1000000.0,444000000.0,-445000000.0,-1.0022522522522523,0.0022522522522522522,10-Q,2017-05-02,27,review
BAC,ChangeInUnrealizedGainLossOnHedgedItemInFairValueHedge1,Change in Unrealized Gain (Loss) on Hedged Item in Fair Value Hedge,USD,2012-07-01,2012-09-30,23000000.0,-2919000000.0,2942000000.0,-1.0078794107571085,0.0078794107571086,10-Q,2013-10-30,87,review
BAC,CommonStockDividendsPerShareCashPaid,"Common Stock, Dividends, Per Share, Cash Paid",USD/shares,2009-01-01,2009-03-31,0.01,2.24,-2.2300000000000004,-0.9955357142857144,0.004464285714285714,10-Q,2010-05-07,77,review
BAC,CreditDerivativeMaximumExposureUndiscounted,"Credit Derivative, Maximum Exposure, Undiscounted",USD,,2013-12-31,7284000000.0,2029844000000.0,-2022560000000.0,-0.9964115468972,0.003588453102800018,10-K,2015-02-25,56,review
BAC,DebtSecuritiesAvailableForSaleRealizedGain,"Debt Securities, Available-for-sale, Realized Gain",USD,2018-01-01,2018-03-31,2000000.0,352000000.0,-350000000.0,-0.9943181818181818,0.005681818181818182,10-Q,2019-04-26,49,review
BAC,DebtSecuritiesAvailableForSaleRealizedGain,"Debt Securities, Available-for-sale, Realized Gain",USD,2020-01-01,2020-12-31,423000000.0,4000000.0,419000000.0,104.75,105.75,10-K,2023-02-22,49,review
BAC,DebtSecuritiesAvailableForSaleRealizedGainLoss,"Debt Securities, Available-for-sale, Realized Gain (Loss)",USD,2020-07-01,2020-09-30,2000000.0,379000000.0,-377000000.0,-0.9947229551451188,0.005277044854881266,10-Q,2021-10-29,42,review
BAC,DebtSecuritiesAvailableForSaleRealizedGainLoss,"Debt Securities, Available-for-sale, Realized Gain (Loss)",USD,2020-01-01,2020-12-31,411000000.0,2000000.0,409000000.0,204.5,205.5,10-K,2023-02-22,42,review
BAC,DebtSecuritiesAvailableForSaleRealizedGainLossExcludingOtherThanTemporaryImpairment,"Debt Securities, Available-for-sale, Realized Gain (Loss), Excluding Other-than-temporary Impairment",USD,2018-01-01,2018-03-31,2000000.0,255000000.0,-253000000.0,-0.9921568627450981,0.00784313725490196,10-Q,2019-04-26,19,review
BAC,DebtSecuritiesAvailableForSaleRealizedLoss,"Debt Securities, Available-for-sale, Realized Loss",USD,2019-04-01,2019-06-30,1000000.0,112000000.0,-111000000.0,-0.9910714285714286,0.008928571428571428,10-Q,2020-07-31,43,review
BAC,DebtSecuritiesAvailableForSaleRealizedLoss,"Debt Securities, Available-for-sale, Realized Loss",USD,2019-01-01,2019-09-30,112000000.0,1000000.0,111000000.0,111.0,112.0,10-Q,2020-10-30,43,review
BAC,DebtSecuritiesAvailableForSaleRealizedLoss,"Debt Securities, Available-for-sale, Realized Loss",USD,2020-01-01,2020-03-31,1000000.0,119000000.0,-118000000.0,-0.9915966386554622,0.008403361344537815,10-Q,2021-04-29,43,review
BAC,DebtSecuritiesAvailableForSaleRealizedLoss,"Debt Securities, Available-for-sale, Realized Loss",USD,2024-01-01,2024-03-31,1000000.0,514000000.0,-513000000.0,-0.9980544747081712,0.0019455252918287938,10-Q,2025-04-30,43,review
BAC,DebtSecuritiesAvailableForSaleRealizedLossExcludingOtherThanTemporaryImpairment,"Debt Securities, Available-for-sale, Realized Loss, Excluding Other-than-temporary Impairment",USD,2019-04-01,2019-06-30,1000000.0,111000000.0,-110000000.0,-0.990990990990991,0.009009009009009009,10-Q,2019-07-29,12,review
BAC,DebtSecuritiesAvailableForSaleRealizedLossExcludingOtherThanTemporaryImpairment,"Debt Securities, Available-for-sale, Realized Loss, Excluding Other-than-temporary Impairment",USD,2019-01-01,2019-06-30,112000000.0,1000000.0,111000000.0,111.0,112.0,10-Q,2019-07-29,12,review
BAC,DividendsCommonStock,"Dividends, Common Stock",USD,2009-01-01,2009-03-31,64000000.0,10256000000.0,-10192000000.0,-0.9937597503900156,0.0062402496099844,10-Q,2010-05-07,15,review
BAC,EffectOfExchangeRateOnCashAndCashEquivalents,Effect of Exchange Rate on Cash and Cash Equivalents,USD,2014-01-01,2014-03-31,-2000000.0,-1863000000.0,1861000000.0,-0.9989264626945786,0.0010735373054213634,10-Q,2014-05-01,26,review
BAC,EffectOfExchangeRateOnCashAndCashEquivalentsContinuingOperations,"Effect of Exchange Rate on Cash and Cash Equivalents, Continuing Operations",USD,2014-01-01,2014-03-31,-2000000.0,-1863000000.0,1861000000.0,-0.9989264626945786,0.0010735373054213634,10-Q,2015-04-29,23,review
BAC,EffectiveIncomeTaxRateReconciliationNondeductibleExpense,"Effective Income Tax Rate Reconciliation, Nondeductible Expense, Percent",pure,2015-01-01,2015-12-31,0.001,0.249,-0.248,-0.9959839357429718,0.004016064257028113,10-K,2018-02-22,17,review
BAC,EffectiveIncomeTaxRateReconciliationTaxContingencies,"Effective Income Tax Rate Reconciliation, Tax Contingency, Percent",pure,2023-01-01,2023-12-31,-0.001,0.293,-0.294,-1.0034129692832765,0.003412969283276451,10-K,2026-02-25,8,review
BAC,FairValueLiabilitiesLevel2ToLevel1TransfersAmount,"Fair Value, Liabilities, Level 2 to Level 1 Transfers, Amount",USD,,2015-09-30,5800000000.0,40000000.0,5760000000.0,144.0,145.0,10-Q,2015-10-30,2,review
BAC,FairValueMeasurementWithUnobservableInputsReconciliationRecurringBasisAssetSales,"Fair Value, Measurement with Unobservable Inputs Reconciliation, Recurring Basis, Asset, Sales",USD,2014-01-01,2014-03-31,20000000.0,2044000000.0,-2024000000.0,-0.9902152641878669,0.009784735812133072,10-Q,2014-05-01,19,review
BAC,FairValueNetDerivativeAssetLiabilityMeasuredOnRecurringBasisChangeInUnrealizedGainLoss,"Fair Value, Net Derivative Asset (Liability), Recurring Basis, Still Held, Unrealized Gain (Loss)",USD,2024-01-01,2024-03-31,-6000000.0,-857000000.0,851000000.0,-0.9929988331388565,0.007001166861143524,10-Q,2025-04-30,65,review
BAC,FairValueNetDerivativeAssetLiabilityMeasuredOnRecurringBasisChangeInUnrealizedGainLoss,"Fair Value, Net Derivative Asset (Liability), Recurring Basis, Still Held, Unrealized Gain (Loss)",USD,2024-01-01,2024-06-30,-616000000.0,-6000000.0,-610000000.0,101.66666666666667,102.66666666666667,10-Q,2025-07-31,65,review
BAC,FairValueNetDerivativeAssetLiabilityMeasuredOnRecurringBasisUnobservableInputsReconciliationGainLossIncludedInEarnings,"Fair Value, Net Derivative Asset (Liability) Measured on Recurring Basis, Unobservable Inputs Reconciliation, Gain (Loss) Included in Earnings",USD,2021-01-01,2021-09-30,855000000.0,5000000.0,850000000.0,170.0,171.0,10-Q,2022-10-28,79,review
BAC,FairValueNetDerivativeAssetLiabilityMeasuredOnRecurringBasisUnobservableInputsReconciliationTransfersOutOfLevel3,"Fair Value, Net Derivative Asset (Liability) Measured on Recurring Basis, Unobservable Inputs Reconciliation, Transfers out of Level 3",USD,2023-07-01,2023-09-30,-1000000.0,-302000000.0,301000000.0,-0.9966887417218543,0.0033112582781456954,10-Q,2024-10-29,79,review
BAC,FairValueNetDerivativeAssetLiabilityMeasuredOnRecurringBasisUnobservableInputsReconciliationTransfersOutOfLevel3,"Fair Value, Net Derivative Asset (Liability) Measured on Recurring Basis, Unobservable Inputs Reconciliation, Transfers out of Level 3",USD,2023-01-01,2023-12-31,-2141000000.0,-1000000.0,-2140000000.0,2140.0,2141.0,10-K,2026-02-25,79,high_priority
BAC,FairValueNetDerivativeAssetLiabilityMeasuredOnRecurringBasisUnobservableInputsReconciliationTransfersOutOfLevel3,"Fair Value, Net Derivative Asset (Liability) Measured on Recurring Basis, Unobservable Inputs Reconciliation, Transfers out of Level 3",USD,2025-01-01,2025-03-31,-9000000.0,-1004000000.0,995000000.0,-0.9910358565737052,0.008964143426294821,10-Q,2026-05-01,79,review
BAC,FairValueOptionChangesInFairValueGainLoss1,"Fair Value, Option, Changes in Fair Value, Gain (Loss)",USD,2014-01-01,2014-09-30,902000000.0,-2000000.0,904000000.0,-452.0,451.0,10-Q,2015-10-30,88,review
BAC,GainLossFromComponentsExcludedFromAssessmentOfCashFlowHedgeEffectivenessNet,"Gain (Loss) from Components Excluded from Assessment of Cash Flow Hedge Effectiveness, Net",USD,2025-01-01,2025-03-31,2000000.0,252000000.0,-250000000.0,-0.9920634920634921,0.007936507936507936,10-Q,2026-05-01,46,review
BAC,GainLossOnPriceRiskDerivativesNet,"Gain (Loss) on Price Risk Derivatives, Net",USD,2011-01-01,2011-03-31,-55000000.0,9109000000.0,-9164000000.0,-1.006037984411022,0.006037984411022066,10-Q,2011-05-05,17,review
BAC,HedgedLiabilityFairValueHedgeCumulativeIncreaseDecrease,"Hedged Liability, Fair Value Hedge, Cumulative Increase (Decrease)",USD,,2025-09-30,12000000.0,-1367000000.0,1379000000.0,-1.0087783467446965,0.008778346744696415,10-Q,2025-10-31,31,review
BAC,HeldToMaturitySecuritiesAccumulatedUnrecognizedHoldingGain,"Debt Securities, Held-to-maturity, Accumulated Unrecognized Gain",USD,,2018-09-30,1000000.0,131000000.0,-130000000.0,-0.9923664122137404,0.007633587786259542,10-Q,2018-10-29,49,review
BAC,HeldToMaturitySecuritiesAccumulatedUnrecognizedHoldingGain,"Debt Securities, Held-to-maturity, Accumulated Unrecognized Gain",USD,,2018-12-31,747000000.0,1000000.0,746000000.0,746.0,747.0,10-K,2020-02-19,49,review
BAC,HeldToMaturitySecuritiesAccumulatedUnrecognizedHoldingLoss,"Debt Securities, Held-to-maturity, Accumulated Unrecognized Loss",USD,,2016-06-30,1000000.0,147000000.0,-146000000.0,-0.9931972789115646,0.006802721088435374,10-Q,2016-08-01,49,review
BAC,HeldToMaturitySecuritiesDebtMaturitiesAfterTenYearsFairValue,"Debt Securities, Held-to-Maturity, Fair Value, Maturity, Allocated and Single Maturity Date, after Year 10",USD,,2012-12-31,23000000.0,3966000000.0,-3943000000.0,-0.9942007060010086,0.005799293998991427,10-K,2013-02-28,11,review
BAC,HeldToMaturitySecuritiesDebtMaturitiesAfterTenYearsNetCarryingAmount,"Debt Securities, Held-to-Maturity, Amortized Cost, Maturity, Allocated and Single Maturity Date, after Year 10",USD,,2012-12-31,23000000.0,3936000000.0,-3913000000.0,-0.9941565040650406,0.005843495934959349,10-K,2013-02-28,11,review
BAC,HeldToMaturitySecuritiesDebtMaturitiesNextRollingTwelveMonthsFairValue,"Debt Securities, Held-to-maturity, Maturity, Allocated and Single Maturity Date, Rolling within One Year, Fair Value",USD,,2018-12-31,657000000.0,4000000.0,653000000.0,163.25,164.25,10-K,2019-02-26,33,review
BAC,HeldToMaturitySecuritiesDebtMaturitiesRollingAfterTenYearsFairValue,"Debt Securities, Held-to-maturity, Maturity, Allocated and Single Maturity Date, Rolling after 10 Years, Fair Value",USD,,2016-09-30,113028000000.0,95000000.0,112933000000.0,1188.7684210526315,1189.7684210526315,10-Q,2016-11-01,33,high_priority
BAC,HeldToMaturitySecuritiesDebtMaturitiesRollingYearTwoThroughFiveFairValue,"Debt Securities, Held-to-maturity, Maturity, Allocated and Single Maturity Date, Rolling after One Through Five Years, Fair Value",USD,,2014-12-31,19762000000.0,19000000.0,19743000000.0,1039.1052631578948,1040.1052631578948,10-K,2015-02-25,33,high_priority
BAC,HeldToMaturitySecuritiesDebtMaturitiesRollingYearTwoThroughFiveFairValue,"Debt Securities, Held-to-maturity, Maturity, Allocated and Single Maturity Date, Rolling after One Through Five Years, Fair Value",USD,,2016-09-30,16000000.0,84451000000.0,-84435000000.0,-0.999810541023789,0.0001894589762110573,10-Q,2016-11-01,33,high_priority
BAC,HeldToMaturitySecuritiesFairValue,"Debt Securities, Held-to-maturity, Fair Value",USD,,2011-09-30,26508000000.0,181000000.0,26327000000.0,145.45303867403314,146.45303867403314,10-Q,2011-11-03,70,review
BAC,IncreaseDecreaseInAccruedLiabilitiesAndOtherOperatingLiabilities,Increase (Decrease) in Accrued Liabilities and Other Operating Liabilities,USD,2016-01-01,2016-12-31,-35000000.0,-4845000000.0,4810000000.0,-0.9927760577915377,0.007223942208462332,10-K,2019-02-26,53,review
BAC,IncreaseDecreaseInAccruedLiabilitiesAndOtherOperatingLiabilities,Increase (Decrease) in Accrued Liabilities and Other Operating Liabilities,USD,2017-01-01,2017-03-31,-4518000000.0,-35000000.0,-4483000000.0,128.0857142857143,129.0857142857143,10-Q,2018-04-30,53,review
BAC,IncreaseDecreaseInDeposits,Increase (Decrease) in Deposits,USD,2015-01-01,2015-03-31,34232000000.0,-335000000.0,34567000000.0,-103.18507462686567,102.18507462686567,10-Q,2016-05-02,74,review
BAC,IncreaseDecreaseInDeposits,Increase (Decrease) in Deposits,USD,2018-01-01,2018-06-30,146000000.0,19119000000.0,-18973000000.0,-0.9923636173440034,0.0076363826559966526,10-Q,2019-07-29,74,review
BAC,IncreaseDecreaseInDeposits,Increase (Decrease) in Deposits,USD,2018-01-01,2018-09-30,36104000000.0,146000000.0,35958000000.0,246.2876712328767,247.2876712328767,10-Q,2019-10-28,74,review
BAC,IncreaseDecreaseInFairValueAdjustmentsOnAssetsAndLiabilitiesCarriedAtFairValueUnderFairValueOption,Increase (Decrease) in Fair Value Adjustments on Other Assets (Liabilities) Carried at Fair Value under Fair Value Option,USD,2011-01-01,2011-12-31,3320000000.0,18000000.0,3302000000.0,183.44444444444446,184.44444444444446,10-K,2014-02-25,11,review
BAC,IncreaseDecreaseInOtherOperatingAssets,Increase (Decrease) in Other Operating Assets,USD,2015-01-01,2015-03-31,-12000000.0,-5894000000.0,5882000000.0,-0.997964031218188,0.0020359687818120122,10-Q,2016-05-02,74,review
BAC,IncreaseDecreaseInOtherOperatingAssets,Increase (Decrease) in Other Operating Assets,USD,2015-01-01,2015-06-30,4661000000.0,-12000000.0,4673000000.0,-389.4166666666667,388.4166666666667,10-Q,2016-08-01,74,review
BAC,IncreaseDecreaseInOtherOperatingCapitalNet,"Increase (Decrease) in Other Operating Assets and Liabilities, Net",USD,2018-01-01,2018-03-31,-42000000.0,-7351000000.0,7309000000.0,-0.9942864916337913,0.005713508366208679,10-Q,2019-04-26,74,review
BAC,IncreaseDecreaseInOtherOperatingCapitalNet,"Increase (Decrease) in Other Operating Assets and Liabilities, Net",USD,2020-01-01,2020-03-31,-35000000.0,-6211000000.0,6176000000.0,-0.9943648365802609,0.0056351634197391726,10-Q,2021-04-29,74,review
BAC,IncreaseDecreaseInOtherOperatingCapitalNet,"Increase (Decrease) in Other Operating Assets and Liabilities, Net",USD,2025-01-01,2025-03-31,-16000000.0,-7522000000.0,7506000000.0,-0.9978729061419835,0.002127093858016485,10-Q,2026-05-01,74,review
BAC,InterestIncomeFederalFundsSoldAndSecuritiesPurchasedUnderAgreementsToResell,"Interest Income, Federal Funds Sold and Securities Purchased under Agreements to Resell",USD,2021-01-01,2021-03-31,-7000000.0,903000000.0,-910000000.0,-1.0077519379844961,0.007751937984496124,10-Q,2022-04-29,111,review
BAC,NetCashProvidedByUsedInOperatingActivities,Net Cash Provided by (Used in) Operating Activities,USD,2011-01-01,2011-03-31,-576000000.0,82541000000.0,-83117000000.0,-1.0069783501532572,0.0069783501532571695,10-Q,2012-05-03,64,review
BAC,NetCashProvidedByUsedInOperatingActivitiesContinuingOperations,"Net Cash Provided by (Used in) Operating Activities, Continuing Operations",USD,2015-01-01,2015-03-31,245000000.0,30795000000.0,-30550000000.0,-0.9920441630134762,0.007955836986523787,10-Q,2016-05-02,20,review
BAC,OtherComprehensiveIncomeDefinedBenefitPlanNetPriorServiceCostCreditArisingDuringPeriodBeforeTax,"Other Comprehensive (Income) Loss, Defined Benefit Plan, Prior Service Cost (Credit), before Tax",USD,2012-01-01,2012-12-31,2000000.0,1300000000.0,-1298000000.0,-0.9984615384615385,0.0015384615384615385,10-K,2013-02-28,20,review
BAC,OtherComprehensiveIncomeDefinedBenefitPlansAdjustmentBeforeTaxPortionAttributableToParent,"Other Comprehensive (Income) Loss, Defined Benefit Plan, before Tax, after Reclassification Adjustment, Attributable to Parent",USD,2014-01-01,2014-03-31,-13000000.0,-3268000000.0,3255000000.0,-0.9960220318237454,0.00397796817625459,10-Q,2015-04-29,21,review
BAC,OtherComprehensiveIncomeLossForeignCurrencyTransactionAndTranslationReclassificationAdjustmentFromAOCIRealizedUponSaleOrLiquidationTax,"Other Comprehensive Income (Loss), Foreign Currency Transaction and Translation Reclassification Adjustment from AOCI, Realized upon Sale or Liquidation, Tax",USD,2014-01-01,2014-03-31,1000000.0,-133000000.0,134000000.0,-1.0075187969924813,0.007518796992481203,10-Q,2015-04-29,14,review
BAC,OtherComprehensiveIncomeLossPensionAndOtherPostretirementBenefitPlansAdjustmentBeforeTax,"Other Comprehensive (Income) Loss, Defined Benefit Plan, after Reclassification Adjustment, before Tax",USD,2014-01-01,2014-03-31,-13000000.0,-3268000000.0,3255000000.0,-0.9960220318237454,0.00397796817625459,10-Q,2014-05-01,22,review
BAC,OtherComprehensiveIncomeLossReclassificationAdjustmentFromAOCIForSaleOfSecuritiesTax,"Other Comprehensive Income (Loss), Reclassification Adjustment from AOCI for Sale of Securities, Tax",USD,2021-07-01,2021-09-30,1000000.0,103000000.0,-102000000.0,-0.9902912621359223,0.009708737864077669,10-Q,2022-10-28,31,review
BAC,OtherComprehensiveIncomeLossTax,"Other Comprehensive Income (Loss), Tax",USD,2011-01-01,2011-03-31,22000000.0,-3216000000.0,3238000000.0,-1.0068407960199004,0.006840796019900498,10-Q,2012-05-03,23,review
BAC,OtherComprehensiveIncomeLossTax,"Other Comprehensive Income (Loss), Tax",USD,2011-01-01,2011-09-30,1065000000.0,-3000000.0,1068000000.0,-356.0,355.0,10-Q,2012-11-02,23,review
BAC,OtherThanTemporaryImpairmentCreditLossesRecognizedInEarningsReductionsSecuritiesSold,"Other than Temporary Impairment, Credit Losses Recognized in Earnings, Reductions, Securities Sold",USD,2011-04-01,2011-06-30,11000000.0,1350000000.0,-1339000000.0,-0.9918518518518519,0.008148148148148147,10-Q,2012-08-02,24,review
BAC,OtherThanTemporaryImpairmentCreditLossesRecognizedInEarningsReductionsSecuritiesSold,"Other than Temporary Impairment, Credit Losses Recognized in Earnings, Reductions, Securities Sold",USD,2011-01-01,2011-09-30,2023000000.0,11000000.0,2012000000.0,182.9090909090909,183.9090909090909,10-Q,2012-11-02,24,review
BAC,PaymentsToAcquireHeldToMaturitySecurities,Payments to Acquire Held-to-maturity Securities,USD,2023-01-01,2023-03-31,38000000.0,24096000000.0,-24058000000.0,-0.9984229747675962,0.0015770252324037184,10-Q,2024-04-30,66,review
BAC,PrincipalInvestmentGainsLosses,Principal Investment Gain (Loss),USD,2014-07-01,2014-09-30,9000000.0,1150000000.0,-1141000000.0,-0.9921739130434782,0.00782608695652174,10-Q,2015-10-30,16,review
BAC,PrincipalInvestmentGainsLosses,Principal Investment Gain (Loss),USD,2014-01-01,2014-12-31,1130000000.0,9000000.0,1121000000.0,124.55555555555556,125.55555555555556,10-K,2016-02-24,16,review
BAC,ProceedsFromIncomeTaxRefunds,Proceeds from Income Tax Refunds,USD,2010-01-01,2010-12-31,7783000000.0,31000000.0,7752000000.0,250.06451612903226,251.06451612903226,10-K,2013-02-28,10,review
BAC,ProceedsFromMaturitiesPrepaymentsAndCallsOfHeldToMaturitySecurities,"Proceeds from Maturities, Prepayments and Calls of Held-to-maturity Securities",USD,2010-01-01,2010-06-30,3000000.0,2771000000.0,-2768000000.0,-0.9989173583543847,0.0010826416456153013,10-Q,2011-08-04,73,review
BAC,ProceedsFromRepaymentsOfShortTermDebt,Proceeds from (Repayments of) Short-term Debt,USD,2014-01-01,2014-09-30,-12724000000.0,-126000000.0,-12598000000.0,99.98412698412699,100.98412698412699,10-Q,2015-10-30,46,review
BAC,ServicingAssetAtFairValueDisposals,"Servicing Asset at Fair Value, Disposals",USD,2014-01-01,2014-03-31,20000000.0,2044000000.0,-2024000000.0,-0.9902152641878669,0.009784735812133072,10-Q,2015-04-29,28,review
BAC,ServicingAssetAtFairValueDisposals,"Servicing Asset at Fair Value, Disposals",USD,2016-01-01,2016-03-31,1000000.0,393000000.0,-392000000.0,-0.9974554707379135,0.002544529262086514,10-Q,2016-05-02,28,review
BAC,StockholdersEquityOther,"Stockholders' Equity, Other",USD,2011-01-01,2011-03-31,-1000000.0,-146000000.0,145000000.0,-0.9931506849315068,0.00684931506849315,10-Q,2012-05-03,14,review
BAC,UnrecognizedTaxBenefitsDecreasesResultingFromSettlementsWithTaxingAuthorities,"Unrecognized Tax Benefits, Decrease Resulting from Settlements with Taxing Authorities",USD,2015-01-01,2015-12-31,1000000.0,1594000000.0,-1593000000.0,-0.9993726474278545,0.0006273525721455458,10-K,2018-02-22,18,high_priority
BAC,UnrecognizedTaxBenefitsDecreasesResultingFromSettlementsWithTaxingAuthorities,"Unrecognized Tax Benefits, Decrease Resulting from Settlements with Taxing Authorities",USD,2016-01-01,2016-12-31,503000000.0,1000000.0,502000000.0,502.0,503.0,10-K,2019-02-26,18,review
BLK,FairValueMeasurementWithUnobservableInputsReconciliationRecurringBasisAssetPurchases,"Fair Value, Measurement with Unobservable Inputs Reconciliation, Recurring Basis, Asset, Purchases",USD,2024-07-01,2024-09-30,4000000.0,475000000.0,-471000000.0,-0.991578947368421,0.008421052631578947,10-Q,2025-11-05,18,review
BLK,FairValueMeasurementWithUnobservableInputsReconciliationRecurringBasisAssetPurchases,"Fair Value, Measurement with Unobservable Inputs Reconciliation, Recurring Basis, Asset, Purchases",USD,2024-01-01,2024-12-31,474000000.0,4000000.0,470000000.0,117.5,118.5,10-K,2026-02-25,18,review
BLK,FiniteLivedIntangibleAssetsGross,"Finite-Lived Intangible Assets, Gross",USD,,2024-09-30,5000000.0,1298000000.0,-1293000000.0,-0.9961479198767335,0.003852080123266564,10-Q,2024-11-06,4,review
BLK,FiniteLivedIntangibleAssetsGross,"Finite-Lived Intangible Assets, Gross",USD,,2024-12-31,3997000000.0,5000000.0,3992000000.0,798.4,799.4,10-K,2026-02-25,4,review
BLK,PaymentsToAcquireBusinessesNetOfCashAcquired,"Payments to Acquire Businesses, Net of Cash Acquired",USD,2026-01-01,2026-03-31,15000000.0,3496000000.0,-3481000000.0,-0.9957093821510298,0.004290617848970252,10-Q,2026-05-06,13,review
C,AccumulatedOtherComprehensiveIncomeLossDefinedBenefitPensionAndOtherPostretirementPlansNetOfTax,"Accumulated Other Comprehensive (Income) Loss, Defined Benefit Plan, after Tax",USD,,2016-12-31,34000000.0,5031000000.0,-4997000000.0,-0.9932419002186444,0.006758099781355596,10-K,2018-02-23,9,review
C,AccumulatedOtherComprehensiveIncomeLossDefinedBenefitPensionAndOtherPostretirementPlansNetOfTax,"Accumulated Other Comprehensive (Income) Loss, Defined Benefit Plan, after Tax",USD,,2017-03-31,5176000000.0,34000000.0,5142000000.0,151.23529411764707,152.23529411764707,10-Q,2017-08-01,9,review
C,AccumulatedOtherComprehensiveIncomeLossDefinedBenefitPensionAndOtherPostretirementPlansNetOfTax,"Accumulated Other Comprehensive (Income) Loss, Defined Benefit Plan, after Tax",USD,,2017-12-31,3000000.0,5311000000.0,-5308000000.0,-0.9994351346262474,0.000564865373752589,10-K,2018-02-23,9,high_priority
C,AllowanceForLoanAndLeaseLossesAdjustmentsNet,"Allowance for Loan and Lease Losses, Adjustments, Other",USD,2017-01-01,2017-03-31,4000000.0,-754000000.0,758000000.0,-1.0053050397877985,0.005305039787798408,10-Q,2018-05-01,49,review
C,AssetsOfDisposalGroupIncludingDiscontinuedOperation,"Disposal Group, Including Discontinued Operation, Assets",USD,,2013-06-30,3306000000.0,9000000.0,3297000000.0,366.3333333333333,367.3333333333333,10-Q,2013-08-02,8,review
C,CashProvidedByUsedInFinancingActivitiesDiscontinuedOperations,"Cash Provided by (Used in) Financing Activities, Discontinued Operations",USD,2009-01-01,2009-06-30,-9000000.0,-14287000000.0,14278000000.0,-0.9993700566948974,0.0006299433051025408,10-Q,2010-08-06,19,high_priority
C,CashProvidedByUsedInFinancingActivitiesDiscontinuedOperations,"Cash Provided by (Used in) Financing Activities, Discontinued Operations",USD,2010-01-01,2010-09-30,-5536000000.0,-3000000.0,-5533000000.0,1844.3333333333333,1845.3333333333333,10-Q,2011-11-04,19,high_priority
C,CashProvidedByUsedInFinancingActivitiesDiscontinuedOperations,"Cash Provided by (Used in) Financing Activities, Discontinued Operations",USD,2011-01-01,2011-06-30,-12000000.0,-6486000000.0,6474000000.0,-0.9981498612395929,0.0018501387604070306,10-Q,2012-08-03,19,review
C,CommonStockSharesOutstanding,"Common Stock, Shares, Outstanding",shares,,2009-12-31,28483267000.0,22863947.0,28460403053.0,1244.7720882575525,1245.7720882575525,10-Q,2010-11-05,6,high_priority
C,CostOfRevenue,Cost of Revenue,USD,2020-10-01,2020-12-31,-46000000.0,17495000000.0,-17541000000.0,-1.0026293226636183,0.002629322663618177,10-K,2021-02-26,20,review
C,DeferredIncomeTaxExpenseBenefit,Deferred Income Tax Expense (Benefit),USD,2018-01-01,2018-12-31,-51000000.0,24877000000.0,-24928000000.0,-1.002050086425212,0.002050086425212043,10-K,2021-02-26,32,review
C,DeferredIncomeTaxExpenseBenefit,Deferred Income Tax Expense (Benefit),USD,2025-01-01,2025-03-31,-8000000.0,-1896000000.0,1888000000.0,-0.9957805907172996,0.004219409282700422,10-Q,2025-05-08,32,review
C,DepreciationAmortizationAndAccretionNet,"Depreciation, Amortization and Accretion, Net",USD,2009-01-01,2009-03-31,13000000.0,2466000000.0,-2453000000.0,-0.994728304947283,0.0052716950527169504,10-Q,2010-05-07,71,review
C,DilutiveSecurities,"Dilutive Securities, Effect on Basic Earnings Per Share",USD,2010-01-01,2010-09-30,2000000.0,540000000.0,-538000000.0,-0.9962962962962963,0.003703703703703704,10-Q,2010-11-05,35,review
C,DiscontinuedOperationGainLossFromDisposalOfDiscontinuedOperationBeforeIncomeTax,"Discontinued Operation, Gain (Loss) from Disposal of Discontinued Operation, before Income Tax",USD,2012-01-01,2012-12-31,-1000000.0,155000000.0,-156000000.0,-1.0064516129032257,0.0064516129032258064,10-K,2015-02-25,17,review
C,DiscontinuedOperationGainLossOnDisposalOfDiscontinuedOperationNetOfTax,"Discontinued Operation, Gain (Loss) on Disposal of Discontinued Operation, Net of Tax",USD,2009-01-01,2009-03-31,-12000000.0,3139000000.0,-3151000000.0,-1.0038228735266008,0.003822873526600828,10-Q,2010-05-07,33,review
C,DiscontinuedOperationGainLossOnDisposalOfDiscontinuedOperationNetOfTax,"Discontinued Operation, Gain (Loss) on Disposal of Discontinued Operation, Net of Tax",USD,2011-01-01,2011-03-31,4000000.0,-702000000.0,706000000.0,-1.0056980056980056,0.005698005698005698,10-Q,2012-05-04,33,review
C,DiscontinuedOperationGainLossOnDisposalOfDiscontinuedOperationNetOfTax,"Discontinued Operation, Gain (Loss) on Disposal of Discontinued Operation, Net of Tax",USD,2012-01-01,2012-03-31,-1000000.0,155000000.0,-156000000.0,-1.0064516129032257,0.0064516129032258064,10-Q,2013-05-03,33,review
C,DiscontinuedOperationIncomeLossFromDiscontinuedOperationBeforeIncomeTax,"Discontinued Operation, Income (Loss) from Discontinued Operation, before Income Tax",USD,2010-01-01,2010-03-31,-5000000.0,-653000000.0,648000000.0,-0.9923430321592649,0.007656967840735069,10-Q,2011-05-05,105,review
C,DiscontinuedOperationIncomeLossFromDiscontinuedOperationBeforeIncomeTax,"Discontinued Operation, Income (Loss) from Discontinued Operation, before Income Tax",USD,2012-01-01,2012-12-31,-109000000.0,-1000000.0,-108000000.0,108.0,109.0,10-K,2015-02-25,105,review
C,DiscontinuedOperationIncomeLossFromDiscontinuedOperationBeforeIncomeTax,"Discontinued Operation, Income (Loss) from Discontinued Operation, before Income Tax",USD,2022-04-01,2022-06-30,-262000000.0,-2000000.0,-260000000.0,130.0,131.0,10-Q,2023-08-04,105,review
C,DiscontinuedOperationIncomeLossFromDiscontinuedOperationBeforeIncomeTax,"Discontinued Operation, Income (Loss) from Discontinued Operation, before Income Tax",USD,2023-01-01,2023-03-31,-1000000.0,-272000000.0,271000000.0,-0.9963235294117647,0.003676470588235294,10-Q,2024-05-03,105,review
C,DiscontinuedOperationIncomeLossFromDiscontinuedOperationDuringPhaseOutPeriodNetOfTax,"Discontinued Operation, Income (Loss) from Discontinued Operation During Phase-out Period, Net of Tax",USD,2023-01-01,2023-12-31,-1000000.0,-231000000.0,230000000.0,-0.9956709956709957,0.004329004329004329,10-K,2026-02-20,51,review
C,DisposalGroupIncludingDiscontinuedOperationGrossProfitLoss,"Disposal Group, Including Discontinued Operation, Gross Profit (Loss)",USD,2012-01-01,2012-03-31,1000000.0,1374000000.0,-1373000000.0,-0.9992721979621543,0.000727802037845706,10-Q,2013-05-03,75,high_priority
C,DisposalGroupIncludingDiscontinuedOperationGrossProfitLoss,"Disposal Group, Including Discontinued Operation, Gross Profit (Loss)",USD,2012-04-01,2012-06-30,255000000.0,1000000.0,254000000.0,254.0,255.0,10-Q,2013-08-02,75,review
C,DisposalGroupIncludingDiscontinuedOperationRevenue,"Disposal Group, Including Discontinued Operation, Revenue",USD,2012-01-01,2012-03-31,1000000.0,352000000.0,-351000000.0,-0.9971590909090909,0.002840909090909091,10-Q,2012-05-04,22,review
C,DividendsPreferredStock,"Dividends, Preferred Stock",USD,2010-01-01,2010-12-31,9000000.0,-2988000000.0,2997000000.0,-1.0030120481927711,0.0030120481927710845,10-K,2013-03-01,92,review
C,EffectiveIncomeTaxRateContinuingOperations,"Effective Income Tax Rate Reconciliation, Percent",pure,2012-01-01,2012-12-31,0.001,0.243,-0.242,-0.9958847736625515,0.00411522633744856,10-K,2015-02-25,18,review
C,EffectiveIncomeTaxRateContinuingOperations,"Effective Income Tax Rate Reconciliation, Percent",pure,2013-01-01,2013-12-31,0.312,0.001,0.311,311.0,312.0,10-K,2016-02-26,18,review
C,EffectiveIncomeTaxRateReconciliationChangeInEnactedTaxRate,"Effective Income Tax Rate Reconciliation, Change in Enacted Tax Rate, Percent",pure,2018-01-01,2018-12-31,-0.006,0.997,-1.003,-1.0060180541624875,0.006018054162487463,10-K,2021-02-26,11,review
C,FairValueMeasurementWithUnobservableInputsReconciliationRecurringBasisAssetValue,"Fair Value, Measurement with Unobservable Inputs Reconciliation, Recurring Basis, Asset Value",USD,,2014-09-30,7000000.0,25931000000.0,-25924000000.0,-0.999730052832517,0.0002699471674829355,10-Q,2014-10-30,3,review
C,FairValueOptionCreditRiskGainsLossesOnLiabilities,"Fair Value, Option, Credit Risk, Gains (Losses) on Liabilities (Deprecated 2018-01-31)",USD,2010-01-01,2010-03-31,-6000000.0,-4226000000.0,4220000000.0,-0.9985802176999526,0.001419782300047326,10-Q,2011-05-05,54,review
C,FederalHomeLoanBankAdvancesMaturitiesSummaryDueWithinOneYearOfBalanceSheetDate,"Federal Home Loan Bank, Advance, Maturity, Year One",USD,,2015-09-30,1900000.0,1000000000.0,-998100000.0,-0.9981,0.0019,10-Q,2015-10-30,46,review
C,FederalHomeLoanBankAdvancesMaturitiesSummaryDueWithinOneYearOfBalanceSheetDate,"Federal Home Loan Bank, Advance, Maturity, Year One",USD,,2016-09-30,10000000000.0,29000000.0,9971000000.0,343.82758620689657,344.82758620689657,10-Q,2016-10-31,46,review
C,FederalHomeLoanBankAdvancesMaturitiesSummaryDueWithinOneYearOfBalanceSheetDate,"Federal Home Loan Bank, Advance, Maturity, Year One",USD,,2021-09-30,1000000.0,2000000000.0,-1999000000.0,-0.9995,0.0005,10-Q,2021-11-08,46,high_priority
C,FinancingReceivableAllowanceForCreditLosses,"Financing Receivable, Allowance for Credit Loss",USD,,2017-12-31,12355000000.0,5000000.0,12350000000.0,2470.0,2471.0,10-K,2021-02-26,33,high_priority
C,FinancingReceivableAllowanceForCreditLosses,"Financing Receivable, Allowance for Credit Loss",USD,,2018-03-31,4000000.0,12355000000.0,-12351000000.0,-0.9996762444354512,0.0003237555645487657,10-Q,2018-05-01,33,high_priority
C,FinancingReceivableAllowanceForCreditLosses,"Financing Receivable, Allowance for Credit Loss",USD,,2018-12-31,12315000000.0,2000000.0,12313000000.0,6156.5,6157.5,10-K,2022-02-28,33,high_priority
C,FinancingReceivableAllowanceForCreditLossesRecovery,"Financing Receivable, Allowance for Credit Loss, Recovery",USD,2018-01-01,2018-12-31,1552000000.0,-15000000.0,1567000000.0,-104.46666666666667,103.46666666666667,10-K,2021-02-26,31,review
C,FinancingReceivableAllowanceForCreditLossesWriteOffs,"Financing Receivable, Allowance for Credit Loss, Writeoff",USD,2018-01-01,2018-12-31,8665000000.0,9000000.0,8656000000.0,961.7777777777778,962.7777777777778,10-K,2021-02-26,33,review
C,GoodwillForeignCurrencyTranslationGainLoss,"Goodwill, Foreign Currency Translation Gain (Loss)",USD,2017-01-01,2017-12-31,729000000.0,-4000000.0,733000000.0,-183.25,182.25,10-K,2020-02-21,42,review
C,GoodwillForeignCurrencyTranslationGainLoss,"Goodwill, Foreign Currency Translation Gain (Loss)",USD,2024-07-01,2024-09-30,3000000.0,-338000000.0,341000000.0,-1.0088757396449703,0.008875739644970414,10-Q,2024-11-07,42,review
C,GoodwillForeignCurrencyTranslationGainLoss,"Goodwill, Foreign Currency Translation Gain (Loss)",USD,2024-01-01,2024-12-31,-782000000.0,3000000.0,-785000000.0,-261.6666666666667,260.6666666666667,10-K,2026-02-20,42,review
C,GoodwillTranslationAdjustments,"Goodwill, Translation Adjustments (Deprecated 2016-01-31)",USD,2014-01-01,2014-03-31,1000000.0,-577000000.0,578000000.0,-1.001733102253033,0.0017331022530329288,10-Q,2014-10-30,16,review
C,GoodwillTranslationAdjustments,"Goodwill, Translation Adjustments (Deprecated 2016-01-31)",USD,2014-04-01,2014-06-30,208000000.0,1000000.0,207000000.0,207.0,208.0,10-Q,2014-10-30,16,review
C,GoodwillTranslationAndPurchaseAccountingAdjustments,"Goodwill, Translation and Purchase Accounting Adjustments",USD,2014-01-01,2014-03-31,1000000.0,220000000.0,-219000000.0,-0.9954545454545455,0.004545454545454545,10-Q,2014-05-02,4,review
C,GoodwillWrittenOffRelatedToSaleOfBusinessUnit,"Goodwill, Written off Related to Sale of Business Unit",USD,2014-07-01,2014-09-30,1000000.0,129000000.0,-128000000.0,-0.9922480620155039,0.007751937984496124,10-Q,2014-10-30,24,review
C,GoodwillWrittenOffRelatedToSaleOfBusinessUnit,"Goodwill, Written off Related to Sale of Business Unit",USD,2014-01-01,2014-12-31,203000000.0,1000000.0,202000000.0,202.0,203.0,10-K,2015-02-25,24,review
C,GuaranteeObligationsCurrentCarryingValue,"Guarantor Obligations, Current Carrying Value",USD,,2011-06-30,1115800000000.0,1094700000.0,1114705300000.0,1018.2746871288938,1019.2746871288938,10-Q,2011-08-05,64,high_priority
C,GuaranteeObligationsCurrentCarryingValue,"Guarantor Obligations, Current Carrying Value",USD,,2011-09-30,2946100000.0,1115800000000.0,-1112853900000.0,-0.9973596522674314,0.002640347732568561,10-Q,2011-11-04,64,review
C,IncomeLossFromDiscontinuedOperationsNetOfTax,"Income (Loss) from Discontinued Operations, Net of Tax, Including Portion Attributable to Noncontrolling Interest",USD,2011-07-01,2011-09-30,1000000.0,112000000.0,-111000000.0,-0.9910714285714286,0.008928571428571428,10-K,2013-03-01,118,review
C,IncomeLossFromDiscontinuedOperationsNetOfTax,"Income (Loss) from Discontinued Operations, Net of Tax, Including Portion Attributable to Noncontrolling Interest",USD,2022-01-01,2022-06-30,-223000000.0,-2000000.0,-221000000.0,110.5,111.5,10-Q,2023-08-04,118,review
C,IncomeLossFromDiscontinuedOperationsNetOfTax,"Income (Loss) from Discontinued Operations, Net of Tax, Including Portion Attributable to Noncontrolling Interest",USD,2023-01-01,2023-03-31,-1000000.0,-231000000.0,230000000.0,-0.9956709956709957,0.004329004329004329,10-Q,2024-05-03,118,review
C,IncomeTaxExpenseBenefit,Income Tax Expense (Benefit),USD,2013-01-01,2013-03-31,1570000000.0,7000000.0,1563000000.0,223.28571428571428,224.28571428571428,10-K,2015-02-25,119,review
C,IncreaseDecreaseInDeposits,Increase (Decrease) in Deposits,USD,2015-01-01,2015-03-31,315000000.0,-48336000000.0,48651000000.0,-1.0065168818272094,0.006516881827209533,10-Q,2016-05-02,71,review
C,IncreaseDecreaseInFederalFundsPurchasedAndSecuritiesSoldUnderAgreementsToRepurchaseNet,"Increase (Decrease) in Federal Funds Purchased and Securities Sold under Agreements to Repurchase, Net",USD,2024-01-01,2024-09-30,270000000.0,27099000000.0,-26829000000.0,-0.9900365327133842,0.009963467286615742,10-Q,2025-11-06,71,review
C,IncreaseDecreaseInOtherOperatingAssets,Increase (Decrease) in Other Operating Assets,USD,2014-01-01,2014-09-30,-19000000.0,2830000000.0,-2849000000.0,-1.0067137809187279,0.006713780918727915,10-Q,2015-10-30,61,review
C,IncreaseDecreaseInOtherOperatingAssets,Increase (Decrease) in Other Operating Assets,USD,2016-01-01,2016-03-31,3327000000.0,32000000.0,3295000000.0,102.96875,103.96875,10-Q,2017-05-01,61,review
C,IncreaseDecreaseInTradingLiabilities,Increase (Decrease) in Trading Liabilities,USD,2023-01-01,2023-06-30,17000000.0,14363000000.0,-14346000000.0,-0.9988164032583722,0.0011835967416277935,10-Q,2024-08-02,71,review
C,IncreaseDecreaseInTradingLiabilities,Increase (Decrease) in Trading Liabilities,USD,2023-01-01,2023-09-30,-6023000000.0,17000000.0,-6040000000.0,-355.29411764705884,354.29411764705884,10-Q,2024-11-07,71,review
C,IncreaseDecreaseInTradingSecurities,"Increase (Decrease) in Debt Securities, Trading, and Equity Securities, FV-NI",USD,2017-01-01,2017-03-31,-30000000.0,3092000000.0,-3122000000.0,-1.0097024579560154,0.009702457956015523,10-Q,2018-05-01,71,review
C,IncreaseDecreaseInTradingSecurities,"Increase (Decrease) in Debt Securities, Trading, and Equity Securities, FV-NI",USD,2017-01-01,2017-06-30,14741000000.0,-30000000.0,14771000000.0,-492.3666666666667,491.3666666666667,10-Q,2018-07-31,71,review
C,LiabilitiesOfDisposalGroupIncludingDiscontinuedOperation,"Disposal Group, Including Discontinued Operation, Liabilities",USD,,2011-03-31,39000000.0,29874000000.0,-29835000000.0,-0.9986945169712794,0.0013054830287206266,10-Q,2011-05-05,9,review
C,NetCashProvidedByUsedInDiscontinuedOperations,Net Cash Provided by (Used in) Discontinued Operations,USD,2012-01-01,2012-12-31,6000000.0,2653000000.0,-2647000000.0,-0.997738409347908,0.0022615906520919715,10-K,2015-02-25,23,review
C,NotesReceivableNet,"Financing Receivable, after Allowance for Credit Loss",USD,,2019-12-31,686700000000.0,421000000.0,686279000000.0,1630.1163895486936,1631.1163895486936,10-K,2021-02-26,14,high_priority
C,OffBalanceSheetCreditLossLiabilityCreditLossExpenseReversal,"Off-Balance Sheet, Credit Loss, Liability, Credit Loss Expense (Reversal)",USD,2024-01-01,2024-09-30,-1000000.0,105000000.0,-106000000.0,-1.0095238095238095,0.009523809523809525,10-Q,2025-11-06,43,review
C,OffBalanceSheetCreditLossLiabilityCreditLossExpenseReversal,"Off-Balance Sheet, Credit Loss, Liability, Credit Loss Expense (Reversal)",USD,2024-01-01,2024-12-31,-119000000.0,-1000000.0,-118000000.0,118.0,119.0,10-K,2026-02-20,43,review
C,OtherComprehensiveIncomeAvailableforsaleSecuritiesAdjustmentBeforeTaxPortionAttributableToParent,"Other Comprehensive Income (Loss), Available-for-sale Securities Adjustment, before Tax, Portion Attributable to Parent",USD,2013-07-01,2013-09-30,-20000000.0,-3013000000.0,2993000000.0,-0.9933620975771656,0.006637902422834384,10-Q,2014-10-30,30,review
C,OtherComprehensiveIncomeAvailableforsaleSecuritiesAdjustmentBeforeTaxPortionAttributableToParent,"Other Comprehensive Income (Loss), Available-for-sale Securities Adjustment, before Tax, Portion Attributable to Parent",USD,2013-01-01,2013-12-31,-3537000000.0,-20000000.0,-3517000000.0,175.85,176.85,10-K,2016-02-26,30,review
C,OtherComprehensiveIncomeAvailableforsaleSecuritiesAdjustmentNetOfTaxPortionAttributableToParent,"Other Comprehensive Income (Loss), Available-for-sale Securities Adjustment, Net of Tax, Portion Attributable to Parent",USD,2013-07-01,2013-09-30,-8000000.0,-1906000000.0,1898000000.0,-0.9958027282266527,0.004197271773347324,10-Q,2014-10-30,91,review
C,OtherComprehensiveIncomeAvailableforsaleSecuritiesAdjustmentNetOfTaxPortionAttributableToParent,"Other Comprehensive Income (Loss), Available-for-sale Securities Adjustment, Net of Tax, Portion Attributable to Parent",USD,2013-01-01,2013-12-31,-2237000000.0,-8000000.0,-2229000000.0,278.625,279.625,10-K,2016-02-26,91,review
C,OtherComprehensiveIncomeAvailableforsaleSecuritiesTaxPortionAttributableToParent,"Other Comprehensive Income (Loss), Available-for-sale Securities, Tax, Portion Attributable to Parent",USD,2013-01-01,2013-12-31,-1300000000.0,-12000000.0,-1288000000.0,107.33333333333333,108.33333333333333,10-K,2016-02-26,30,review
C,OtherComprehensiveIncomeDefinedBenefitPlansAdjustmentNetOfTaxPortionAttributableToParent,"Other Comprehensive (Income) Loss, Defined Benefit Plan, after Tax and Reclassification Adjustment, Attributable to Parent",USD,2012-01-01,2012-12-31,988000000.0,7000000.0,981000000.0,140.14285714285714,141.14285714285714,10-K,2015-02-25,91,review
C,OtherComprehensiveIncomeForeignCurrencyTransactionAndTranslationAdjustmentNetOfTaxPortionAttributableToParent,"Other Comprehensive Income (Loss), Foreign Currency Transaction and Translation Adjustment, Net of Tax, Portion Attributable to Parent",USD,2014-07-01,2014-09-30,-1721000000.0,17000000.0,-1738000000.0,-102.23529411764706,101.23529411764706,10-Q,2015-10-30,91,review
C,OtherComprehensiveIncomeForeignCurrencyTransactionAndTranslationAdjustmentNetOfTaxPortionAttributableToParent,"Other Comprehensive Income (Loss), Foreign Currency Transaction and Translation Adjustment, Net of Tax, Portion Attributable to Parent",USD,2022-01-01,2022-03-31,-14000000.0,-2525000000.0,2511000000.0,-0.9944554455445545,0.005544554455445544,10-Q,2023-05-05,91,review
C,OtherComprehensiveIncomeForeignCurrencyTransactionAndTranslationAdjustmentNetOfTaxPortionAttributableToParent,"Other Comprehensive Income (Loss), Foreign Currency Transaction and Translation Adjustment, Net of Tax, Portion Attributable to Parent",USD,2022-01-01,2022-06-30,-1644000000.0,-14000000.0,-1630000000.0,116.42857142857143,117.42857142857143,10-Q,2023-08-04,91,review
C,OtherComprehensiveIncomeLossBeforeTax,"Other Comprehensive Income (Loss), before Tax",USD,2017-01-01,2017-12-31,4000000.0,-3569000000.0,3573000000.0,-1.0011207621182403,0.0011207621182404036,10-K,2020-02-21,5,review
C,OtherComprehensiveIncomeLossBeforeTax,"Other Comprehensive Income (Loss), before Tax",USD,2018-01-01,2018-12-31,-2850000000.0,4000000.0,-2854000000.0,-713.5,712.5,10-K,2020-02-21,5,review
C,OtherComprehensiveIncomeLossCashFlowHedgeGainLossAfterReclassificationAndTaxParent,"Other Comprehensive Income (Loss), Cash Flow Hedge, Gain (Loss), after Reclassification and Tax, Parent",USD,2025-01-01,2025-03-31,7000000.0,1186000000.0,-1179000000.0,-0.9940978077571669,0.005902192242833052,10-Q,2025-05-08,50,review
C,OtherComprehensiveIncomeLossCashFlowHedgeGainLossBeforeReclassificationAndTax,"Other Comprehensive Income (Loss), Cash Flow Hedge, Gain (Loss), before Reclassification and Tax",USD,2021-07-01,2021-09-30,3000000.0,-413000000.0,416000000.0,-1.0072639225181599,0.007263922518159807,10-Q,2022-11-04,40,review
C,OtherComprehensiveIncomeLossCashFlowHedgeGainLossBeforeReclassificationAndTax,"Other Comprehensive Income (Loss), Cash Flow Hedge, Gain (Loss), before Reclassification and Tax",USD,2022-01-01,2022-03-31,-1737000000.0,3000000.0,-1740000000.0,-580.0,579.0,10-Q,2023-05-05,40,review
C,OtherComprehensiveIncomeLossCashFlowHedgeGainLossBeforeReclassificationAndTax,"Other Comprehensive Income (Loss), Cash Flow Hedge, Gain (Loss), before Reclassification and Tax",USD,2023-01-01,2023-03-31,9000000.0,-3592000000.0,3601000000.0,-1.0025055679287305,0.0025055679287305124,10-Q,2024-05-03,40,review
C,OtherComprehensiveIncomeLossFinancialLiabilityFairValueOptionReclassificationAdjustmentFromAociForDerecognitionAfterTax,"Other Comprehensive Income (Loss), Financial Liability, Fair Value Option, Reclassification Adjustment from AOCI for Derecognition, after Tax",USD,2019-04-01,2019-06-30,3000000.0,-722000000.0,725000000.0,-1.0041551246537397,0.004155124653739612,10-Q,2020-08-05,53,review
C,OtherComprehensiveIncomeLossFinancialLiabilityFairValueOptionReclassificationAdjustmentFromAociForDerecognitionAfterTax,"Other Comprehensive Income (Loss), Financial Liability, Fair Value Option, Reclassification Adjustment from AOCI for Derecognition, after Tax",USD,2019-01-01,2019-09-30,-449000000.0,3000000.0,-452000000.0,-150.66666666666666,149.66666666666666,10-Q,2020-11-04,53,review
C,OtherComprehensiveIncomeLossNetOfTaxPortionAttributableToParent,"Other Comprehensive Income (Loss), Net of Tax, Portion Attributable to Parent",USD,2014-01-01,2014-03-31,-13000000.0,-2237000000.0,2224000000.0,-0.994188645507376,0.00581135449262405,10-Q,2015-05-11,91,review
C,OtherComprehensiveIncomeLossNetOfTaxPortionAttributableToParent,"Other Comprehensive Income (Loss), Net of Tax, Portion Attributable to Parent",USD,2017-01-01,2017-09-30,1986000000.0,8000000.0,1978000000.0,247.25,248.25,10-Q,2018-10-30,91,review
C,OtherNonoperatingIncomeExpense,Other Nonoperating Income (Expense),USD,2019-07-01,2019-09-30,-2000000.0,847000000.0,-849000000.0,-1.0023612750885478,0.0023612750885478157,10-Q,2020-11-04,88,review
C,OtherNonoperatingIncomeExpense,Other Nonoperating Income (Expense),USD,2019-01-01,2019-09-30,845000000.0,-2000000.0,847000000.0,-423.5,422.5,10-Q,2020-11-04,88,review
C,PaymentsForProceedsFromOtherInvestingActivities,Payments for (Proceeds from) Other Investing Activities,USD,2021-01-01,2021-03-31,-7000000.0,-793000000.0,786000000.0,-0.9911727616645649,0.008827238335435058,10-Q,2022-05-09,61,review
C,PaymentsOfDividends,Payments of Dividends,USD,2010-01-01,2010-12-31,9000000.0,3237000000.0,-3228000000.0,-0.9972196478220574,0.0027803521779425394,10-K,2013-03-01,68,review
C,PreferredStockDividends,Preferred Stock Dividends (Deprecated 2011-01-31),USD,2010-01-01,2010-12-31,9000000.0,2988000000.0,-2979000000.0,-0.9969879518072289,0.0030120481927710845,10-K,2011-02-25,12,review
C,PreferredStockValue,"Preferred Stock, Value, Issued",USD,,2009-09-30,312000000.0,70664000000.0,-70352000000.0,-0.9955847390467565,0.004415260953243519,10-Q,2009-11-06,67,review
C,ProceedsFromRepaymentsOfShortTermDebt,Proceeds from (Repayments of) Short-term Debt,USD,2016-01-01,2016-03-31,-186000000.0,-37256000000.0,37070000000.0,-0.9950075155679622,0.004992484432037793,10-Q,2017-05-01,46,review
C,ProceedsFromSaleOfLoansAndLeasesHeldForInvestment,Proceeds from Sale of Loans and Leases Held-for-investment,USD,2010-01-01,2010-03-31,1252000000.0,241367000000.0,-240115000000.0,-0.9948128783139368,0.005187121686063132,10-Q,2011-05-05,71,review
C,ProceedsFromSaleOfProductiveAssets,Proceeds from Sale of Productive Assets,USD,2020-01-01,2020-03-31,2000000.0,259000000.0,-257000000.0,-0.9922779922779923,0.007722007722007722,10-Q,2021-05-06,71,review
C,RestructuringCharges,Restructuring Charges,USD,2008-07-01,2008-09-30,8000000.0,1528000000.0,-1520000000.0,-0.9947643979057592,0.005235602094240838,10-Q,2009-11-06,41,review
C,RestructuringCharges,Restructuring Charges,USD,2009-01-01,2009-03-31,-13000000.0,1550000000.0,-1563000000.0,-1.0083870967741935,0.008387096774193548,10-Q,2010-05-07,41,review
C,RestructuringCharges,Restructuring Charges,USD,2010-01-01,2010-12-31,507000000.0,-3000000.0,510000000.0,-170.0,169.0,10-K,2013-03-01,41,review
C,RestructuringCharges,Restructuring Charges,USD,2023-10-01,2024-12-31,1040000000.0,9000000.0,1031000000.0,114.55555555555556,115.55555555555556,10-K,2025-02-21,41,review
C,RestructuringCharges,Restructuring Charges,USD,2023-10-01,2025-12-31,1026000000.0,-10000000.0,1036000000.0,-103.6,102.6,10-K,2026-02-20,41,review
C,ShareBasedCompensationArrangementByShareBasedPaymentAwardFairValueAssumptionsExpectedDividendRate,"Share-based Compensation Arrangement by Share-based Payment Award, Fair Value Assumptions, Expected Dividend Rate",pure,2009-01-01,2009-12-31,0.0002,0.0453,-0.0451,-0.9955849889624724,0.004415011037527594,10-K,2012-02-24,4,review
C,UnrecognizedTaxBenefitsIncomeTaxPenaltiesAndInterestExpense,"Unrecognized Tax Benefits, Income Tax Penalties and Interest Expense",USD,2014-01-01,2014-12-31,1000000.0,108000000.0,-107000000.0,-0.9907407407407407,0.009259259259259259,10-K,2017-02-24,18,review
CAT,AccumulatedOtherComprehensiveIncomeLossDefinedBenefitPensionAndOtherPostretirementPlansNetOfTax,"Accumulated Other Comprehensive (Income) Loss, Defined Benefit Plan, after Tax",USD,,2017-12-31,46000000.0,6914000000.0,-6868000000.0,-0.9933468325137402,0.006653167486259763,10-K,2021-02-17,31,review
CAT,AcquiredFiniteLivedIntangibleAssetAmount,"Acquired Finite-lived Intangible Asset, Amount (Deprecated 2013-01-31)",USD,,2012-03-31,8000000.0,4167000000.0,-4159000000.0,-0.998080153587713,0.001919846412287017,10-Q,2012-05-07,7,review
CAT,BusinessAcquisitionPurchasePriceAllocationGoodwillAmount,"Business Acquisition, Purchase Price Allocation, Goodwill Amount (Deprecated 2013-01-31)",USD,,2012-03-31,16000000.0,5026000000.0,-5010000000.0,-0.996816553919618,0.0031834460803820135,10-Q,2012-05-07,2,review
CAT,CashAndCashEquivalentsPeriodIncreaseDecrease,"Cash and Cash Equivalents, Period Increase (Decrease)",USD,2014-01-01,2014-09-30,1000000.0,1846000000.0,-1845000000.0,-0.9994582881906826,0.0005417118093174431,10-Q,2015-10-30,48,high_priority
CAT,CashAndCashEquivalentsPeriodIncreaseDecrease,"Cash and Cash Equivalents, Period Increase (Decrease)",USD,2014-01-01,2014-12-31,1260000000.0,1000000.0,1259000000.0,1259.0,1260.0,10-K,2017-02-15,48,high_priority
CAT,DeferredFederalIncomeTaxExpenseBenefit,Deferred Federal Income Tax Expense (Benefit),USD,2008-12-31,2009-12-31,1000000.0,-335000000.0,336000000.0,-1.0029850746268656,0.0029850746268656717,10-K,2011-02-22,20,review
CAT,DeferredFederalIncomeTaxExpenseBenefit,Deferred Federal Income Tax Expense (Benefit),USD,2009-12-31,2010-12-31,103000000.0,1000000.0,102000000.0,102.0,103.0,10-K,2011-02-22,20,review
CAT,DeferredFederalIncomeTaxExpenseBenefit,Deferred Federal Income Tax Expense (Benefit),USD,2012-01-01,2012-12-31,332000000.0,2000000.0,330000000.0,165.0,166.0,10-K,2015-02-17,20,review
CAT,DividendsCommonStockCash,"Dividends, Common Stock, Cash",USD,2014-01-01,2014-03-31,1000000.0,1493000000.0,-1492000000.0,-0.999330207635633,0.0006697923643670462,10-Q,2015-05-01,65,high_priority
CAT,DividendsCommonStockCash,"Dividends, Common Stock, Cash",USD,2014-01-01,2014-06-30,814000000.0,1000000.0,813000000.0,813.0,814.0,10-Q,2015-07-31,65,review
CAT,DividendsCommonStockCash,"Dividends, Common Stock, Cash",USD,2018-01-01,2018-03-31,1000000.0,1845000000.0,-1844000000.0,-0.9994579945799458,0.0005420054200542005,10-Q,2019-05-06,65,high_priority
CAT,DividendsCommonStockCash,"Dividends, Common Stock, Cash",USD,2018-04-01,2018-06-30,979000000.0,1000000.0,978000000.0,978.0,979.0,10-Q,2019-08-01,65,review
CAT,DividendsCommonStockCash,"Dividends, Common Stock, Cash",USD,2021-07-01,2021-09-30,1000000.0,1176000000.0,-1175000000.0,-0.9991496598639455,0.0008503401360544217,10-Q,2022-11-02,65,high_priority
CAT,DividendsCommonStockCash,"Dividends, Common Stock, Cash",USD,2021-01-01,2021-09-30,1175000000.0,1000000.0,1174000000.0,1174.0,1175.0,10-Q,2022-11-02,65,high_priority
CAT,DividendsCommonStockCash,"Dividends, Common Stock, Cash",USD,2022-01-01,2022-03-31,1000000.0,2374000000.0,-2373000000.0,-0.9995787700084247,0.00042122999157540015,10-Q,2023-05-03,65,high_priority
CAT,DividendsCommonStockCash,"Dividends, Common Stock, Cash",USD,2022-04-01,2022-06-30,1230000000.0,1000000.0,1229000000.0,1229.0,1230.0,10-Q,2023-08-02,65,high_priority
CAT,EffectOfExchangeRateOnCashCashEquivalentsRestrictedCashAndRestrictedCashEquivalents,"Effect of Exchange Rate on Cash, Cash Equivalents, Restricted Cash and Restricted Cash Equivalents",USD,2023-01-01,2023-03-31,-1000000.0,-194000000.0,193000000.0,-0.9948453608247423,0.005154639175257732,10-Q,2024-05-01,31,review
CAT,GainLossOnDerivativeInstrumentsNetPretax,"Gain (Loss) on Derivative Instruments, Net, Pretax",USD,2023-01-01,2023-12-31,-113000000.0,-1000000.0,-112000000.0,112.0,113.0,10-K,2026-02-13,21,review
CAT,GoodwillAcquiredDuringPeriod,"Goodwill, Acquired During Period",USD,2012-01-01,2012-03-31,16000000.0,5026000000.0,-5010000000.0,-0.996816553919618,0.0031834460803820135,10-Q,2012-05-07,40,review
CAT,IncreaseDecreaseInAccruedLiabilities,Increase (Decrease) in Accrued Liabilities,USD,2016-01-01,2016-09-30,-153000000.0,1000000.0,-154000000.0,-154.0,153.0,10-Q,2017-11-01,73,review
CAT,IncreaseDecreaseInReceivables,Increase (Decrease) in Receivables,USD,2011-01-01,2011-03-31,17000000.0,2320000000.0,-2303000000.0,-0.9926724137931034,0.007327586206896552,10-Q,2012-05-07,74,review
CAT,OtherComprehensiveIncomeDefinedBenefitPlanNetPriorServiceCostsArisingDuringPeriodTax,"Other Comprehensive Income (Loss), Pension and Other Postretirement Benefit Plans, Net Prior Service Costs Arising During Period ,Tax (Deprecated 2011-01-31)",USD,2010-01-01,2010-09-30,-1000000.0,249000000.0,-250000000.0,-1.0040160642570282,0.004016064257028112,10-Q,2010-11-04,5,review
CAT,OtherComprehensiveIncomeDefinedBenefitPlanNetPriorServiceCostsCreditArisingDuringPeriodNetOfTax,"Other Comprehensive (Income) Loss, Defined Benefit Plan, Prior Service Cost (Credit), after Tax",USD,2010-01-01,2010-09-30,1000000.0,-300000000.0,301000000.0,-1.0033333333333334,0.0033333333333333335,10-Q,2011-11-04,76,review
CAT,OtherComprehensiveIncomeDefinedBenefitPlanNetPriorServiceCostsCreditArisingDuringPeriodNetOfTax,"Other Comprehensive (Income) Loss, Defined Benefit Plan, Prior Service Cost (Credit), after Tax",USD,2016-04-01,2016-06-30,1000000.0,-118000000.0,119000000.0,-1.0084745762711864,0.00847457627118644,10-Q,2017-08-02,76,review
CAT,OtherComprehensiveIncomeDefinedBenefitPlanNetPriorServiceCostsCreditArisingDuringPeriodNetOfTax,"Other Comprehensive (Income) Loss, Defined Benefit Plan, Prior Service Cost (Credit), after Tax",USD,2016-01-01,2016-06-30,-117000000.0,1000000.0,-118000000.0,-118.0,117.0,10-Q,2017-08-02,76,review
CAT,OtherComprehensiveIncomeDefinedBenefitPlansNetUnamortizedGainLossArisingDuringPeriodNetOfTax,"Other Comprehensive Income (Loss), Defined Benefit Plan, Gain (Loss) Arising During Period, after Tax",USD,2012-01-01,2012-03-31,10000000.0,-2364000000.0,2374000000.0,-1.0042301184433164,0.004230118443316413,10-Q,2013-05-02,43,review
CAT,OtherComprehensiveIncomeDefinedBenefitPlansNetUnamortizedGainLossArisingDuringPeriodTax,"Other Comprehensive Income (Loss), Defined Benefit Plan, Gain (Loss) Arising During Period, Tax",USD,2012-01-01,2012-03-31,6000000.0,-1276000000.0,1282000000.0,-1.0047021943573669,0.004702194357366771,10-Q,2013-05-02,57,review
CAT,OtherComprehensiveIncomeDefinedBenefitPlansNetUnamortizedGainLossArisingDuringPeriodTax,"Other Comprehensive Income (Loss), Defined Benefit Plan, Gain (Loss) Arising During Period, Tax",USD,2014-01-01,2014-12-31,-838000000.0,2000000.0,-840000000.0,-420.0,419.0,10-K,2016-02-16,57,review
CAT,OtherComprehensiveIncomeLossBeforeReclassificationsNetOfTax,"Other Comprehensive Income (Loss), before Reclassifications, Net of Tax",USD,2019-01-01,2019-03-31,3000000.0,-354000000.0,357000000.0,-1.0084745762711864,0.00847457627118644,10-Q,2019-05-06,37,review
CAT,OtherComprehensiveIncomeLossNetOfTax,"Other Comprehensive Income (Loss), Net of Tax",USD,2016-01-01,2016-12-31,-4000000.0,508000000.0,-512000000.0,-1.0078740157480315,0.007874015748031496,10-K,2019-02-14,91,review
CAT,OtherComprehensiveIncomeLossPensionAndOtherPostretirementBenefitPlansBenefitPlanImprovementTaxEffect,"Other Comprehensive (Income) Loss, Defined Benefit Plan, Prior Service Cost (Credit), Tax",USD,2010-01-01,2010-09-30,1000000.0,249000000.0,-248000000.0,-0.9959839357429718,0.004016064257028112,10-Q,2011-11-04,75,review
CAT,OtherNonoperatingIncomeExpense,Other Nonoperating Income (Expense),USD,2010-07-01,2010-09-30,1000000.0,113000000.0,-112000000.0,-0.9911504424778761,0.008849557522123894,10-Q,2011-11-04,109,review
CAT,OtherNonoperatingIncomeExpense,Other Nonoperating Income (Expense),USD,2010-01-01,2010-09-30,114000000.0,1000000.0,113000000.0,113.0,114.0,10-Q,2011-11-04,109,review
CAT,PaymentsForProceedsFromBusinessesAndInterestInAffiliates,Payments for (Proceeds from) Businesses and Interest in Affiliates,USD,2011-01-01,2011-03-31,8000000.0,1126000000.0,-1118000000.0,-0.9928952042628775,0.007104795737122558,10-Q,2012-05-07,19,review
CAT,PaymentsForProceedsFromBusinessesAndInterestInAffiliates,Payments for (Proceeds from) Businesses and Interest in Affiliates,USD,2011-01-01,2011-09-30,7413000000.0,68000000.0,7345000000.0,108.01470588235294,109.01470588235294,10-Q,2012-11-02,19,review
CAT,PaymentsForProceedsFromBusinessesAndInterestInAffiliates,Payments for (Proceeds from) Businesses and Interest in Affiliates,USD,2012-01-01,2012-03-31,63000000.0,8184000000.0,-8121000000.0,-0.9923020527859238,0.0076979472140762464,10-Q,2012-05-07,19,review
CAT,PaymentsToAcquireBusinessesNetOfCashAcquired,"Payments to Acquire Businesses, Net of Cash Acquired",USD,2012-01-01,2012-03-31,63000000.0,8184000000.0,-8121000000.0,-0.9923020527859238,0.0076979472140762464,10-Q,2013-05-02,60,review
CAT,PaymentsToAcquireBusinessesNetOfCashAcquired,"Payments to Acquire Businesses, Net of Cash Acquired",USD,2019-01-01,2019-03-31,2000000.0,392000000.0,-390000000.0,-0.9948979591836735,0.00510204081632653,10-Q,2020-05-06,60,review
CAT,RestructuringCharges,Restructuring Charges,USD,2024-01-01,2024-03-31,-6000000.0,780000000.0,-786000000.0,-1.0076923076923077,0.007692307692307693,10-Q,2025-05-07,84,review
CAT,RestructuringCosts,Restructuring Costs,USD,2024-01-01,2024-03-31,-6000000.0,780000000.0,-786000000.0,-1.0076923076923077,0.007692307692307693,10-Q,2025-05-07,17,review
CAT,TangibleAssetImpairmentCharges,Tangible Asset Impairment Charges,USD,2015-01-01,2015-12-31,127000000.0,1000000.0,126000000.0,126.0,127.0,10-K,2016-02-16,13,review
COP,AdjustmentsNoncashItemsToReconcileNetIncomeLossToCashProvidedByUsedInOperatingActivitiesOther,"Adjustments, Noncash Items, to Reconcile Net Income (Loss) to Cash Provided by (Used in) Operating Activities, Other (Deprecated 2011-01-31)",USD,2009-01-01,2009-03-31,-2000000.0,-1135000000.0,1133000000.0,-0.9982378854625551,0.001762114537444934,10-Q,2010-05-04,13,review
COP,AssetImpairmentCharges,Asset Impairment Charges,USD,2008-01-01,2008-06-30,25000000.0,5030000000.0,-5005000000.0,-0.9950298210735586,0.004970178926441352,10-Q,2009-08-04,110,review
COP,AssetImpairmentCharges,Asset Impairment Charges,USD,2008-01-01,2008-12-31,34625000000.0,82000000.0,34543000000.0,421.2560975609756,422.2560975609756,10-K,2011-02-23,110,review
COP,AssetImpairmentCharges,Asset Impairment Charges,USD,2009-01-01,2009-03-31,3000000.0,34625000000.0,-34622000000.0,-0.9999133574007221,8.664259927797834e-05,10-Q,2010-05-04,110,high_priority
COP,AssetImpairmentCharges,Asset Impairment Charges,USD,2013-01-01,2013-03-31,2000000.0,680000000.0,-678000000.0,-0.9970588235294118,0.0029411764705882353,10-Q,2014-05-06,110,review
COP,AssetImpairmentCharges,Asset Impairment Charges,USD,2013-01-01,2013-12-31,529000000.0,1000000.0,528000000.0,528.0,529.0,10-K,2016-02-23,110,review
COP,AssetImpairmentCharges,Asset Impairment Charges,USD,2014-01-01,2014-03-31,1000000.0,529000000.0,-528000000.0,-0.998109640831758,0.001890359168241966,10-Q,2015-05-05,110,review
COP,AssetImpairmentCharges,Asset Impairment Charges,USD,2017-07-01,2017-09-30,6000000.0,6294000000.0,-6288000000.0,-0.9990467111534795,0.0009532888465204957,10-Q,2018-10-30,110,high_priority
COP,AssetImpairmentCharges,Asset Impairment Charges,USD,2017-01-01,2017-09-30,6475000000.0,6000000.0,6469000000.0,1078.1666666666667,1079.1666666666667,10-Q,2018-10-30,110,high_priority
COP,AssetImpairmentCharges,Asset Impairment Charges,USD,2018-01-01,2018-03-31,12000000.0,6601000000.0,-6589000000.0,-0.9981820936221785,0.0018179063778215423,10-Q,2019-05-02,110,review
COP,AssetImpairmentCharges,Asset Impairment Charges,USD,2020-04-01,2020-06-30,-2000000.0,521000000.0,-523000000.0,-1.0038387715930903,0.003838771593090211,10-Q,2021-08-05,110,review
COP,AssetImpairmentCharges,Asset Impairment Charges,USD,2020-01-01,2020-06-30,519000000.0,-2000000.0,521000000.0,-260.5,259.5,10-Q,2021-08-05,110,review
COP,AssetImpairmentCharges,Asset Impairment Charges,USD,2020-07-01,2020-09-30,2000000.0,521000000.0,-519000000.0,-0.9961612284069098,0.003838771593090211,10-Q,2021-11-04,110,review
COP,AssetImpairmentCharges,Asset Impairment Charges,USD,2020-01-01,2020-12-31,813000000.0,2000000.0,811000000.0,405.5,406.5,10-K,2023-02-16,110,review
COP,AssetImpairmentCharges,Asset Impairment Charges,USD,2021-01-01,2021-03-31,-3000000.0,813000000.0,-816000000.0,-1.003690036900369,0.0036900369003690036,10-Q,2022-05-05,110,review
COP,AssetImpairmentCharges,Asset Impairment Charges,USD,2022-01-01,2022-03-31,2000000.0,674000000.0,-672000000.0,-0.9970326409495549,0.002967359050445104,10-Q,2023-05-04,110,review
COP,CashCashEquivalentsRestrictedCashAndRestrictedCashEquivalentsPeriodIncreaseDecreaseIncludingExchangeRateEffect,"Cash, Cash Equivalents, Restricted Cash and Restricted Cash Equivalents, Period Increase (Decrease), Including Exchange Rate Effect",USD,2025-01-01,2025-03-31,715000000.0,6000000.0,709000000.0,118.16666666666667,119.16666666666667,10-Q,2026-04-30,39,review
COP,DeferredIncomeTaxExpenseBenefit,Deferred Income Tax Expense (Benefit),USD,2019-01-01,2019-03-31,-1000000.0,283000000.0,-284000000.0,-1.0035335689045937,0.0035335689045936395,10-Q,2020-05-05,76,review
COP,DeferredIncomeTaxExpenseBenefit,Deferred Income Tax Expense (Benefit),USD,2019-01-01,2019-06-30,-221000000.0,-1000000.0,-220000000.0,220.0,221.0,10-Q,2020-08-04,76,review
COP,DeferredTaxLiabilitiesCurrent,"Deferred Tax Liabilities, Net, Current",USD,,2012-12-31,958000000.0,9000000.0,949000000.0,105.44444444444444,106.44444444444444,10-K,2014-02-25,7,review
COP,DiscontinuedOperationIncomeLossFromDiscontinuedOperationBeforeIncomeTax,"Discontinued Operation, Income (Loss) from Discontinued Operation, before Income Tax",USD,2012-07-01,2012-09-30,2000000.0,1792000000.0,-1790000000.0,-0.9988839285714286,0.0011160714285714285,10-Q,2012-10-30,8,review
COP,DisposalGroupIncludingDiscontinuedOperationRevenue,"Disposal Group, Including Discontinued Operation, Revenue",USD,2012-07-01,2012-09-30,2000000.0,62107000000.0,-62105000000.0,-0.9999677975107476,3.220248925241921e-05,10-Q,2012-10-30,8,high_priority
COP,DisposalGroupIncludingDiscontinuedOperationRevenue,"Disposal Group, Including Discontinued Operation, Revenue",USD,2012-01-01,2012-09-30,62109000000.0,2000000.0,62107000000.0,31053.5,31054.5,10-Q,2012-10-30,8,high_priority
COP,FinanceLeaseWeightedAverageDiscountRatePercent,"Finance Lease, Weighted Average Discount Rate, Percent",pure,,2019-09-30,0.0561,5.77,-5.7139,-0.9902772963604853,0.009722703639514732,10-Q,2019-10-31,10,review
COP,GainLossOnSaleOfOtherAssets,Gain (Loss) on Disposition of Other Assets,USD,2010-01-01,2010-06-30,3273000000.0,24000000.0,3249000000.0,135.375,136.375,10-Q,2011-08-02,17,review
COP,GainLossOnSaleOfPropertyPlantEquipment,Gain (Loss) on Disposition of Property Plant Equipment,USD,2014-01-01,2014-03-31,9000000.0,1242000000.0,-1233000000.0,-0.9927536231884058,0.007246376811594203,10-Q,2015-05-05,77,review
COP,GainLossOnSaleOfPropertyPlantEquipment,Gain (Loss) on Disposition of Property Plant Equipment,USD,2018-01-01,2018-03-31,7000000.0,2177000000.0,-2170000000.0,-0.9967845659163987,0.003215434083601286,10-Q,2019-05-02,77,review
COP,GainLossOnSaleOfPropertyPlantEquipment,Gain (Loss) on Disposition of Property Plant Equipment,USD,2020-07-01,2020-09-30,-3000000.0,596000000.0,-599000000.0,-1.00503355704698,0.0050335570469798654,10-Q,2021-11-04,77,review
COP,GainLossOnSaleOfPropertyPlantEquipment,Gain (Loss) on Disposition of Property Plant Equipment,USD,2020-01-01,2020-09-30,551000000.0,-3000000.0,554000000.0,-184.66666666666666,183.66666666666666,10-Q,2021-11-04,77,review
COP,GainLossOnSaleOfPropertyPlantEquipment,Gain (Loss) on Disposition of Property Plant Equipment,USD,2021-07-01,2021-09-30,2000000.0,294000000.0,-292000000.0,-0.9931972789115646,0.006802721088435374,10-Q,2022-11-03,77,review
COP,GainLossOnSaleOfPropertyPlantEquipment,Gain (Loss) on Disposition of Property Plant Equipment,USD,2021-01-01,2021-12-31,486000000.0,2000000.0,484000000.0,242.0,243.0,10-K,2024-02-15,77,review
COP,GainLossOnSaleOfPropertyPlantEquipment,Gain (Loss) on Disposition of Property Plant Equipment,USD,2025-07-01,2025-09-30,3000000.0,317000000.0,-314000000.0,-0.9905362776025236,0.00946372239747634,10-Q,2025-11-06,77,review
COP,GainLossOnSaleOfPropertyPlantEquipment,Gain (Loss) on Disposition of Property Plant Equipment,USD,2025-01-01,2025-09-30,399000000.0,3000000.0,396000000.0,132.0,133.0,10-Q,2025-11-06,77,review
COP,GainLossOnSaleOfPropertyPlantEquipment,Gain (Loss) on Disposition of Property Plant Equipment,USD,2026-01-01,2026-03-31,5000000.0,731000000.0,-726000000.0,-0.9931600547195623,0.006839945280437756,10-Q,2026-04-30,77,review
COP,IncomeTaxReconciliationDispositionOfAssets,"Effective Income Tax Rate Reconciliation, Disposition of Asset, Amount",USD,2017-07-01,2017-09-30,-8000000.0,-1176000000.0,1168000000.0,-0.9931972789115646,0.006802721088435374,10-Q,2018-10-30,17,review
COP,IncomeTaxReconciliationDispositionOfAssets,"Effective Income Tax Rate Reconciliation, Disposition of Asset, Amount",USD,2017-01-01,2017-12-31,-1277000000.0,-8000000.0,-1269000000.0,158.625,159.625,10-K,2018-02-20,17,review
COP,IncreaseDecreaseInInventories,Increase (Decrease) in Inventories,USD,2012-01-01,2012-12-31,-210000000.0,-1000000.0,-209000000.0,209.0,210.0,10-K,2015-02-24,76,review
COP,IncreaseDecreaseInOtherOperatingCapitalNet,"Increase (Decrease) in Other Operating Assets and Liabilities, Net",USD,2025-01-01,2025-06-30,1221000000.0,-10000000.0,1231000000.0,-123.1,122.1,10-Q,2026-08-06,52,review
COP,InvestmentsInAffiliatesSubsidiariesAssociatesAndJointVenturesFairValueDisclosure,"Investments in Affiliates, Subsidiaries, Associates, and Joint Ventures, Fair Value Disclosure",USD,,2016-12-31,90000000.0,10210000000.0,-10120000000.0,-0.9911851126346719,0.00881488736532811,10-K,2017-02-21,2,review
COP,NetCashProvidedByUsedInInvestingActivities,Net Cash Provided by (Used in) Investing Activities,USD,2021-01-01,2021-12-31,-8544000000.0,51000000.0,-8595000000.0,-168.52941176470588,167.52941176470588,10-K,2024-02-15,76,review
COP,OperatingLeaseWeightedAverageDiscountRatePercent,"Operating Lease, Weighted Average Discount Rate, Percent",pure,,2019-09-30,0.0333,3.38,-3.3467,-0.9901479289940828,0.009852071005917161,10-Q,2019-10-31,10,review
COP,OtherAssetImpairmentCharges,Other Asset Impairment Charges,USD,2011-04-01,2011-06-30,2000000.0,1780000000.0,-1778000000.0,-0.998876404494382,0.0011235955056179776,10-Q,2011-08-02,11,review
COP,OtherAssetImpairmentCharges,Other Asset Impairment Charges,USD,2011-01-01,2011-09-30,488000000.0,2000000.0,486000000.0,243.0,244.0,10-Q,2011-11-01,11,review
COP,OtherComprehensiveIncomeDefinedBenefitPlansNetUnamortizedGainLossArisingDuringPeriodBeforeTax,"Other Comprehensive Income (Loss), Pension and Other Postretirement Benefit Plans, Net Unamortized Gain (Loss) Arising During Period, before Tax (Deprecated 2012-01-31)",USD,2010-12-31,2011-12-31,1185000000.0,9000000.0,1176000000.0,130.66666666666666,131.66666666666666,10-K,2012-02-21,4,review
COP,OtherComprehensiveIncomeDefinedBenefitPlansNetUnamortizedGainLossArisingDuringPeriodNetOfTax,"Other Comprehensive Income (Loss), Defined Benefit Plan, Gain (Loss) Arising During Period, after Tax",USD,2009-12-31,2010-12-31,-2000000.0,-228000000.0,226000000.0,-0.9912280701754386,0.008771929824561403,10-K,2011-02-23,3,review
COP,OtherComprehensiveIncomeDerivativesQualifyingAsHedgesBeforeTaxPeriodIncreaseDecrease,"Other Comprehensive Income (Loss), Derivatives Qualifying as Hedges, before Tax (Deprecated 2012-01-31)",USD,2009-12-31,2010-12-31,1877000000.0,-2000000.0,1879000000.0,-939.5,938.5,10-K,2011-02-23,6,review
COP,OtherComprehensiveIncomeDerivativesQualifyingAsHedgesBeforeTaxPeriodIncreaseDecrease,"Other Comprehensive Income (Loss), Derivatives Qualifying as Hedges, before Tax (Deprecated 2012-01-31)",USD,2011-01-01,2011-03-31,1000000.0,1877000000.0,-1876000000.0,-0.9994672349493873,0.0005327650506126798,10-Q,2012-04-30,6,high_priority
COP,OtherComprehensiveIncomeForeignCurrencyTransactionAndTranslationReclassificationAdjustmentRealizedUponSaleOrLiquidationBeforeTax,"Other Comprehensive Income (Loss), Foreign Currency Transaction and Translation Reclassification Adjustment Realized upon Sale or Liquidation, before Tax (Deprecated 2012-01-31)",USD,2012-01-01,2012-03-31,-1000000.0,516000000.0,-517000000.0,-1.001937984496124,0.001937984496124031,10-Q,2012-04-30,2,review
COP,OtherComprehensiveIncomeLossForeignCurrencyTransactionAndTranslationReclassificationAdjustmentRealizedUponSaleOrLiquidationBeforeTax,"Other Comprehensive Income (Loss), Foreign Currency Transaction and Translation Reclassification Adjustment Realized upon Sale or Liquidation, before Tax (Deprecated 2013-01-31)",USD,2012-01-01,2012-03-31,1000000.0,-516000000.0,517000000.0,-1.001937984496124,0.001937984496124031,10-Q,2013-04-30,16,review
COP,OtherComprehensiveIncomeLossPensionAndOtherPostretirementBenefitPlansNetUnamortizedGainLossArisingDuringPeriodBeforeTax,"Other Comprehensive Income (Loss), Defined Benefit Plan, Gain (Loss) Arising During Period, before Tax",USD,2013-04-01,2013-06-30,1000000.0,-704000000.0,705000000.0,-1.0014204545454546,0.0014204545454545455,10-Q,2014-08-05,74,review
COP,OtherComprehensiveIncomeLossPensionAndOtherPostretirementBenefitPlansNetUnamortizedGainLossArisingDuringPeriodBeforeTax,"Other Comprehensive Income (Loss), Defined Benefit Plan, Gain (Loss) Arising During Period, before Tax",USD,2013-07-01,2013-09-30,301000000.0,1000000.0,300000000.0,300.0,301.0,10-Q,2014-11-04,74,review
COP,OtherComprehensiveIncomeUnrealizedHoldingGainLossOnSecuritiesArisingDuringPeriodNetOfTax,"OCI, Debt Securities, Available-for-Sale, Unrealized Holding Gain (Loss), before Adjustment, after Tax",USD,2012-01-01,2012-06-30,1000000.0,-158000000.0,159000000.0,-1.0063291139240507,0.006329113924050633,10-Q,2013-08-02,78,review
COP,OtherNonoperatingIncomeExpense,Other Nonoperating Income (Expense),USD,2020-04-01,2020-06-30,7000000.0,-1539000000.0,1546000000.0,-1.00454840805718,0.004548408057179987,10-Q,2021-08-05,59,review
COP,PaymentsForProceedsFromInvestments,Payments for (Proceeds from) Investments,USD,2019-01-01,2019-03-31,1000000.0,-1620000000.0,1621000000.0,-1.0006172839506173,0.0006172839506172839,10-Q,2020-05-05,32,high_priority
COP,PaymentsForProceedsFromInvestments,Payments for (Proceeds from) Investments,USD,2019-01-01,2019-06-30,485000000.0,1000000.0,484000000.0,484.0,485.0,10-Q,2020-08-04,32,review
COP,PaymentsToAcquireBusinessesNetOfCashAcquired,"Payments to Acquire Businesses, Net of Cash Acquired",USD,2022-01-01,2022-03-31,-37000000.0,8290000000.0,-8327000000.0,-1.0044632086851628,0.004463208685162847,10-Q,2023-05-04,22,review
COP,PaymentsToAcquireShortTermInvestments,Payments to Acquire Short-term Investments,USD,2026-01-01,2026-03-31,7000000.0,1249000000.0,-1242000000.0,-0.9943955164131305,0.005604483586869495,10-Q,2026-04-30,64,review
COP,ProceedsFromPaymentsForOtherFinancingActivities,Proceeds from (Payments for) Other Financing Activities,USD,2014-01-01,2014-03-31,-17000000.0,-3621000000.0,3604000000.0,-0.9953051643192489,0.004694835680751174,10-Q,2015-05-05,76,review
COP,ProceedsFromSaleOfProductiveAssets,Proceeds from Sale of Productive Assets,USD,2014-01-01,2014-03-31,48000000.0,10220000000.0,-10172000000.0,-0.9953033268101761,0.004696673189823875,10-Q,2015-05-05,46,review
COP,ProceedsFromSaleOfProductiveAssets,Proceeds from Sale of Productive Assets,USD,2017-01-01,2017-06-30,10742000000.0,35000000.0,10707000000.0,305.9142857142857,306.9142857142857,10-Q,2018-08-01,46,review
COP,ProceedsFromSaleOfProductiveAssets,Proceeds from Sale of Productive Assets,USD,2026-01-01,2026-03-31,9000000.0,3248000000.0,-3239000000.0,-0.9972290640394089,0.002770935960591133,10-Q,2026-04-30,46,review
COP,ReclassificationToWellFacilitiesAndEquipmentBasedOnDeterminationOfProvedReserves,"Reclassification to Well, Facilities, and Equipment Based on Determination of Proved Reserves",USD,2024-01-01,2024-12-31,2000000.0,285000000.0,-283000000.0,-0.9929824561403509,0.007017543859649123,10-K,2026-02-17,19,review
COP,RepaymentsOfDebt,Repayments of Debt,USD,2019-01-01,2019-03-31,19000000.0,4995000000.0,-4976000000.0,-0.9961961961961961,0.0038038038038038036,10-Q,2020-05-05,64,review
COP,RepaymentsOfDebt,Repayments of Debt,USD,2023-01-01,2023-03-31,43000000.0,6267000000.0,-6224000000.0,-0.9931386628370832,0.006861337162916866,10-Q,2024-05-02,64,review
COP,SellingGeneralAndAdministrativeExpense,"Selling, General and Administrative Expense",USD,2020-01-01,2020-03-31,-3000000.0,556000000.0,-559000000.0,-1.0053956834532374,0.00539568345323741,10-Q,2021-05-06,113,review
COP,ShareBasedCompensationArrangementByShareBasedPaymentAwardOptionsExpirationsInPeriod,"Share-based Compensation Arrangement by Share-based Payment Award, Options, Expirations in Period",shares,2014-01-01,2014-12-31,5.0,13139.0,-13134.0,-0.9996194535352767,0.0003805464647233427,10-K,2015-02-24,17,high_priority
COP,ShareBasedCompensationArrangementByShareBasedPaymentAwardOptionsExpirationsInPeriod,"Share-based Compensation Arrangement by Share-based Payment Award, Options, Expirations in Period",shares,2016-01-01,2016-12-31,571916.0,44.0,571872.0,12997.09090909091,12998.09090909091,10-K,2017-02-21,17,high_priority
COP,StockIssuedDuringPeriodValueShareBasedCompensation,"Shares Issued, Value, Share-based Payment Arrangement, after Forfeiture",USD,2019-01-01,2019-03-31,-2000000.0,257000000.0,-259000000.0,-1.0077821011673151,0.007782101167315175,10-Q,2020-05-05,66,review
COP,StockholdersEquityOther,"Stockholders' Equity, Other",USD,2010-12-31,2011-12-31,7000000.0,-1060000000.0,1067000000.0,-1.0066037735849056,0.006603773584905661,10-K,2013-02-19,78,review
COP,StockholdersEquityOther,"Stockholders' Equity, Other",USD,2012-01-01,2012-03-31,1115000000.0,7000000.0,1108000000.0,158.28571428571428,159.28571428571428,10-Q,2012-04-30,78,review
COP,StockholdersEquityOther,"Stockholders' Equity, Other",USD,2015-01-01,2015-12-31,-3000000.0,-3981000000.0,3978000000.0,-0.9992464204973625,0.0007535795026375283,10-K,2018-02-20,78,high_priority
COP,StockholdersEquityOther,"Stockholders' Equity, Other",USD,2016-01-01,2016-03-31,1110000000.0,-3000000.0,1113000000.0,-371.0,370.0,10-Q,2017-05-04,78,review
COP,StockholdersEquityOther,"Stockholders' Equity, Other",USD,2016-01-01,2016-12-31,-2000000.0,929000000.0,-931000000.0,-1.0021528525296017,0.002152852529601722,10-K,2019-02-19,78,review
COP,StockholdersEquityOther,"Stockholders' Equity, Other",USD,2017-01-01,2017-03-31,236000000.0,-2000000.0,238000000.0,-119.0,118.0,10-Q,2018-05-01,78,review
COP,StockholdersEquityOther,"Stockholders' Equity, Other",USD,2017-01-01,2017-12-31,-3000000.0,992000000.0,-995000000.0,-1.003024193548387,0.0030241935483870967,10-K,2020-02-18,78,review
COP,TreasuryStockSharesAcquired,"Treasury Stock, Shares, Acquired",shares,2016-11-30,2019-12-31,189.0,66081361.0,-66081172.0,-0.999997139889416,2.860110583981465e-06,10-K,2021-02-16,8,high_priority
COP,TreasuryStockSharesAcquired,"Treasury Stock, Shares, Acquired",shares,2021-01-01,2021-12-31,247000000.0,189.0,246999811.0,1306877.306878307,1306878.306878307,10-K,2022-02-17,8,high_priority
COP,UnrecognizedTaxBenefitsIncreasesResultingFromPriorPeriodTaxPositions,"Unrecognized Tax Benefits, Increase Resulting from Prior Period Tax Positions",USD,2024-01-01,2024-12-31,127000000.0,1000000.0,126000000.0,126.0,127.0,10-K,2026-02-17,19,review
COP,UnrecordedUnconditionalPurchaseObligationDueAfterFiveYears,"Unrecorded Unconditional Purchase Obligation, to be Paid, after Year Five",USD,,2023-03-31,11000000000.0,33000000.0,10967000000.0,332.3333333333333,333.3333333333333,10-Q,2023-05-04,18,review
COP,ValuationAllowanceDeferredTaxAssetChangeInAmount,"Valuation Allowance, Deferred Tax Asset, Increase (Decrease), Amount",USD,2025-01-01,2025-03-31,-56000000.0,6642000000.0,-6698000000.0,-1.0084311954230654,0.008431195423065342,10-Q,2025-08-07,13,review
COP,WeightedAverageNumberOfDilutedSharesOutstanding,"Weighted Average Number of Shares Outstanding, Diluted",shares,2008-04-01,2008-06-30,1555447.0,1645919000.0,-1644363553.0,-0.9990549674680225,0.0009450325319775761,10-Q,2009-08-04,113,high_priority
COP,WeightedAverageNumberOfDilutedSharesOutstanding,"Weighted Average Number of Shares Outstanding, Diluted",shares,2008-01-01,2008-09-30,1554952000.0,1568867.0,1553383133.0,990.1305419771084,991.1305419771084,10-Q,2009-11-03,113,review
COP,WeightedAverageNumberOfDilutedSharesOutstanding,"Weighted Average Number of Shares Outstanding, Diluted",shares,2009-12-31,2010-12-31,1491067.0,1493080000.0,-1491588933.0,-0.9990013482197873,0.0009986517802127147,10-K,2013-02-19,113,high_priority
COP,WeightedAverageNumberOfDilutedSharesOutstanding,"Weighted Average Number of Shares Outstanding, Diluted",shares,2011-01-01,2011-03-31,1445477000.0,1491067.0,1443985933.0,968.4245798478539,969.4245798478539,10-Q,2012-04-30,113,review
COP,WeightedAverageNumberOfDilutedSharesOutstanding,"Weighted Average Number of Shares Outstanding, Diluted",shares,2011-01-01,2011-09-30,1408846.0,1428760000.0,-1427351154.0,-0.9990139379601892,0.000986062039810745,10-Q,2012-10-30,113,high_priority
COP,WeightedAverageNumberOfDilutedSharesOutstanding,"Weighted Average Number of Shares Outstanding, Diluted",shares,2016-04-01,2016-06-30,1244892000.0,1244724.0,1243647276.0,999.1349696800255,1000.1349696800255,10-Q,2017-08-01,113,high_priority
COP,WeightedAverageNumberOfDilutedSharesOutstanding,"Weighted Average Number of Shares Outstanding, Diluted",shares,2016-01-01,2016-09-30,1245139.0,1244892000.0,-1243646861.0,-0.9989998015892142,0.0010001984107858351,10-Q,2017-10-31,113,review
COP,WeightedAverageNumberOfDilutedSharesOutstanding,"Weighted Average Number of Shares Outstanding, Diluted",shares,2016-07-01,2016-09-30,1245961000.0,1245139.0,1244715861.0,999.6601672584346,1000.6601672584346,10-Q,2017-10-31,113,high_priority
COP,WeightedAverageNumberOfDilutedSharesOutstanding,"Weighted Average Number of Shares Outstanding, Diluted",shares,2016-01-01,2016-12-31,1245440.0,1245961000.0,-1244715560.0,-0.9990004181511299,0.000999581848870069,10-K,2019-02-19,113,high_priority
COP,WeightedAverageNumberOfDilutedSharesOutstanding,"Weighted Average Number of Shares Outstanding, Diluted",shares,2019-01-01,2019-06-30,1139511000.0,1146515.0,1138364485.0,992.8910524502514,993.8910524502514,10-Q,2020-08-04,113,review
COP,WeightedAverageNumberOfDilutedSharesOutstanding,"Weighted Average Number of Shares Outstanding, Diluted",shares,2019-01-01,2019-12-31,1123536.0,1131034000.0,-1129910464.0,-0.9990066293320979,0.0009933706679021144,10-K,2022-02-17,113,high_priority
COP,WeightedAverageNumberOfDilutedSharesOutstanding,"Weighted Average Number of Shares Outstanding, Diluted",shares,2020-01-01,2020-06-30,1080610000.0,1084561.0,1079525439.0,995.3570513783918,996.3570513783918,10-Q,2021-08-05,113,review
COP,WeightedAverageNumberOfSharesOutstandingBasic,"Weighted Average Number of Shares Outstanding, Basic",shares,2008-01-01,2008-06-30,1548587.0,1623994000.0,-1622445413.0,-0.9990464330533241,0.0009535669466759114,10-Q,2009-08-04,113,high_priority
COP,WeightedAverageNumberOfSharesOutstandingBasic,"Weighted Average Number of Shares Outstanding, Basic",shares,2008-01-01,2008-09-30,1535932000.0,1534975.0,1534397025.0,999.623462922849,1000.623462922849,10-Q,2009-11-03,113,high_priority
COP,WeightedAverageNumberOfSharesOutstandingBasic,"Weighted Average Number of Shares Outstanding, Basic",shares,2009-12-31,2010-12-31,1479330.0,1481522000.0,-1480042670.0,-0.999001479559534,0.0009985204404659533,10-K,2013-02-19,113,high_priority
COP,WeightedAverageNumberOfSharesOutstandingBasic,"Weighted Average Number of Shares Outstanding, Basic",shares,2011-01-01,2011-03-31,1432285000.0,1479330.0,1430805670.0,967.1984411862127,968.1984411862127,10-Q,2012-04-30,113,review
COP,WeightedAverageNumberOfSharesOutstandingBasic,"Weighted Average Number of Shares Outstanding, Basic",shares,2011-01-01,2011-09-30,1396216.0,1399473000.0,-1398076784.0,-0.9990023273046353,0.0009976726953646123,10-Q,2012-10-30,113,high_priority
COP,WeightedAverageNumberOfSharesOutstandingBasic,"Weighted Average Number of Shares Outstanding, Basic",shares,2016-04-01,2016-06-30,1244892000.0,1244557.0,1243647443.0,999.2691720829179,1000.2691720829179,10-Q,2017-08-01,113,high_priority
COP,WeightedAverageNumberOfSharesOutstandingBasic,"Weighted Average Number of Shares Outstanding, Basic",shares,2016-01-01,2016-06-30,1244724.0,1244892000.0,-1243647276.0,-0.9990001349514657,0.0009998650485343306,10-Q,2017-08-01,113,high_priority
COP,WeightedAverageNumberOfSharesOutstandingBasic,"Weighted Average Number of Shares Outstanding, Basic",shares,2016-07-01,2016-09-30,1245961000.0,1245139.0,1244715861.0,999.6601672584346,1000.6601672584346,10-Q,2017-10-31,113,high_priority
COP,WeightedAverageNumberOfSharesOutstandingBasic,"Weighted Average Number of Shares Outstanding, Basic",shares,2016-01-01,2016-12-31,1245440.0,1245961000.0,-1244715560.0,-0.9990004181511299,0.000999581848870069,10-K,2019-02-19,113,high_priority
COP,WeightedAverageNumberOfSharesOutstandingBasic,"Weighted Average Number of Shares Outstanding, Basic",shares,2019-04-01,2019-06-30,1125995000.0,1139463.0,1124855537.0,987.1803972573045,988.1803972573045,10-Q,2020-08-04,113,review
COP,WeightedAverageNumberOfSharesOutstandingBasic,"Weighted Average Number of Shares Outstanding, Basic",shares,2019-01-01,2019-12-31,1117260.0,1108555000.0,-1107437740.0,-0.9989921474351746,0.0010078525648253807,10-K,2022-02-17,113,review
COP,WeightedAverageNumberOfSharesOutstandingBasic,"Weighted Average Number of Shares Outstanding, Basic",shares,2020-01-01,2020-06-30,1080610000.0,1084561.0,1079525439.0,995.3570513783918,996.3570513783918,10-Q,2021-08-05,113,review
COST,AntidilutiveSecuritiesExcludedFromComputationOfEarningsPerShareAmount,"Antidilutive Securities Excluded from Computation of Earnings Per Share, Amount",shares,2008-09-01,2009-08-30,8045000.0,11000.0,8034000.0,730.3636363636364,731.3636363636364,10-K,2011-10-14,54,review
COST,AssetImpairmentCharges,Asset Impairment Charges,USD,2021-08-30,2022-05-08,118000000.0,1000000.0,117000000.0,117.0,118.0,10-Q,2023-06-01,6,review
COST,DeferredIncomeTaxLiabilitiesNet,"Deferred Income Tax Liabilities, Net",USD,,2019-09-01,145000000.0,1000000.0,144000000.0,144.0,145.0,10-K,2020-10-07,5,review
COST,EffectOfExchangeRateOnCashAndCashEquivalents,Effect of Exchange Rate on Cash and Cash Equivalents,USD,2015-08-31,2015-11-22,-2000000.0,-418000000.0,416000000.0,-0.9952153110047847,0.004784688995215311,10-Q,2016-12-16,55,review
COST,IncreaseDecreaseInAccountsPayable,Increase (Decrease) in Accounts Payable,USD,2008-09-01,2009-02-15,-7000000.0,777000000.0,-784000000.0,-1.009009009009009,0.009009009009009009,10-Q,2010-03-17,72,review
COST,IncreaseDecreaseInAccountsPayable,Increase (Decrease) in Accounts Payable,USD,2023-09-04,2024-02-18,4000000.0,2854000000.0,-2850000000.0,-0.9985984583041345,0.001401541695865452,10-Q,2025-03-13,72,review
COST,IncreaseDecreaseInAccountsPayable,Increase (Decrease) in Accounts Payable,USD,2023-09-04,2024-05-12,1380000000.0,4000000.0,1376000000.0,344.0,345.0,10-Q,2025-06-05,72,review
COST,IncreaseDecreaseInOutstandingChecksFinancingActivities,"Increase (Decrease) in Outstanding Checks, Financing Activities",USD,2020-08-31,2021-08-29,188000000.0,1000000.0,187000000.0,187.0,188.0,10-K,2021-10-06,56,review
COST,LongTermDebtMaturitiesRepaymentsOfPrincipalInNextTwelveMonths,"Long-Term Debt, Maturity, Year One",USD,,2012-09-02,1000000.0,900000000.0,-899000000.0,-0.9988888888888889,0.0011111111111111111,10-K,2012-10-19,16,review
COST,LongTermDebtMaturitiesRepaymentsOfPrincipalInYearThree,"Long-Term Debt, Maturity, Year Three",USD,,2013-09-01,1301000000.0,1000000.0,1300000000.0,1300.0,1301.0,10-K,2013-10-16,16,high_priority
COST,MinorityInterest,Stockholders' Equity Attributable to Noncontrolling Interest,USD,,2022-08-28,5000000.0,545000000.0,-540000000.0,-0.9908256880733946,0.009174311926605505,10-K,2023-10-11,57,review
COST,NetCashProvidedByUsedInOperatingActivities,Net Cash Provided by (Used in) Operating Activities,USD,2008-09-01,2008-11-23,-15000000.0,2206000000.0,-2221000000.0,-1.0067996373526744,0.006799637352674524,10-Q,2009-12-18,61,review
COST,OtherComprehensiveIncomeLossForeignCurrencyTransactionAndTranslationAdjustmentNetOfTax,"Other Comprehensive Income (Loss), Foreign Currency Transaction and Translation Adjustment, Net of Tax",USD,2023-09-04,2024-05-12,-117000000.0,1000000.0,-118000000.0,-118.0,117.0,10-Q,2025-06-05,91,review
COST,RepaymentsOfLongTermDebt,Repayments of Long-term Debt,USD,2015-08-31,2016-02-14,1200000000.0,1000000.0,1199000000.0,1199.0,1200.0,10-Q,2017-03-09,54,high_priority
COST,StockIssuedDuringPeriodValueStockOptionsExercised,"Stock Issued During Period, Value, Stock Options Exercised",USD,2018-02-19,2018-05-13,-1000000.0,-216000000.0,215000000.0,-0.9953703703703703,0.004629629629629629,10-Q,2019-06-06,65,review
COST,StockIssuedDuringPeriodValueStockOptionsExercised,"Stock Issued During Period, Value, Stock Options Exercised",USD,2017-09-04,2018-05-13,-217000000.0,-1000000.0,-216000000.0,216.0,217.0,10-Q,2019-06-06,65,review
COST,StockIssuedDuringPeriodValueStockOptionsExercised,"Stock Issued During Period, Value, Stock Options Exercised",USD,2019-02-18,2019-05-12,-1000000.0,-270000000.0,269000000.0,-0.9962962962962963,0.003703703703703704,10-Q,2020-06-04,65,review
COST,StockIssuedDuringPeriodValueStockOptionsExercised,"Stock Issued During Period, Value, Stock Options Exercised",USD,2018-09-03,2019-05-12,-271000000.0,-1000000.0,-270000000.0,270.0,271.0,10-Q,2020-06-04,65,review
COST,StockIssuedDuringPeriodValueStockOptionsExercised,"Stock Issued During Period, Value, Stock Options Exercised",USD,2019-11-25,2020-02-16,-1000000.0,-326000000.0,325000000.0,-0.9969325153374233,0.003067484662576687,10-Q,2021-03-10,65,review
COST,StockIssuedDuringPeriodValueStockOptionsExercised,"Stock Issued During Period, Value, Stock Options Exercised",USD,2019-09-02,2020-02-16,-327000000.0,-1000000.0,-326000000.0,326.0,327.0,10-Q,2021-03-10,65,review
COST,StockIssuedDuringPeriodValueStockOptionsExercised,"Stock Issued During Period, Value, Stock Options Exercised",USD,2020-02-17,2020-05-10,-1000000.0,-327000000.0,326000000.0,-0.9969418960244648,0.0030581039755351682,10-Q,2021-06-03,65,review
COST,StockIssuedDuringPeriodValueStockOptionsExercised,"Stock Issued During Period, Value, Stock Options Exercised",USD,2019-09-02,2020-05-10,-328000000.0,-1000000.0,-327000000.0,327.0,328.0,10-Q,2021-06-03,65,review
COST,StockIssuedDuringPeriodValueStockOptionsExercised,"Stock Issued During Period, Value, Stock Options Exercised",USD,2021-02-15,2021-05-09,1000000.0,311000000.0,-310000000.0,-0.9967845659163987,0.003215434083601286,10-Q,2022-06-02,65,review
COST,StockIssuedDuringPeriodValueStockOptionsExercised,"Stock Issued During Period, Value, Stock Options Exercised",USD,2020-08-31,2021-05-09,312000000.0,1000000.0,311000000.0,311.0,312.0,10-Q,2022-06-02,65,review
COST,StockIssuedDuringPeriodValueStockOptionsExercised,"Stock Issued During Period, Value, Stock Options Exercised",USD,2022-02-14,2022-05-08,1000000.0,360000000.0,-359000000.0,-0.9972222222222222,0.002777777777777778,10-Q,2023-06-01,65,review
COST,StockIssuedDuringPeriodValueStockOptionsExercised,"Stock Issued During Period, Value, Stock Options Exercised",USD,2022-08-29,2022-11-20,301000000.0,1000000.0,300000000.0,300.0,301.0,10-Q,2023-12-20,65,review
COST,StockIssuedDuringPeriodValueStockOptionsExercised,"Stock Issued During Period, Value, Stock Options Exercised",USD,2022-11-21,2023-02-12,1000000.0,301000000.0,-300000000.0,-0.9966777408637874,0.0033222591362126247,10-Q,2024-03-13,65,review
COST,StockIssuedDuringPeriodValueStockOptionsExercised,"Stock Issued During Period, Value, Stock Options Exercised",USD,2022-08-29,2023-02-12,302000000.0,1000000.0,301000000.0,301.0,302.0,10-Q,2024-03-13,65,review
COST,StockIssuedDuringPeriodValueStockOptionsExercised,"Stock Issued During Period, Value, Stock Options Exercised",USD,2024-11-25,2025-02-16,1000000.0,389000000.0,-388000000.0,-0.9974293059125964,0.002570694087403599,10-Q,2026-03-11,65,review
COST,StockIssuedDuringPeriodValueStockOptionsExercised,"Stock Issued During Period, Value, Stock Options Exercised",USD,2024-09-02,2025-02-16,390000000.0,1000000.0,389000000.0,389.0,390.0,10-Q,2026-03-11,65,review
COST,StockIssuedDuringPeriodValueStockOptionsExercised,"Stock Issued During Period, Value, Stock Options Exercised",USD,2025-02-17,2025-05-11,2000000.0,390000000.0,-388000000.0,-0.9948717948717949,0.005128205128205128,10-Q,2026-06-03,65,review
COST,StockIssuedDuringPeriodValueStockOptionsExercised,"Stock Issued During Period, Value, Stock Options Exercised",USD,2024-09-02,2025-05-11,392000000.0,2000000.0,390000000.0,195.0,196.0,10-Q,2026-06-03,65,review
COST,StockIssuedDuringPeriodValueStockOptionsExercised,"Stock Issued During Period, Value, Stock Options Exercised",USD,2025-11-24,2026-02-15,1000000.0,357000000.0,-356000000.0,-0.9971988795518207,0.0028011204481792717,10-Q,2026-03-11,65,review
COST,StockIssuedDuringPeriodValueStockOptionsExercised,"Stock Issued During Period, Value, Stock Options Exercised",USD,2025-09-01,2026-02-15,358000000.0,1000000.0,357000000.0,357.0,358.0,10-Q,2026-03-11,65,review
COST,StockIssuedDuringPeriodValueStockOptionsExercised,"Stock Issued During Period, Value, Stock Options Exercised",USD,2026-02-16,2026-05-10,3000000.0,361000000.0,-358000000.0,-0.9916897506925207,0.008310249307479225,10-Q,2026-06-03,65,review
CVX,CashAndCashEquivalentsPeriodIncreaseDecrease,"Cash and Cash Equivalents, Period Increase (Decrease)",USD,2017-01-01,2017-03-31,-5000000.0,-4034000000.0,4029000000.0,-0.9987605354486861,0.0012394645513138325,10-Q,2017-05-04,41,review
CVX,CashAndCashEquivalentsPeriodIncreaseDecrease,"Cash and Cash Equivalents, Period Increase (Decrease)",USD,2017-01-01,2017-06-30,-2226000000.0,-5000000.0,-2221000000.0,444.2,445.2,10-Q,2017-08-03,41,review
CVX,CashCashEquivalentsRestrictedCashAndRestrictedCashEquivalentsPeriodIncreaseDecreaseIncludingExchangeRateEffect,"Cash, Cash Equivalents, Restricted Cash and Restricted Cash Equivalents, Period Increase (Decrease), Including Exchange Rate Effect",USD,2022-01-01,2022-03-31,6011000000.0,58000000.0,5953000000.0,102.63793103448276,103.63793103448276,10-Q,2023-05-04,36,review
CVX,ComprehensiveIncomeNetOfTax,"Comprehensive Income (Loss), Net of Tax, Attributable to Parent",USD,2020-07-01,2020-09-30,36000000.0,-8136000000.0,8172000000.0,-1.0044247787610618,0.004424778761061947,10-Q,2021-11-04,112,review
CVX,ComprehensiveIncomeNetOfTax,"Comprehensive Income (Loss), Net of Tax, Attributable to Parent",USD,2020-01-01,2020-09-30,-4395000000.0,36000000.0,-4431000000.0,-123.08333333333333,122.08333333333333,10-Q,2021-11-04,112,review
CVX,ComprehensiveIncomeNetOfTaxIncludingPortionAttributableToNoncontrollingInterest,"Comprehensive Income (Loss), Net of Tax, Including Portion Attributable to Noncontrolling Interest",USD,2017-01-01,2017-03-31,2816000000.0,17000000.0,2799000000.0,164.64705882352942,165.64705882352942,10-Q,2018-05-03,111,review
CVX,ComprehensiveIncomeNetOfTaxIncludingPortionAttributableToNoncontrollingInterest,"Comprehensive Income (Loss), Net of Tax, Including Portion Attributable to Noncontrolling Interest",USD,2020-07-01,2020-09-30,34000000.0,-4422000000.0,4456000000.0,-1.007688828584351,0.007688828584350972,10-Q,2021-11-04,111,review
CVX,ComprehensiveIncomeNetOfTaxIncludingPortionAttributableToNoncontrollingInterest,"Comprehensive Income (Loss), Net of Tax, Including Portion Attributable to Noncontrolling Interest",USD,2020-01-01,2020-12-31,-6183000000.0,34000000.0,-6217000000.0,-182.85294117647058,181.85294117647058,10-K,2023-02-23,111,review
CVX,CurrentFederalTaxExpenseBenefit,Current Federal Tax Expense (Benefit),USD,2013-01-01,2013-12-31,15000000.0,1703000000.0,-1688000000.0,-0.9911920140927775,0.008807985907222548,10-K,2016-02-25,18,review
CVX,ExtinguishmentOfDebtAmount,"Extinguishment of Debt, Amount",USD,2021-01-01,2021-03-31,14000000.0,3900000000.0,-3886000000.0,-0.9964102564102564,0.0035897435897435897,10-Q,2021-05-06,2,review
CVX,ForeignCurrencyTransactionGainLossUnrealized,"Foreign Currency Transaction Gain (Loss), Unrealized",USD,2010-01-01,2010-09-30,-203000000.0,1000000.0,-204000000.0,-204.0,203.0,10-Q,2011-11-03,75,review
CVX,GainLossOnSaleOfPropertyPlantEquipment,Gain (Loss) on Disposition of Property Plant Equipment,USD,2013-01-01,2013-03-31,27000000.0,4089000000.0,-4062000000.0,-0.9933969185619956,0.006603081438004402,10-Q,2014-05-02,75,review
CVX,GainLossOnSaleOfPropertyPlantEquipment,Gain (Loss) on Disposition of Property Plant Equipment,USD,2016-01-01,2016-03-31,27000000.0,3215000000.0,-3188000000.0,-0.991601866251944,0.008398133748055987,10-Q,2017-05-04,75,review
CVX,GainLossOnSaleOfPropertyPlantEquipment,Gain (Loss) on Disposition of Property Plant Equipment,USD,2018-01-01,2018-03-31,12000000.0,2195000000.0,-2183000000.0,-0.9945330296127562,0.005466970387243736,10-Q,2019-05-02,75,review
CVX,IncomeLossFromContinuingOperationsBeforeIncomeTaxesMinorityInterestAndIncomeLossFromEquityMethodInvestments,"Income (Loss) from Continuing Operations before Equity Method Investments, Income Taxes, Noncontrolling Interest",USD,2020-07-01,2020-09-30,-44000000.0,-6496000000.0,6452000000.0,-0.9932266009852216,0.0067733990147783255,10-Q,2021-11-04,112,review
CVX,IncomeLossFromContinuingOperationsBeforeIncomeTaxesMinorityInterestAndIncomeLossFromEquityMethodInvestments,"Income (Loss) from Continuing Operations before Equity Method Investments, Income Taxes, Noncontrolling Interest",USD,2020-01-01,2020-12-31,-7453000000.0,-44000000.0,-7409000000.0,168.38636363636363,169.38636363636363,10-K,2023-02-23,112,review
CVX,IncomeLossFromEquityMethodInvestmentsNetOfDividendsOrDistributions,"Income (Loss) from Equity Method Investments, Net of Dividends or Distributions",USD,2010-01-01,2010-03-31,-1000000.0,103000000.0,-104000000.0,-1.0097087378640777,0.009708737864077669,10-Q,2011-05-05,75,review
CVX,IncomeLossFromEquityMethodInvestmentsNetOfDividendsOrDistributions,"Income (Loss) from Equity Method Investments, Net of Dividends or Distributions",USD,2010-01-01,2010-06-30,325000000.0,-1000000.0,326000000.0,-326.0,325.0,10-Q,2011-08-04,75,review
CVX,IncomeTaxReconciliationChangeInDeferredTaxAssetsValuationAllowance,"Effective Income Tax Rate Reconciliation, Change in Deferred Tax Assets Valuation Allowance, Amount",USD,2025-01-01,2025-12-31,2773000000.0,12000000.0,2761000000.0,230.08333333333334,231.08333333333334,10-K,2026-02-24,7,review
CVX,IncreaseDecreaseInAccountsAndNotesReceivable,Increase (Decrease) in Accounts and Notes Receivable,USD,2010-01-01,2010-12-31,2767000000.0,13000000.0,2754000000.0,211.84615384615384,212.84615384615384,10-K,2013-02-22,70,review
CVX,IncreaseDecreaseInAccruedIncomeTaxesPayable,Increase (Decrease) in Income Taxes Payable,USD,2016-01-01,2016-03-31,-5000000.0,-639000000.0,634000000.0,-0.9921752738654147,0.00782472613458529,10-Q,2017-05-04,70,review
CVX,IncreaseDecreaseInAccruedIncomeTaxesPayable,Increase (Decrease) in Income Taxes Payable,USD,2024-01-01,2024-03-31,-1000000.0,-2801000000.0,2800000000.0,-0.9996429846483399,0.0003570153516601214,10-Q,2025-05-08,70,high_priority
CVX,IncreaseDecreaseInAccruedIncomeTaxesPayable,Increase (Decrease) in Income Taxes Payable,USD,2024-01-01,2024-06-30,-1245000000.0,-1000000.0,-1244000000.0,1244.0,1245.0,10-Q,2025-08-07,70,high_priority
CVX,IncreaseDecreaseInDeferredCharges,Increase (Decrease) in Deferred Charges,USD,2008-01-01,2008-03-31,-2000000.0,-530000000.0,528000000.0,-0.9962264150943396,0.0037735849056603774,10-Q,2009-05-07,75,review
CVX,IncreaseDecreaseInInventories,Increase (Decrease) in Inventories,USD,2020-01-01,2020-03-31,733000000.0,-7000000.0,740000000.0,-105.71428571428571,104.71428571428571,10-Q,2021-05-06,70,review
CVX,IncreaseDecreaseInPrepaidDeferredExpenseAndOtherAssets,Increase (Decrease) in Prepaid Expense and Other Assets,USD,2021-01-01,2021-06-30,1000000.0,102000000.0,-101000000.0,-0.9901960784313726,0.00980392156862745,10-Q,2022-08-04,70,review
CVX,LongTermDebtMaturitiesRepaymentsOfPrincipalInYearThree,"Long-Term Debt, Maturity, Year Three",USD,,2011-12-31,2021000000.0,20000000.0,2001000000.0,100.05,101.05,10-K,2012-02-23,16,review
CVX,NetCashProvidedByUsedInFinancingActivities,Net Cash Provided by (Used in) Financing Activities,USD,2017-01-01,2017-03-31,-2684000000.0,25000000.0,-2709000000.0,-108.36,107.36,10-Q,2018-05-03,75,review
CVX,OtherComprehensiveIncomeDefinedBenefitPlanNetPriorServiceCostCreditArisingDuringPeriodBeforeTax,"Other Comprehensive (Income) Loss, Defined Benefit Plan, Prior Service Cost (Credit), before Tax",USD,2017-01-01,2017-12-31,1000000.0,-345000000.0,346000000.0,-1.0028985507246377,0.002898550724637681,10-K,2020-02-21,57,review
CVX,OtherComprehensiveIncomeLossBeforeReclassificationsNetOfTax,"Other Comprehensive Income (Loss), before Reclassifications, Net of Tax",USD,2020-01-01,2020-12-31,-1454000000.0,9000000.0,-1463000000.0,-162.55555555555554,161.55555555555554,10-K,2022-02-24,33,review
CVX,OtherComprehensiveIncomeLossPensionAndOtherPostretirementBenefitPlansNetUnamortizedGainLossArisingDuringPeriodBeforeTax,"Other Comprehensive Income (Loss), Defined Benefit Plan, Gain (Loss) Arising During Period, before Tax",USD,2024-01-01,2024-12-31,228000000.0,1000000.0,227000000.0,227.0,228.0,10-K,2026-02-24,47,review
CVX,OtherComprehensiveIncomeLossPensionAndOtherPostretirementBenefitPlansNetUnamortizedGainLossArisingDuringPeriodBeforeTax,"Other Comprehensive Income (Loss), Defined Benefit Plan, Gain (Loss) Arising During Period, before Tax",USD,2025-01-01,2025-03-31,-1000000.0,228000000.0,-229000000.0,-1.0043859649122806,0.0043859649122807015,10-Q,2026-05-07,47,review
CVX,OtherComprehensiveIncomeLossReclassificationAdjustmentFromAOCIPensionAndOtherPostretirementBenefitPlansForNetGainLossNetOfTax,"Other Comprehensive Income (Loss), Defined Benefit Plan, Gain (Loss), Reclassification Adjustment from AOCI, after Tax",USD,2015-01-01,2015-03-31,8000000.0,2730000000.0,-2722000000.0,-0.9970695970695971,0.0029304029304029304,10-Q,2016-05-05,44,review
CVX,OtherComprehensiveIncomeLossReclassificationAdjustmentFromAOCIPensionAndOtherPostretirementBenefitPlansForNetGainLossNetOfTax,"Other Comprehensive Income (Loss), Defined Benefit Plan, Gain (Loss), Reclassification Adjustment from AOCI, after Tax",USD,2018-01-01,2018-03-31,1000000.0,571000000.0,-570000000.0,-0.9982486865148862,0.0017513134851138354,10-Q,2019-05-02,44,review
CVX,OtherComprehensiveIncomeReclassificationOfDefinedBenefitPlansNetGainLossRecognizedInNetPeriodicBenefitCostNetOfTax,"Other Comprehensive Income (Loss), Reclassification, Pension and Other Postretirement Benefit Plans, Net Gain (Loss) Recognized in Net Periodic Benefit Cost, Net of Tax (Deprecated 2013-01-31)",USD,2012-01-01,2012-12-31,-1180000000.0,10000000.0,-1190000000.0,-119.0,118.0,10-K,2013-02-22,16,review
CVX,OtherNoncashExpense,Other Noncash Expense,USD,2011-01-01,2011-03-31,2000000.0,496000000.0,-494000000.0,-0.9959677419354839,0.004032258064516129,10-Q,2012-05-03,48,review
CVX,OtherNoncashExpense,Other Noncash Expense,USD,2011-01-01,2011-06-30,204000000.0,2000000.0,202000000.0,101.0,102.0,10-Q,2012-08-02,48,review
CVX,PaymentsForProceedsFromInvestments,Payments for (Proceeds from) Investments,USD,2017-01-01,2017-03-31,-2000000.0,-297000000.0,295000000.0,-0.9932659932659933,0.006734006734006734,10-Q,2018-05-03,39,review
CVX,PaymentsForRepurchaseOfCommonStock,Payments for Repurchase of Common Stock,USD,2015-01-01,2015-03-31,1000000.0,5006000000.0,-5005000000.0,-0.9998002397123452,0.00019976028765481422,10-Q,2016-05-05,66,high_priority
CVX,PaymentsForRepurchaseOfCommonStock,Payments for Repurchase of Common Stock,USD,2018-01-01,2018-09-30,751000000.0,1000000.0,750000000.0,750.0,751.0,10-Q,2018-11-08,66,review
CVX,PaymentsForRepurchaseOfCommonStock,Payments for Repurchase of Common Stock,USD,2021-01-01,2021-03-31,6000000.0,1757000000.0,-1751000000.0,-0.9965850882185544,0.003414911781445646,10-Q,2022-05-04,66,review
CVX,PaymentsForRestructuring,Payments for Restructuring,USD,2024-01-01,2024-12-31,3000000.0,334000000.0,-331000000.0,-0.9910179640718563,0.008982035928143712,10-K,2025-02-21,19,review
CVX,PaymentsToAcquireEquipmentOnLease,Payments to Acquire Equipment on Lease,USD,2011-01-01,2011-03-31,1000000.0,104000000.0,-103000000.0,-0.9903846153846154,0.009615384615384616,10-Q,2012-05-03,53,review
CVX,PaymentsToAcquireMarketableSecurities,Payments to Acquire Marketable Securities,USD,2009-01-01,2009-09-30,24000000.0,3236000000.0,-3212000000.0,-0.992583436341162,0.007416563658838072,10-Q,2010-11-05,63,review
CVX,PaymentsToAcquireOtherProductiveAssets,Payments to Acquire Other Productive Assets,USD,2010-01-01,2010-03-31,15000000.0,2326000000.0,-2311000000.0,-0.9935511607910577,0.006448839208942391,10-Q,2011-05-05,48,review
CVX,ProceedsFromCollectionOfLongtermLoansToRelatedParties,Proceeds from Collection of Long-term Loans to Related Parties,USD,2013-01-01,2013-03-31,1000000.0,328000000.0,-327000000.0,-0.9969512195121951,0.003048780487804878,10-Q,2013-05-02,62,review
CVX,ProceedsFromCollectionOfLongtermLoansToRelatedParties,Proceeds from Collection of Long-term Loans to Related Parties,USD,2013-01-01,2013-06-30,162000000.0,1000000.0,161000000.0,161.0,162.0,10-Q,2013-08-07,62,review
CVX,ProceedsFromCollectionOfLongtermLoansToRelatedParties,Proceeds from Collection of Long-term Loans to Related Parties,USD,2021-01-01,2021-03-31,25000000.0,2506000000.0,-2481000000.0,-0.990023942537909,0.009976057462090982,10-Q,2022-05-04,62,review
CVX,ProceedsFromIssuanceOfLongTermDebt,Proceeds from Issuance of Long-term Debt,USD,2026-01-01,2026-03-31,99000000.0,11402000000.0,-11303000000.0,-0.9913173127521487,0.008682687247851255,10-Q,2026-05-07,67,review
CVX,ProceedsFromPaymentsForLongTermLoansForRelatedParties,Proceeds from Collection of (Payments to Fund) Long-term Loans to Related Parties,USD,2013-01-01,2013-03-31,1000000.0,328000000.0,-327000000.0,-0.9969512195121951,0.003048780487804878,10-Q,2014-05-02,65,review
CVX,ProceedsFromPaymentsForLongTermLoansForRelatedParties,Proceeds from Collection of (Payments to Fund) Long-term Loans to Related Parties,USD,2013-01-01,2013-06-30,162000000.0,1000000.0,161000000.0,161.0,162.0,10-Q,2014-08-06,65,review
CVX,ProceedsFromPaymentsForLongTermLoansForRelatedParties,Proceeds from Collection of (Payments to Fund) Long-term Loans to Related Parties,USD,2017-01-01,2017-03-31,-6000000.0,-2034000000.0,2028000000.0,-0.9970501474926253,0.0029498525073746312,10-Q,2018-05-03,65,review
CVX,ProceedsFromRepurchaseOfEquity,Proceeds from (Repurchase of) Equity,USD,2009-01-01,2009-03-31,11000000.0,-6821000000.0,6832000000.0,-1.001612666764404,0.0016126667644040464,10-Q,2010-05-05,75,review
CVX,ProceedsFromSaleAndMaturityOfMarketableSecurities,Proceeds from Sale and Maturity of Marketable Securities,USD,2014-01-01,2014-12-31,-148000000.0,1000000.0,-149000000.0,-149.0,148.0,10-K,2017-02-23,40,review
CVX,ProceedsFromSaleAndMaturityOfMarketableSecurities,Proceeds from Sale and Maturity of Marketable Securities,USD,2016-01-01,2016-12-31,297000000.0,2000000.0,295000000.0,147.5,148.5,10-K,2018-02-22,40,review
CVX,ProceedsFromSaleAndMaturityOfMarketableSecurities,Proceeds from Sale and Maturity of Marketable Securities,USD,2017-01-01,2017-03-31,2000000.0,297000000.0,-295000000.0,-0.9932659932659933,0.006734006734006734,10-Q,2017-05-04,40,review
CVX,ProceedsFromSaleOfShortTermInvestments,Proceeds from Sale of Short-term Investments,USD,2017-01-01,2017-03-31,2000000.0,218000000.0,-216000000.0,-0.9908256880733946,0.009174311926605505,10-Q,2017-05-04,38,review
CVX,ProceedsFromSalesOfAssetsInvestingActivities,"Proceeds from Sales of Assets, Investing Activities",USD,2018-01-01,2018-03-31,31000000.0,4930000000.0,-4899000000.0,-0.993711967545639,0.006288032454361055,10-Q,2019-05-02,36,review
CVX,RepaymentsOfLongTermDebtAndCapitalSecurities,"Repayment of Long-term Debt, Long-term Lease Obligation, and Capital Security",USD,2012-01-01,2012-03-31,15000000.0,2769000000.0,-2754000000.0,-0.9945828819068255,0.005417118093174431,10-Q,2013-05-02,75,review
CVX,RepaymentsOfLongTermDebtAndCapitalSecurities,"Repayment of Long-term Debt, Long-term Lease Obligation, and Capital Security",USD,2023-01-01,2023-03-31,13000000.0,8742000000.0,-8729000000.0,-0.9985129261038664,0.0014870738961336079,10-Q,2024-05-02,75,review
CVX,RepaymentsOfLongTermDebtAndCapitalSecurities,"Repayment of Long-term Debt, Long-term Lease Obligation, and Capital Security",USD,2023-01-01,2023-06-30,1742000000.0,13000000.0,1729000000.0,133.0,134.0,10-Q,2024-08-07,75,review
CVX,RestructuringReserve,Restructuring Reserve,USD,,2020-06-30,1027000000.0,7000000.0,1020000000.0,145.71428571428572,146.71428571428572,10-Q,2020-08-05,30,review
CVX,RestructuringReserve,Restructuring Reserve,USD,,2024-12-31,990000000.0,6000000.0,984000000.0,164.0,165.0,10-K,2026-02-24,30,review
CVX,RestructuringReserveAccrualAdjustment1,"Restructuring Reserve, Accrual Adjustment",USD,2024-01-01,2024-12-31,987000000.0,6000000.0,981000000.0,163.5,164.5,10-K,2025-02-21,15,review
CVX,RestructuringReserveAccrualAdjustment1,"Restructuring Reserve, Accrual Adjustment",USD,2025-01-01,2025-03-31,3000000.0,987000000.0,-984000000.0,-0.9969604863221885,0.00303951367781155,10-Q,2025-05-08,15,review
CVX,ResultsOfOperationsDryHoleCosts,"Results of Operations, Dry Hole Costs",USD,2011-01-01,2011-03-31,-2000000.0,-414000000.0,412000000.0,-0.9951690821256038,0.004830917874396135,10-Q,2012-05-03,65,review
CVX,ShareBasedCompensationArrangementByShareBasedPaymentAwardNumberOfSharesAvailableForGrant,"Share-based Compensation Arrangement by Share-based Payment Award, Number of Shares Available for Grant",shares,,2015-12-31,120753.0,143000000.0,-142879247.0,-0.9991555734265735,0.0008444265734265734,10-K,2016-02-25,15,high_priority
CVX,SharesIssued,"Shares, Issued",shares,,2018-03-31,2442676580000.0,2442676580.0,2440233903420.0,999.0,1000.0,10-Q,2019-08-07,20,high_priority
CVX,SharesIssued,"Shares, Issued",shares,,2018-12-31,2442676580.0,2442676580000.0,-2440233903420.0,-0.999,0.001,10-K,2022-02-24,20,high_priority
CVX,SharesOutstanding,"Shares, Outstanding",shares,,2018-03-31,1910956734000.0,1904701885.0,1909052032115.0,1002.2838992018953,1003.2838992018953,10-Q,2019-08-07,20,high_priority
CVX,SharesOutstanding,"Shares, Outstanding",shares,,2018-12-31,1902837690.0,1910774369000.0,-1908871531310.0,-0.9990041536453119,0.0009958463546880453,10-K,2022-02-24,20,high_priority
CVX,StockIssuedDuringPeriodSharesTreasuryStockReissued,"Stock Issued During Period, Shares, Treasury Stock Reissued",shares,2018-04-01,2018-06-30,5190899000.0,6262000.0,5184637000.0,827.9522516767806,828.9522516767806,10-Q,2019-08-07,27,review
CVX,StockIssuedDuringPeriodSharesTreasuryStockReissued,"Stock Issued During Period, Shares, Treasury Stock Reissued",shares,2020-01-01,2020-12-31,60595673.0,57836.0,60537837.0,1046.715488623003,1047.715488623003,10-K,2022-02-24,27,high_priority
CVX,StockIssuedDuringPeriodValueAcquisitions,"Stock Issued During Period, Value, Acquisitions",USD,2021-04-01,2021-06-30,46000000.0,4888000000.0,-4842000000.0,-0.9905891980360065,0.009410801963993453,10-Q,2022-08-04,13,review
CVX,StockIssuedDuringPeriodValueAcquisitions,"Stock Issued During Period, Value, Acquisitions",USD,2023-07-01,2023-09-30,6520000000.0,46000000.0,6474000000.0,140.7391304347826,141.7391304347826,10-Q,2024-11-07,13,review
CVX,StockIssuedDuringPeriodValueTreasuryStockReissued,"Stock Issued During Period, Value, Treasury Stock Reissued",USD,2022-01-01,2022-09-30,5505000000.0,54000000.0,5451000000.0,100.94444444444444,101.94444444444444,10-Q,2023-11-02,53,review
CVX,TimeDepositsAtCarryingValue,"Time Deposits, at Carrying Value",USD,,2013-12-31,8000000.0,1308000000.0,-1300000000.0,-0.9938837920489296,0.0061162079510703364,10-K,2015-02-20,39,review
CVX,TreasuryStockCommonShares,"Treasury Stock, Common, Shares",shares,,2018-03-31,531719846000.0,537974695.0,531181871305.0,987.3733397534618,988.3733397534618,10-Q,2019-08-07,35,review
CVX,TreasuryStockCommonShares,"Treasury Stock, Common, Shares",shares,,2018-12-31,539838890.0,531902211000.0,-531362372110.0,-0.9989850786877064,0.001014921312293624,10-K,2022-02-24,35,review
CVX,TreasuryStockSharesAcquired,"Treasury Stock, Shares, Acquired",shares,2016-01-01,2016-12-31,20000.0,35100000.0,-35080000.0,-0.9994301994301994,0.0005698005698005698,10-K,2019-02-22,33,high_priority
CVX,TreasuryStockSharesAcquired,"Treasury Stock, Shares, Acquired",shares,2018-01-01,2018-09-30,6262987000.0,7699000.0,6255288000.0,812.4805818937524,813.4805818937524,10-Q,2019-11-07,33,review
CVX,TreasuryStockSharesAcquired,"Treasury Stock, Shares, Acquired",shares,2018-01-01,2018-12-31,14912039.0,6255290000.0,-6240377961.0,-0.9976160915001543,0.0023839084998457305,10-K,2021-02-25,33,review
CVX,TreasuryStockSharesAcquired,"Treasury Stock, Shares, Acquired",shares,2020-04-01,2020-06-30,224.0,17501102.0,-17500878.0,-0.9999872008059836,1.2799194016468221e-05,10-Q,2021-08-05,33,high_priority
CVX,TreasuryStockSharesAcquired,"Treasury Stock, Shares, Acquired",shares,2020-01-01,2020-06-30,17501326.0,224.0,17501102.0,78129.91964285714,78130.91964285714,10-Q,2021-08-05,33,high_priority
CVX,TreasuryStockSharesAcquired,"Treasury Stock, Shares, Acquired",shares,2020-07-01,2020-09-30,2220.0,17501326.0,-17499106.0,-0.9998731524685616,0.00012684753143847501,10-Q,2021-11-04,33,high_priority
CVX,TreasuryStockSharesAcquired,"Treasury Stock, Shares, Acquired",shares,2020-01-01,2020-09-30,17503545.0,2220.0,17501325.0,7883.47972972973,7884.47972972973,10-Q,2021-11-04,33,high_priority
CVX,TreasuryStockSharesAcquired,"Treasury Stock, Shares, Acquired",shares,2021-01-01,2021-03-31,67003.0,17577457.0,-17510454.0,-0.9961881289199,0.003811871080099926,10-Q,2022-05-04,33,review
CVX,TreasuryStockValueAcquiredCostMethod,"Treasury Stock, Value, Acquired, Cost Method",USD,2016-01-01,2016-12-31,2000000.0,3700000000.0,-3698000000.0,-0.9994594594594595,0.0005405405405405405,10-K,2019-02-22,59,high_priority
CVX,TreasuryStockValueAcquiredCostMethod,"Treasury Stock, Value, Acquired, Cost Method",USD,2021-01-01,2021-03-31,6000000.0,1757000000.0,-1751000000.0,-0.9965850882185544,0.003414911781445646,10-Q,2022-05-04,59,review
CVX,TreasuryStockValueAcquiredCostMethod,"Treasury Stock, Value, Acquired, Cost Method",USD,2021-01-01,2021-09-30,633000000.0,2000000.0,631000000.0,315.5,316.5,10-Q,2022-11-03,59,review
DIS,CurrentFederalTaxExpenseBenefit,Current Federal Tax Expense (Benefit),USD,2018-09-30,2019-09-28,14000000.0,2240000000.0,-2226000000.0,-0.99375,0.00625,10-K,2021-11-24,9,review
DIS,DebtInstrumentIncreaseDecreaseOtherNet,"Debt Instrument, Increase (Decrease), Other, Net",USD,2018-09-30,2019-03-30,241000000.0,1000000.0,240000000.0,240.0,241.0,10-Q,2019-05-08,31,review
DIS,DebtInstrumentIncreaseDecreaseOtherNet,"Debt Instrument, Increase (Decrease), Other, Net",USD,2021-10-03,2022-10-01,4000000.0,-1281000000.0,1285000000.0,-1.0031225604996097,0.00312256049960968,10-K,2023-11-21,31,review
DIS,DebtInstrumentIncreaseDecreaseOtherNet,"Debt Instrument, Increase (Decrease), Other, Net",USD,2023-10-01,2023-12-30,522000000.0,5000000.0,517000000.0,103.4,104.4,10-Q,2024-02-07,31,review
DIS,DefinedBenefitPlanPensionPlansWithAccumulatedBenefitObligationsInExcessOfPlanAssetsAggregateFairValueOfPlanAssets,"Defined Benefit Plan, Plan with Accumulated Benefit Obligation in Excess of Plan Assets, Plan Assets",USD,,2019-09-28,13900000000.0,3000000.0,13897000000.0,4632.333333333333,4633.333333333333,10-K,2020-11-25,4,high_priority
DIS,EarningsPerShareBasic,"Earnings Per Share, Basic",USD/shares,2020-10-04,2021-01-02,0.01,-1.58,1.59,-1.0063291139240507,0.006329113924050633,10-Q,2022-02-09,57,review
DIS,EarningsPerShareBasic,"Earnings Per Share, Basic",USD/shares,2023-12-31,2024-03-30,-0.01,1.03,-1.04,-1.0097087378640777,0.009708737864077669,10-Q,2025-05-07,57,review
DIS,EarningsPerShareBasic,"Earnings Per Share, Basic",USD/shares,2024-03-31,2024-06-29,1.44,-0.01,1.45,-145.0,144.0,10-Q,2025-08-06,57,review
DIS,EarningsPerShareDiluted,"Earnings Per Share, Diluted",USD/shares,2020-10-04,2021-01-02,0.01,-1.58,1.59,-1.0063291139240507,0.006329113924050633,10-Q,2022-02-09,57,review
DIS,EarningsPerShareDiluted,"Earnings Per Share, Diluted",USD/shares,2023-12-31,2024-03-30,-0.01,1.03,-1.04,-1.0097087378640777,0.009708737864077669,10-Q,2025-05-07,57,review
DIS,EarningsPerShareDiluted,"Earnings Per Share, Diluted",USD/shares,2023-10-01,2024-06-29,2.46,-0.01,2.4699999999999998,-246.99999999999997,246.0,10-Q,2025-08-06,57,review
DIS,EffectiveIncomeTaxRateReconciliationChangeInDeferredTaxAssetsValuationAllowance,"Effective Income Tax Rate Reconciliation, Change in Deferred Tax Assets Valuation Allowance, Percent",pure,2019-09-29,2020-10-03,-0.146,0.001,-0.147,-147.0,146.0,10-K,2022-11-29,8,review
DIS,GainLossOnSaleOfInvestments,Gain (Loss) on Sale of Investments,USD,2019-09-29,2019-12-28,-3000000.0,4733000000.0,-4736000000.0,-1.0006338474540462,0.0006338474540460595,10-Q,2021-02-11,22,high_priority
DIS,GoodwillAcquiredDuringPeriod,"Goodwill, Acquired During Period",USD,2019-09-29,2019-12-28,27000000.0,49085000000.0,-49058000000.0,-0.9994499337883264,0.0005500662116736274,10-Q,2020-02-04,9,high_priority
DIS,GoodwillOtherIncreaseDecrease,"Goodwill, Other Increase (Decrease)",USD,2023-10-01,2023-12-30,-1000000.0,109000000.0,-110000000.0,-1.0091743119266054,0.009174311926605505,10-Q,2024-02-07,31,review
DIS,IncomeLossFromContinuingOperationsAttributableToNoncontrollingEntity,"Income (Loss) from Continuing Operations, Net of Tax, Attributable to Noncontrolling Interest",USD,2018-09-30,2018-12-29,-2000000.0,468000000.0,-470000000.0,-1.0042735042735043,0.004273504273504274,10-Q,2020-02-04,36,review
DIS,IncomeLossFromContinuingOperationsAttributableToNoncontrollingEntity,"Income (Loss) from Continuing Operations, Net of Tax, Attributable to Noncontrolling Interest",USD,2020-10-04,2021-01-02,1000000.0,390000000.0,-389000000.0,-0.9974358974358974,0.002564102564102564,10-Q,2022-02-09,36,review
DIS,IncomeLossFromContinuingOperationsAttributableToNoncontrollingEntity,"Income (Loss) from Continuing Operations, Net of Tax, Attributable to Noncontrolling Interest",USD,2020-10-04,2021-04-03,211000000.0,1000000.0,210000000.0,210.0,211.0,10-Q,2022-05-11,36,review
DIS,IncomeLossFromEquityMethodInvestments,Income (Loss) from Equity Method Investments,USD,2019-03-31,2019-06-29,-1000000.0,-309000000.0,308000000.0,-0.9967637540453075,0.003236245954692557,10-Q,2020-08-04,53,review
DIS,IncomeLossFromEquityMethodInvestments,Income (Loss) from Equity Method Investments,USD,2018-09-30,2019-06-29,-234000000.0,-1000000.0,-233000000.0,233.0,234.0,10-Q,2020-08-04,53,review
DIS,IncomeTaxExpenseBenefitContinuingOperationsDiscontinuedOperationsExtraordinaryItems,"Income Tax Expense (Benefit), Continuing Operations, Discontinued Operations",USD,2021-10-03,2022-10-01,1718000000.0,16000000.0,1702000000.0,106.375,107.375,10-K,2024-11-14,8,review
DIS,NetCashProvidedByUsedInDiscontinuedOperations,Net Cash Provided by (Used in) Discontinued Operations,USD,2019-09-29,2019-12-28,-19000000.0,10974000000.0,-10993000000.0,-1.001731365044651,0.0017313650446509933,10-Q,2020-02-04,23,review
DIS,NetCashProvidedByUsedInFinancingActivities,Net Cash Provided by (Used in) Financing Activities,USD,2018-09-30,2019-06-29,20000000.0,12696000000.0,-12676000000.0,-0.9984247006931317,0.001575299306868305,10-Q,2019-08-06,24,review
DIS,NetCashProvidedByUsedInOperatingActivitiesContinuingOperations,"Net Cash Provided by (Used in) Operating Activities, Continuing Operations",USD,2020-10-04,2021-01-02,75000000.0,7616000000.0,-7541000000.0,-0.9901523109243697,0.009847689075630252,10-Q,2022-02-09,25,review
DIS,NetIncomeLoss,Net Income (Loss) Attributable to Parent,USD,2020-10-04,2021-01-02,17000000.0,-2864000000.0,2881000000.0,-1.005935754189944,0.005935754189944134,10-Q,2022-02-09,57,review
DIS,NetIncomeLossAttributableToNoncontrollingInterest,Net Income (Loss) Attributable to Noncontrolling Interest,USD,2018-09-30,2018-12-29,-2000000.0,468000000.0,-470000000.0,-1.0042735042735043,0.004273504273504274,10-Q,2020-02-04,53,review
DIS,NetIncomeLossAttributableToNoncontrollingInterest,Net Income (Loss) Attributable to Noncontrolling Interest,USD,2020-10-04,2021-01-02,1000000.0,390000000.0,-389000000.0,-0.9974358974358974,0.002564102564102564,10-Q,2022-02-09,53,review
DIS,NetIncomeLossAttributableToNoncontrollingInterest,Net Income (Loss) Attributable to Noncontrolling Interest,USD,2020-10-04,2021-04-03,211000000.0,1000000.0,210000000.0,210.0,211.0,10-Q,2022-05-11,53,review
DIS,OtherComprehensiveIncomeLossBeforeReclassificationsBeforeTax,"Other Comprehensive Income (Loss), before Reclassifications, before Tax",USD,2018-09-30,2019-09-28,-3680000000.0,9000000.0,-3689000000.0,-409.8888888888889,408.8888888888889,10-K,2021-11-24,53,review
DIS,OtherComprehensiveIncomeLossBeforeReclassificationsBeforeTax,"Other Comprehensive Income (Loss), before Reclassifications, before Tax",USD,2019-09-29,2019-12-28,1000000.0,-3680000000.0,3681000000.0,-1.0002717391304348,0.0002717391304347826,10-Q,2021-02-11,53,high_priority
DIS,OtherComprehensiveIncomeLossBeforeReclassificationsBeforeTax,"Other Comprehensive Income (Loss), before Reclassifications, before Tax",USD,2019-12-29,2020-03-28,-195000000.0,1000000.0,-196000000.0,-196.0,195.0,10-Q,2021-05-13,53,review
DIS,OtherComprehensiveIncomeLossBeforeReclassificationsNetOfTax,"Other Comprehensive Income (Loss), before Reclassifications, Net of Tax",USD,2018-09-30,2019-09-28,-2886000000.0,10000000.0,-2896000000.0,-289.6,288.6,10-K,2021-11-24,53,review
DIS,OtherComprehensiveIncomeLossBeforeReclassificationsNetOfTax,"Other Comprehensive Income (Loss), before Reclassifications, Net of Tax",USD,2019-09-29,2019-12-28,23000000.0,-2886000000.0,2909000000.0,-1.007969507969508,0.00796950796950797,10-Q,2021-02-11,53,review
DIS,OtherComprehensiveIncomeLossBeforeReclassificationsTax,"Other Comprehensive Income (Loss) before Reclassifications, Tax",USD,2018-09-30,2019-09-28,794000000.0,3000000.0,791000000.0,263.6666666666667,264.6666666666667,10-K,2021-11-24,53,review
DIS,OtherComprehensiveIncomeLossPensionAndOtherPostretirementBenefitPlansAdjustmentNetOfTax,"Other Comprehensive (Income) Loss, Defined Benefit Plan, after Reclassification Adjustment, after Tax",USD,2022-10-02,2022-12-31,-1000000.0,-2503000000.0,2502000000.0,-0.9996004794246903,0.00039952057530962844,10-Q,2024-02-07,53,high_priority
DIS,OtherComprehensiveIncomeLossPensionAndOtherPostretirementBenefitPlansAdjustmentNetOfTax,"Other Comprehensive (Income) Loss, Defined Benefit Plan, after Reclassification Adjustment, after Tax",USD,2022-10-02,2023-09-30,-1214000000.0,-1000000.0,-1213000000.0,1213.0,1214.0,10-K,2025-11-13,53,high_priority
DIS,ProceedsFromIssuanceOfDebt,Proceeds from Issuance of Debt,USD,2020-10-04,2021-01-02,51000000.0,11500000000.0,-11449000000.0,-0.9955652173913043,0.004434782608695652,10-Q,2021-02-11,31,review
DIS,ProceedsFromIssuanceOfLongTermDebt,Proceeds from Issuance of Long-term Debt,USD,2019-09-29,2019-12-28,51000000.0,38240000000.0,-38189000000.0,-0.9986663179916317,0.0013336820083682008,10-Q,2021-02-11,35,review
DIS,ProceedsFromIssuanceOfLongTermDebt,Proceeds from Issuance of Long-term Debt,USD,2019-09-29,2020-03-28,6071000000.0,51000000.0,6020000000.0,118.03921568627452,119.03921568627452,10-Q,2021-05-13,35,review
DIS,ProceedsFromIssuanceOfLongTermDebt,Proceeds from Issuance of Long-term Debt,USD,2020-10-04,2021-01-02,1000000.0,18120000000.0,-18119000000.0,-0.9999448123620309,5.518763796909492e-05,10-Q,2022-02-09,35,high_priority
DIS,ProceedsFromRepaymentsOfOtherDebt,Proceeds from (Repayments of) Other Debt,USD,2020-10-04,2021-10-02,-26000000.0,-3354000000.0,3328000000.0,-0.9922480620155039,0.007751937984496124,10-K,2023-11-21,7,review
DIS,ProfitLoss,"Net Income (Loss), Including Portion Attributable to Noncontrolling Interest",USD,2020-10-04,2021-01-02,18000000.0,-2474000000.0,2492000000.0,-1.0072756669361358,0.007275666936135812,10-Q,2022-02-09,53,review
DIS,RepaymentsOfLongTermDebt,Repayments of Long-term Debt,USD,2019-09-29,2019-12-28,46000000.0,38881000000.0,-38835000000.0,-0.9988169028574367,0.0011830971425632057,10-Q,2021-02-11,35,review
GE,AntidilutiveSecuritiesExcludedFromComputationOfEarningsPerShareAmount,"Antidilutive Securities Excluded from Computation of Earnings Per Share, Amount",shares,2012-01-01,2012-12-31,292.0,290000000.0,-289999708.0,-0.9999989931034483,1.006896551724138e-06,10-K,2015-02-27,105,high_priority
GE,AntidilutiveSecuritiesExcludedFromComputationOfEarningsPerShareAmount,"Antidilutive Securities Excluded from Computation of Earnings Per Share, Amount",shares,2013-01-01,2013-03-31,190000000.0,292.0,189999708.0,650683.9315068494,650684.9315068494,10-Q,2014-05-12,105,high_priority
GE,AntidilutiveSecuritiesExcludedFromComputationOfEarningsPerShareAmount,"Antidilutive Securities Excluded from Computation of Earnings Per Share, Amount",shares,2014-01-01,2014-03-31,72.0,121000000.0,-120999928.0,-0.9999994049586777,5.950413223140496e-07,10-Q,2015-05-04,105,high_priority
GE,AntidilutiveSecuritiesExcludedFromComputationOfEarningsPerShareAmount,"Antidilutive Securities Excluded from Computation of Earnings Per Share, Amount",shares,2014-04-01,2014-06-30,70000000.0,72.0,69999928.0,972221.2222222222,972222.2222222222,10-Q,2015-07-30,105,high_priority
GE,AssetsOfDisposalGroupIncludingDiscontinuedOperation,"Disposal Group, Including Discontinued Operation, Assets",USD,,2014-12-31,323529000000.0,1330000000.0,322199000000.0,242.25488721804513,243.25488721804513,10-K,2016-02-26,47,review
GE,CashAndCashEquivalentsPeriodIncreaseDecrease,"Cash and Cash Equivalents, Period Increase (Decrease)",USD,2015-01-01,2015-12-31,-138000000.0,19594000000.0,-19732000000.0,-1.007042972338471,0.00704297233847096,10-K,2018-02-23,35,review
GE,CashCashEquivalentsRestrictedCashAndRestrictedCashEquivalentsPeriodIncreaseDecreaseIncludingExchangeRateEffect,"Cash, Cash Equivalents, Restricted Cash and Restricted Cash Equivalents, Period Increase (Decrease), Including Exchange Rate Effect",USD,2019-01-01,2019-03-31,-45000000.0,-9176000000.0,9131000000.0,-0.9950959023539668,0.00490409764603313,10-Q,2020-04-29,39,review
GE,CashProvidedByUsedInFinancingActivitiesDiscontinuedOperations,"Cash Provided by (Used in) Financing Activities, Discontinued Operations",USD,2018-01-01,2018-03-31,-9000000.0,5443000000.0,-5452000000.0,-1.0016534999081388,0.001653499908138894,10-Q,2019-04-30,74,review
GE,CashProvidedByUsedInFinancingActivitiesDiscontinuedOperations,"Cash Provided by (Used in) Financing Activities, Discontinued Operations",USD,2018-01-01,2018-09-30,-2743000000.0,-3000000.0,-2740000000.0,913.3333333333334,914.3333333333334,10-Q,2019-10-30,74,review
GE,CashProvidedByUsedInInvestingActivitiesDiscontinuedOperations,"Cash Provided by (Used in) Investing Activities, Discontinued Operations",USD,2013-01-01,2013-12-31,-15042000000.0,-13000000.0,-15029000000.0,1156.076923076923,1157.076923076923,10-K,2016-02-26,74,high_priority
GE,CashProvidedByUsedInInvestingActivitiesDiscontinuedOperations,"Cash Provided by (Used in) Investing Activities, Discontinued Operations",USD,2025-01-01,2025-03-31,3000000.0,-1110000000.0,1113000000.0,-1.0027027027027027,0.002702702702702703,10-Q,2026-04-21,74,review
GE,CashProvidedByUsedInOperatingActivitiesDiscontinuedOperations,"Cash Provided by (Used in) Operating Activities, Discontinued Operations",USD,2013-01-01,2013-12-31,14112000000.0,-48000000.0,14160000000.0,-295.0,294.0,10-K,2016-02-26,74,review
GE,CashProvidedByUsedInOperatingActivitiesDiscontinuedOperations,"Cash Provided by (Used in) Operating Activities, Discontinued Operations",USD,2018-01-01,2018-03-31,-5000000.0,714000000.0,-719000000.0,-1.0070028011204482,0.0070028011204481795,10-Q,2019-04-30,74,review
GE,CommonStockSharesAuthorized,"Common Stock, Shares Authorized",shares,,2015-03-31,13200000000000.0,13200000000.0,13186800000000.0,999.0,1000.0,10-Q,2015-05-04,31,high_priority
GE,CommonStockSharesAuthorized,"Common Stock, Shares Authorized",shares,,2015-06-30,13200000000.0,13200000000000.0,-13186800000000.0,-0.999,0.001,10-Q,2015-07-30,31,high_priority
GE,ComprehensiveIncomeNetOfTaxIncludingPortionAttributableToNoncontrollingInterest,"Comprehensive Income (Loss), Net of Tax, Including Portion Attributable to Noncontrolling Interest",USD,2018-01-01,2018-09-30,-22222000000.0,-115000000.0,-22107000000.0,192.23478260869564,193.23478260869564,10-Q,2019-10-30,94,review
GE,DeferredIncomeTaxLiabilities,"Deferred Tax Liabilities, Gross",USD,,2015-06-30,67000000.0,21808000000.0,-21741000000.0,-0.9969277329420396,0.0030722670579603813,10-Q,2015-07-30,25,review
GE,DeferredIncomeTaxLiabilities,"Deferred Tax Liabilities, Gross",USD,,2015-12-31,-22077000000.0,67000000.0,-22144000000.0,-330.5074626865672,329.5074626865672,10-K,2017-02-24,25,review
GE,DerivativeCollateralObligationToReturnSecurities,"Derivative, Collateral, Obligation to Return Securities",USD,,2020-09-30,2000000.0,720000000.0,-718000000.0,-0.9972222222222222,0.002777777777777778,10-Q,2020-10-28,22,review
GE,DiscontinuedOperationGainLossFromDisposalOfDiscontinuedOperationBeforeIncomeTax,"Discontinued Operation, Gain (Loss) from Disposal of Discontinued Operation, before Income Tax",USD,2012-07-01,2012-09-30,-4000000.0,-506000000.0,502000000.0,-0.9920948616600791,0.007905138339920948,10-Q,2013-11-01,34,review
GE,DiscontinuedOperationGainLossFromDisposalOfDiscontinuedOperationBeforeIncomeTax,"Discontinued Operation, Gain (Loss) from Disposal of Discontinued Operation, before Income Tax",USD,2012-01-01,2012-12-31,-792000000.0,-4000000.0,-788000000.0,197.0,198.0,10-K,2015-02-27,34,review
GE,DiscontinuedOperationGainLossFromDisposalOfDiscontinuedOperationBeforeIncomeTax,"Discontinued Operation, Gain (Loss) from Disposal of Discontinued Operation, before Income Tax",USD,2014-01-01,2014-03-31,18000000.0,-2027000000.0,2045000000.0,-1.0088801184015788,0.008880118401578688,10-Q,2014-05-12,34,review
GE,DiscontinuedOperationGainLossFromDisposalOfDiscontinuedOperationBeforeIncomeTax,"Discontinued Operation, Gain (Loss) from Disposal of Discontinued Operation, before Income Tax",USD,2015-01-01,2015-12-31,-6612000000.0,14000000.0,-6626000000.0,-473.2857142857143,472.2857142857143,10-K,2017-02-24,34,review
GE,DiscontinuedOperationGainLossFromDisposalOfDiscontinuedOperationBeforeIncomeTax,"Discontinued Operation, Gain (Loss) from Disposal of Discontinued Operation, before Income Tax",USD,2019-01-01,2019-03-31,3518000000.0,4000000.0,3514000000.0,878.5,879.5,10-Q,2020-04-29,34,review
GE,DiscontinuedOperationGainLossFromDisposalOfDiscontinuedOperationBeforeIncomeTax,"Discontinued Operation, Gain (Loss) from Disposal of Discontinued Operation, before Income Tax",USD,2020-01-01,2020-03-31,-4000000.0,-5183000000.0,5179000000.0,-0.9992282461894656,0.0007717538105344395,10-Q,2020-04-29,34,high_priority
GE,DiscontinuedOperationGainLossOnDisposalOfDiscontinuedOperationNetOfTax,"Discontinued Operation, Gain (Loss) on Disposal of Discontinued Operation, Net of Tax",USD,2015-01-01,2015-12-31,-7591000000.0,15000000.0,-7606000000.0,-507.06666666666666,506.06666666666666,10-K,2017-02-24,34,review
GE,DiscontinuedOperationGainLossOnDisposalOfDiscontinuedOperationNetOfTax,"Discontinued Operation, Gain (Loss) on Disposal of Discontinued Operation, Net of Tax",USD,2019-01-01,2019-03-31,2553000000.0,3000000.0,2550000000.0,850.0,851.0,10-Q,2020-04-29,34,review
GE,DiscontinuedOperationGainLossOnDisposalOfDiscontinuedOperationNetOfTax,"Discontinued Operation, Gain (Loss) on Disposal of Discontinued Operation, Net of Tax",USD,2019-04-01,2019-06-30,-1000000.0,2553000000.0,-2554000000.0,-1.00039169604387,0.0003916960438699569,10-Q,2020-07-29,34,high_priority
GE,DiscontinuedOperationGainLossOnDisposalOfDiscontinuedOperationNetOfTax,"Discontinued Operation, Gain (Loss) on Disposal of Discontinued Operation, Net of Tax",USD,2019-07-01,2019-09-30,-8201000000.0,-1000000.0,-8200000000.0,8200.0,8201.0,10-Q,2020-10-28,34,high_priority
GE,DiscontinuedOperationGainLossOnDisposalOfDiscontinuedOperationNetOfTax,"Discontinued Operation, Gain (Loss) on Disposal of Discontinued Operation, Net of Tax",USD,2020-01-01,2020-03-31,-4000000.0,-5675000000.0,5671000000.0,-0.999295154185022,0.0007048458149779736,10-Q,2020-04-29,34,high_priority
GE,DiscontinuedOperationIncomeLossFromDiscontinuedOperationDuringPhaseOutPeriodBeforeIncomeTax,"Discontinued Operation, Income (Loss) from Discontinued Operation During Phase-out Period, before Income Tax",USD,2014-01-01,2014-03-31,-14000000.0,6558000000.0,-6572000000.0,-1.0021347971942665,0.0021347971942665446,10-Q,2014-05-12,26,review
GE,DiscontinuedOperationIncomeLossFromDiscontinuedOperationDuringPhaseOutPeriodBeforeIncomeTax,"Discontinued Operation, Income (Loss) from Discontinued Operation During Phase-out Period, before Income Tax",USD,2014-01-01,2014-12-31,6615000000.0,-46000000.0,6661000000.0,-144.80434782608697,143.80434782608697,10-K,2017-02-24,26,review
GE,DiscontinuedOperationIncomeLossFromDiscontinuedOperationDuringPhaseOutPeriodNetOfTax,"Discontinued Operation, Income (Loss) from Discontinued Operation During Phase-out Period, Net of Tax",USD,2013-01-01,2013-12-31,7257000000.0,-28000000.0,7285000000.0,-260.17857142857144,259.17857142857144,10-K,2016-02-26,33,review
GE,DiscontinuedOperationIncomeLossFromDiscontinuedOperationDuringPhaseOutPeriodNetOfTax,"Discontinued Operation, Income (Loss) from Discontinued Operation During Phase-out Period, Net of Tax",USD,2014-01-01,2014-03-31,-7000000.0,7257000000.0,-7264000000.0,-1.0009645859170455,0.0009645859170456111,10-Q,2014-05-12,33,high_priority
GE,DiscontinuedOperationIncomeLossFromDiscontinuedOperationDuringPhaseOutPeriodNetOfTax,"Discontinued Operation, Income (Loss) from Discontinued Operation During Phase-out Period, Net of Tax",USD,2014-01-01,2014-12-31,5839000000.0,57000000.0,5782000000.0,101.43859649122807,102.43859649122807,10-K,2017-02-24,33,review
GE,DiscontinuedOperationTaxEffectOfIncomeLossFromDisposalOfDiscontinuedOperation,"Discontinued Operation, Tax Effect of Gain (Loss) from Disposal of Discontinued Operation",USD,2014-01-01,2014-03-31,-1000000.0,-246000000.0,245000000.0,-0.9959349593495935,0.0040650406504065045,10-Q,2014-05-12,34,review
GE,DiscontinuedOperationTaxEffectOfIncomeLossFromDisposalOfDiscontinuedOperation,"Discontinued Operation, Tax Effect of Gain (Loss) from Disposal of Discontinued Operation",USD,2015-01-01,2015-12-31,979000000.0,-1000000.0,980000000.0,-980.0,979.0,10-K,2017-02-24,34,review
GE,DiscontinuedOperationTaxEffectOfIncomeLossFromDisposalOfDiscontinuedOperation,"Discontinued Operation, Tax Effect of Gain (Loss) from Disposal of Discontinued Operation",USD,2019-01-01,2019-03-31,-964000000.0,1000000.0,-965000000.0,-965.0,964.0,10-Q,2020-04-29,34,review
GE,DisposalGroupIncludingDiscontinuedOperationAccountsNotesAndLoansReceivableNet,"Disposal Group, Including Discontinued Operation, Accounts, Notes and Loans Receivable, Net",USD,,2014-03-31,1000000.0,711000000.0,-710000000.0,-0.9985935302390999,0.0014064697609001407,10-Q,2014-05-12,20,review
GE,DisposalGroupIncludingDiscontinuedOperationAccountsNotesAndLoansReceivableNet,"Disposal Group, Including Discontinued Operation, Accounts, Notes and Loans Receivable, Net",USD,,2014-12-31,213514000000.0,1000000.0,213513000000.0,213513.0,213514.0,10-K,2016-02-26,20,high_priority
GE,DisposalGroupIncludingDiscontinuedOperationCashAndCashEquivalents,"Disposal Group, Including Discontinued Operation, Cash and Cash Equivalents",USD,,2014-12-31,20991000000.0,130000000.0,20861000000.0,160.46923076923076,161.46923076923076,10-K,2016-02-26,18,review
GE,DisposalGroupIncludingDiscontinuedOperationForeignCurrencyTranslationGainsLosses,"Disposal Group, Including Discontinued Operation, Foreign Currency Translation Gains (Losses)",USD,2017-04-01,2017-06-30,-2000000.0,510000000.0,-512000000.0,-1.003921568627451,0.00392156862745098,10-Q,2018-07-27,17,review
GE,DisposalGroupIncludingDiscontinuedOperationRevenue,"Disposal Group, Including Discontinued Operation, Revenue",USD,2013-01-01,2013-12-31,32987000000.0,304000000.0,32683000000.0,107.50986842105263,108.50986842105263,10-K,2016-02-26,38,review
GE,DisposalGroupIncludingDiscontinuedOperationRevenue,"Disposal Group, Including Discontinued Operation, Revenue",USD,2014-01-01,2014-03-31,29000000.0,32987000000.0,-32958000000.0,-0.9991208657956164,0.0008791342043835451,10-Q,2014-05-12,38,high_priority
GE,DisposalGroupIncludingDiscontinuedOperationRevenue,"Disposal Group, Including Discontinued Operation, Revenue",USD,2014-01-01,2014-12-31,31136000000.0,-34000000.0,31170000000.0,-916.7647058823529,915.7647058823529,10-K,2017-02-24,38,review
GE,EarningsPerShareBasic,"Earnings Per Share, Basic",USD/shares,2023-01-01,2023-03-31,6.76,0.05,6.71,134.2,135.2,10-K,2025-02-03,127,review
GE,EarningsPerShareBasic,"Earnings Per Share, Basic",USD/shares,2023-04-01,2023-06-30,-0.02,6.74,-6.76,-1.002967359050445,0.002967359050445104,10-K,2025-02-03,127,review
GE,EarningsPerShareBasic,"Earnings Per Share, Basic",USD/shares,2023-01-01,2023-09-30,6.98,-0.02,7.0,-350.0,349.0,10-Q,2024-10-22,127,review
GE,EarningsPerShareDiluted,"Earnings Per Share, Diluted",USD/shares,2023-01-01,2023-03-31,6.71,0.05,6.66,133.2,134.2,10-K,2025-02-03,127,review
GE,EarningsPerShareDiluted,"Earnings Per Share, Diluted",USD/shares,2023-04-01,2023-06-30,-0.02,6.68,-6.699999999999999,-1.0029940119760479,0.0029940119760479044,10-K,2025-02-03,127,review
GE,EarningsPerShareDiluted,"Earnings Per Share, Diluted",USD/shares,2023-01-01,2023-09-30,6.92,-0.02,6.9399999999999995,-346.99999999999994,346.0,10-Q,2024-10-22,127,review
GE,EffectOfExchangeRateOnCashAndCashEquivalents,Effect of Exchange Rate on Cash and Cash Equivalents,USD,2016-01-01,2016-03-31,31000000.0,-3464000000.0,3495000000.0,-1.0089491916859123,0.00894919168591224,10-Q,2017-05-05,37,review
GE,EffectOfExchangeRateOnCashCashEquivalentsRestrictedCashAndRestrictedCashEquivalentsIncludingDisposalGroupAndDiscontinuedOperations,"Effect of Exchange Rate on Cash, Cash Equivalents, Restricted Cash and Restricted Cash Equivalents, Including Disposal Group and Discontinued Operations",USD,2019-01-01,2019-09-30,-131000000.0,1000000.0,-132000000.0,-132.0,131.0,10-Q,2020-10-28,39,review
GE,EffectiveIncomeTaxRateContinuingOperations,"Effective Income Tax Rate Reconciliation, Percent",pure,2019-01-01,2019-12-31,-10.222,0.002,-10.224,-5112.0,5111.0,10-K,2022-02-11,49,high_priority
GE,EffectiveIncomeTaxRateContinuingOperations,"Effective Income Tax Rate Reconciliation, Percent",pure,2020-01-01,2020-03-31,0.009,-10.222,10.231,-1.0008804539229115,0.0008804539229113676,10-Q,2021-04-27,49,high_priority
GE,EffectiveIncomeTaxRateReconciliationDispositionOfBusiness,"Effective Income Tax Rate Reconciliation, Disposition of Business, Percent",pure,2019-01-01,2019-12-31,-11.722,0.056,-11.777999999999999,-210.32142857142856,209.32142857142856,10-K,2022-02-11,8,review
GE,EffectiveIncomeTaxRateReconciliationDispositionOfBusiness,"Effective Income Tax Rate Reconciliation, Disposition of Business, Percent",pure,2021-01-01,2021-12-31,0.001,-0.242,0.243,-1.0041322314049588,0.004132231404958678,10-K,2023-02-10,8,review
GE,EffectiveIncomeTaxRateReconciliationNondeductibleExpenseImpairmentLosses,"Effective Income Tax Rate Reconciliation, Nondeductible Expense, Impairment Losses, Percent",pure,2020-01-01,2020-12-31,0.031,-5.537,5.568,-1.0055986996568538,0.005598699656853892,10-K,2023-02-10,7,review
GE,EffectiveIncomeTaxRateReconciliationOtherAdjustments,"Effective Income Tax Rate Reconciliation, Other Adjustments, Percent",pure,2019-01-01,2019-12-31,8.716,0.027,8.689,321.81481481481484,322.8148148148148,10-K,2022-02-11,17,review
GE,EffectiveIncomeTaxRateReconciliationOtherAdjustments,"Effective Income Tax Rate Reconciliation, Other Adjustments, Percent",pure,2020-01-01,2020-12-31,-0.011,8.716,-8.726999999999999,-1.0012620468104634,0.0012620468104635155,10-K,2023-02-10,17,review
GE,EffectiveIncomeTaxRateReconciliationTaxCreditsOther,"Effective Income Tax Rate Reconciliation, Tax Credit, Other, Percent",pure,2019-01-01,2019-12-31,-4.796,-0.026,-4.7700000000000005,183.46153846153848,184.46153846153848,10-K,2022-02-11,13,review
GE,EffectiveIncomeTaxRateReconciliationTaxCreditsOther,"Effective Income Tax Rate Reconciliation, Tax Credit, Other, Percent",pure,2020-01-01,2020-12-31,0.028,-4.796,4.824,-1.0058381984987488,0.005838198498748957,10-K,2023-02-10,13,review
GE,EffectiveIncomeTaxRateReconciliationTaxCutsAndJobsActOf2017Percent,"Effective Income Tax Rate Reconciliation, Tax Cuts and Jobs Act, Percent",pure,2018-01-01,2018-12-31,-0.002,-0.398,0.396,-0.9949748743718593,0.005025125628140704,10-K,2021-02-12,4,review
GE,EquitySecuritiesFvNiGainLoss,"Equity Securities, FV-NI, Gain (Loss)",USD,2023-01-01,2023-03-31,5906000000.0,-56000000.0,5962000000.0,-106.46428571428571,105.46428571428571,10-Q,2024-04-23,30,review
GE,EquitySecuritiesFvNiUnrealizedGainLoss,"Equity Securities, FV-NI, Unrealized Gain (Loss)",USD,2023-01-01,2023-03-31,6040000000.0,-42000000.0,6082000000.0,-144.8095238095238,143.8095238095238,10-Q,2024-04-23,57,review
GE,FairValueMeasurementWithUnobservableInputsReconciliationRecurringBasisAssetTransfersNet,"Fair Value, Measurement with Unobservable Inputs Reconciliation, Recurring Basis, Asset, Transfers, Net",USD,2009-07-01,2009-09-30,3000000.0,-696000000.0,699000000.0,-1.0043103448275863,0.004310344827586207,10-Q,2010-11-03,10,review
GE,FairValueMeasurementWithUnobservableInputsReconciliationRecurringBasisAssetTransfersNet,"Fair Value, Measurement with Unobservable Inputs Reconciliation, Recurring Basis, Asset, Transfers, Net",USD,2009-01-01,2009-12-31,-300000000.0,3000000.0,-303000000.0,-101.0,100.0,10-K,2011-02-25,10,review
GE,GainLossFromComponentsExcludedFromAssessmentOfCashFlowHedgeEffectivenessNet,"Gain (Loss) from Components Excluded from Assessment of Cash Flow Hedge Effectiveness, Net",USD,2018-01-01,2018-12-31,-102000000.0,-1000000.0,-101000000.0,101.0,102.0,10-K,2020-02-24,12,review
GE,GainLossOnDispositionOfAssets1,Gain (Loss) on Disposition of Assets,USD,2020-01-01,2020-12-31,12468000000.0,3000000.0,12465000000.0,4155.0,4156.0,10-K,2023-02-10,34,high_priority
GE,GainLossOnDispositionOfAssets1,Gain (Loss) on Disposition of Assets,USD,2021-01-01,2021-03-31,3000000.0,12468000000.0,-12465000000.0,-0.9997593840230992,0.00024061597690086623,10-Q,2022-04-26,34,high_priority
GE,GainLossOnDispositionOfAssets1,Gain (Loss) on Disposition of Assets,USD,2025-07-01,2025-09-30,3000000.0,399000000.0,-396000000.0,-0.9924812030075187,0.007518796992481203,10-Q,2025-10-21,34,review
GE,GainLossOnSaleOfBusiness,Gain (Loss) on Disposition of Business,USD,2020-01-01,2020-03-31,12372000000.0,-14000000.0,12386000000.0,-884.7142857142857,883.7142857142857,10-Q,2021-04-27,21,review
GE,GainLossOnSaleOfBusiness,Gain (Loss) on Disposition of Business,USD,2021-01-01,2021-03-31,3000000.0,12469000000.0,-12466000000.0,-0.9997594033202342,0.00024059667976581922,10-Q,2022-04-26,21,high_priority
GE,GoodwillAcquiredDuringPeriod,"Goodwill, Acquired During Period",USD,2018-01-01,2018-12-31,2020000000.0,16000000.0,2004000000.0,125.25,126.25,10-K,2020-02-24,49,review
GE,GoodwillOtherChanges,"Goodwill, Other Changes (Deprecated 2016-01-31)",USD,2016-01-01,2016-03-31,-9000000.0,-1968000000.0,1959000000.0,-0.9954268292682927,0.004573170731707317,10-Q,2016-05-04,9,review
GE,GoodwillWrittenOffRelatedToSaleOfBusinessUnit,"Goodwill, Written off Related to Sale of Business Unit",USD,2022-01-01,2022-09-30,6000000.0,5597000000.0,-5591000000.0,-0.9989279971413257,0.0010720028586742897,10-Q,2022-10-25,3,review
GE,IncomeLossFromContinuingOperations,"Income (Loss) from Continuing Operations, Net of Tax, Attributable to Parent",USD,2009-01-01,2009-12-31,10881000000.0,73000000.0,10808000000.0,148.05479452054794,149.05479452054794,10-K,2013-02-26,109,review
GE,IncomeLossFromContinuingOperationsBeforeIncomeTaxesExtraordinaryItemsNoncontrollingInterest,"Income (Loss) from Continuing Operations before Income Taxes, Noncontrolling Interest",USD,2017-01-01,2017-03-31,-53000000.0,7031000000.0,-7084000000.0,-1.0075380457971839,0.0075380457971839,10-Q,2018-05-01,83,review
GE,IncomeLossFromContinuingOperationsBeforeIncomeTaxesExtraordinaryItemsNoncontrollingInterest,"Income (Loss) from Continuing Operations before Income Taxes, Noncontrolling Interest",USD,2020-01-01,2020-03-31,6308000000.0,-54000000.0,6362000000.0,-117.81481481481481,116.81481481481481,10-Q,2021-04-27,83,review
GE,IncomeLossFromContinuingOperationsIncludingPortionAttributableToNoncontrollingInterest,"Income (Loss) from Continuing Operations, Net of Tax, Including Portion Attributable to Noncontrolling Interest",USD,2017-01-01,2017-03-31,52000000.0,8165000000.0,-8113000000.0,-0.9936313533374158,0.0063686466625842006,10-K,2019-02-26,126,review
GE,IncomeLossFromContinuingOperationsPerBasicShare,"Income (Loss) from Continuing Operations, Per Basic Share",USD/shares,2021-01-01,2021-03-31,0.02,5.46,-5.44,-0.9963369963369965,0.003663003663003663,10-K,2023-02-10,127,review
GE,IncomeLossFromContinuingOperationsPerDilutedShare,"Income (Loss) from Continuing Operations, Per Diluted Share",USD/shares,2021-01-01,2021-03-31,0.02,5.46,-5.44,-0.9963369963369965,0.003663003663003663,10-K,2023-02-10,127,review
GE,IncomeLossFromDiscontinuedOperationsNetOfTax,"Income (Loss) from Discontinued Operations, Net of Tax, Including Portion Attributable to Noncontrolling Interest",USD,2020-01-01,2020-03-31,-21000000.0,-4306000000.0,4285000000.0,-0.9951230840687413,0.004876915931258709,10-K,2022-02-11,127,review
GE,IncomeLossFromDiscontinuedOperationsNetOfTax,"Income (Loss) from Discontinued Operations, Net of Tax, Including Portion Attributable to Noncontrolling Interest",USD,2023-01-01,2023-12-31,-3000000.0,413000000.0,-416000000.0,-1.0072639225181599,0.007263922518159807,10-K,2026-01-29,127,review
GE,IncomeLossFromDiscontinuedOperationsNetOfTaxAttributableToReportingEntity,"Income (Loss) from Discontinued Operations, Net of Tax, Attributable to Parent",USD,2012-01-01,2012-12-31,5047000000.0,41000000.0,5006000000.0,122.09756097560975,123.09756097560975,10-K,2017-02-24,101,review
GE,IncomeLossFromDiscontinuedOperationsNetOfTaxAttributableToReportingEntity,"Income (Loss) from Discontinued Operations, Net of Tax, Attributable to Parent",USD,2020-01-01,2020-03-31,-19000000.0,-4366000000.0,4347000000.0,-0.9956481905634448,0.004351809436555199,10-Q,2021-04-27,101,review
GE,IncomeLossFromDiscontinuedOperationsNetOfTaxPerBasicShare,"Income (Loss) from Discontinued Operations and Disposal of Discontinued Operations, Net of Tax, Per Basic Share",USD/shares,2019-01-01,2019-12-31,-4.0,-0.01,-3.99,399.0,400.0,10-K,2022-02-11,100,review
GE,IncomeLossFromDiscontinuedOperationsNetOfTaxPerBasicShare,"Income (Loss) from Discontinued Operations and Disposal of Discontinued Operations, Net of Tax, Per Basic Share",USD/shares,2020-01-01,2020-03-31,-0.02,-4.0,3.98,-0.995,0.005,10-K,2022-02-11,100,review
GE,IncomeLossFromDiscontinuedOperationsNetOfTaxPerDilutedShare,"Income (Loss) from Discontinued Operations and Disposal of Discontinued Operations, Net of Tax, Per Diluted Share",USD/shares,2019-01-01,2019-12-31,-4.0,-0.02,-3.98,199.0,200.0,10-K,2022-02-11,108,review
GE,IncomeLossFromDiscontinuedOperationsNetOfTaxPerDilutedShare,"Income (Loss) from Discontinued Operations and Disposal of Discontinued Operations, Net of Tax, Per Diluted Share",USD/shares,2020-01-01,2020-03-31,-0.02,-4.0,3.98,-0.995,0.005,10-K,2022-02-11,108,review
GE,IncomeTaxExpenseBenefit,Income Tax Expense (Benefit),USD,2021-07-01,2021-09-30,2000000.0,-325000000.0,327000000.0,-1.0061538461538462,0.006153846153846154,10-Q,2022-10-25,111,review
GE,IncomeTaxExpenseBenefit,Income Tax Expense (Benefit),USD,2021-01-01,2021-09-30,-323000000.0,2000000.0,-325000000.0,-162.5,161.5,10-Q,2022-10-25,111,review
GE,IncomeTaxReconciliationDispositionOfBusiness,"Effective Income Tax Rate Reconciliation, Disposition of Business, Amount",USD,2021-01-01,2021-12-31,-5000000.0,-1447000000.0,1442000000.0,-0.9965445749827229,0.0034554250172771253,10-K,2023-02-10,5,review
GE,IncomeTaxReconciliationIncomeTaxExpenseBenefitAtFederalStatutoryIncomeTaxRate,"Effective Income Tax Rate Reconciliation at Federal Statutory Income Tax Rate, Amount",USD,2020-01-01,2020-12-31,1254000000.0,-11000000.0,1265000000.0,-115.0,114.0,10-K,2023-02-10,7,review
GE,IncreaseDecreaseInFinanceReceivables,Increase (Decrease) in Finance Receivables,USD,2016-01-01,2016-06-30,1146000000.0,11000000.0,1135000000.0,103.18181818181819,104.18181818181819,10-Q,2017-07-28,33,review
GE,LiabilitiesOfAssetsHeldForSale,Liabilities of Assets Held-for-sale (Deprecated 2014-01-31),USD,,2014-06-30,289000000.0,2000000.0,287000000.0,143.5,144.5,10-Q,2014-07-31,23,review
GE,LiabilitiesOfDisposalGroupIncludingDiscontinuedOperation,"Disposal Group, Including Discontinued Operation, Liabilities",USD,,2014-12-31,128233000000.0,1152000000.0,127081000000.0,110.31336805555556,111.31336805555556,10-K,2016-02-26,47,review
GE,LiabilityForFuturePolicyBenefitsPeriodIncreaseDecrease,"Liability for Future Policy Benefits, Period Increase (Decrease)",USD,2018-10-01,2018-12-31,82000000.0,8867000000.0,-8785000000.0,-0.9907522273598737,0.009247772640126311,10-K,2019-02-26,5,review
GE,MinorityInterestDecreaseFromDistributionsToNoncontrollingInterestHolders,"Noncontrolling Interest, Decrease from Distributions to Noncontrolling Interest Holders",USD,2020-01-01,2020-03-31,3000000.0,331000000.0,-328000000.0,-0.9909365558912386,0.00906344410876133,10-Q,2020-04-29,65,review
GE,NetCashProvidedByUsedInFinancingActivitiesContinuingOperations,"Net Cash Provided by (Used in) Financing Activities, Continuing Operations",USD,2024-01-01,2024-03-31,-105000000.0,-10511000000.0,10406000000.0,-0.9900104652269052,0.009989534773094853,10-Q,2025-04-22,74,review
GE,NetCashProvidedByUsedInInvestingActivitiesContinuingOperations,"Net Cash Provided by (Used in) Investing Activities, Continuing Operations",USD,2022-01-01,2022-03-31,-37000000.0,25822000000.0,-25859000000.0,-1.0014328866857718,0.0014328866857718225,10-Q,2023-04-25,74,review
GE,NetCashProvidedByUsedInOperatingActivities,Net Cash Provided by (Used in) Operating Activities,USD,2009-01-01,2009-03-31,-201000000.0,48653000000.0,-48854000000.0,-1.0041312971450886,0.004131297145088689,10-Q,2010-05-07,74,review
GE,NetCashProvidedByUsedInOperatingActivities,Net Cash Provided by (Used in) Operating Activities,USD,2022-01-01,2022-09-30,1417000000.0,-6000000.0,1423000000.0,-237.16666666666666,236.16666666666666,10-Q,2023-10-24,74,review
GE,NetCashProvidedByUsedInOperatingActivitiesContinuingOperations,"Net Cash Provided by (Used in) Operating Activities, Continuing Operations",USD,2009-01-01,2009-03-31,-156000000.0,47694000000.0,-47850000000.0,-1.0032708516794566,0.0032708516794565353,10-Q,2010-05-07,74,review
GE,NetIncomeLoss,Net Income (Loss) Attributable to Parent,USD,2023-04-01,2023-06-30,33000000.0,7541000000.0,-7508000000.0,-0.9956239225566901,0.004376077443309906,10-K,2025-02-03,127,review
GE,NetIncomeLoss,Net Income (Loss) Attributable to Parent,USD,2023-01-01,2023-09-30,7894000000.0,33000000.0,7861000000.0,238.21212121212122,239.21212121212122,10-Q,2024-10-22,127,review
GE,NetIncomeLossAttributableToNoncontrollingInterest,Net Income (Loss) Attributable to Noncontrolling Interest,USD,2009-07-01,2009-09-30,-1000000.0,102000000.0,-103000000.0,-1.0098039215686274,0.00980392156862745,10-K,2011-02-25,127,review
GE,NetIncomeLossAttributableToNoncontrollingInterest,Net Income (Loss) Attributable to Noncontrolling Interest,USD,2009-10-01,2009-12-31,-102000000.0,-1000000.0,-101000000.0,101.0,102.0,10-K,2011-02-25,127,review
GE,NetIncomeLossAvailableToCommonStockholdersBasic,"Net Income (Loss) Available to Common Stockholders, Basic",USD,2016-01-01,2016-03-31,-61000000.0,-6145000000.0,6084000000.0,-0.990073230268511,0.009926769731489015,10-Q,2017-05-05,114,review
GE,NetIncomeLossAvailableToCommonStockholdersBasic,"Net Income (Loss) Available to Common Stockholders, Basic",USD,2023-01-01,2023-03-31,7360000000.0,48000000.0,7312000000.0,152.33333333333334,153.33333333333334,10-Q,2024-04-23,114,review
GE,NetIncomeLossAvailableToCommonStockholdersBasic,"Net Income (Loss) Available to Common Stockholders, Basic",USD,2023-04-01,2023-06-30,-25000000.0,7360000000.0,-7385000000.0,-1.0033967391304348,0.0033967391304347825,10-Q,2024-07-23,114,review
GE,NetIncomeLossAvailableToCommonStockholdersBasic,"Net Income (Loss) Available to Common Stockholders, Basic",USD,2023-01-01,2023-06-30,7338000000.0,-25000000.0,7363000000.0,-294.52,293.52,10-Q,2024-07-23,114,review
GE,NetIncomeLossAvailableToCommonStockholdersDiluted,"Net Income (Loss) Available to Common Stockholders, Diluted",USD,2023-01-01,2023-03-31,7354000000.0,51000000.0,7303000000.0,143.19607843137254,144.19607843137254,10-Q,2024-04-23,85,review
GE,NetIncomeLossAvailableToCommonStockholdersDiluted,"Net Income (Loss) Available to Common Stockholders, Diluted",USD,2023-04-01,2023-06-30,-25000000.0,7330000000.0,-7355000000.0,-1.0034106412005457,0.0034106412005457027,10-Q,2024-07-23,85,review
GE,NetIncomeLossAvailableToCommonStockholdersDiluted,"Net Income (Loss) Available to Common Stockholders, Diluted",USD,2023-01-01,2023-09-30,7595000000.0,-25000000.0,7620000000.0,-304.8,303.8,10-Q,2024-10-22,85,review
GE,NetIncomeLossFromContinuingOperationsAvailableToCommonShareholdersBasic,"Net Income (Loss) from Continuing Operations Available to Common Shareholders, Basic",USD,2019-01-01,2019-12-31,-44000000.0,-21438000000.0,21394000000.0,-0.9979475697359829,0.002052430264017166,10-K,2021-02-12,4,review
GE,NetIncomeLossFromContinuingOperationsAvailableToCommonShareholdersBasic,"Net Income (Loss) from Continuing Operations Available to Common Shareholders, Basic",USD,2020-01-01,2020-12-31,5355000000.0,-44000000.0,5399000000.0,-122.70454545454545,121.70454545454545,10-K,2021-02-12,4,review
GE,NoncontrollingInterestDecreaseFromDeconsolidation,"Noncontrolling Interest, Decrease from Deconsolidation",USD,2017-01-01,2017-12-31,15836000000.0,77000000.0,15759000000.0,204.66233766233765,205.66233766233765,10-K,2020-02-24,49,review
GE,NoncontrollingInterestInNetIncomeLossOtherNoncontrollingInterestsRedeemable,"Noncontrolling Interest in Net Income (Loss) Other Noncontrolling Interests, Redeemable",USD,2015-01-01,2015-12-31,2906000000.0,-4000000.0,2910000000.0,-727.5,726.5,10-K,2018-02-23,26,review
GE,NonoperatingIncomeExpense,Nonoperating Income (Expense),USD,2016-01-01,2016-03-31,9000000.0,2227000000.0,-2218000000.0,-0.995958688819039,0.004041311180960934,10-Q,2017-05-05,111,review
GE,NonoperatingIncomeExpense,Nonoperating Income (Expense),USD,2016-04-01,2016-06-30,3150000000.0,9000000.0,3141000000.0,349.0,350.0,10-Q,2017-07-28,111,review
GE,OtherComprehensiveIncomeDefinedBenefitPlansTaxPortionAttributableToParent,"Other Comprehensive (Income) Loss, Defined Benefit Plan, after Reclassification Adjustment, Tax, Attributable to Parent",USD,2009-01-01,2009-12-31,-5000000.0,-7379000000.0,7374000000.0,-0.9993224014094051,0.0006775985905949315,10-K,2011-02-25,3,review
GE,OtherComprehensiveIncomeDefinedBenefitPlansTaxPortionAttributableToParent,"Other Comprehensive (Income) Loss, Defined Benefit Plan, after Reclassification Adjustment, Tax, Attributable to Parent",USD,2010-01-01,2010-12-31,572000000.0,-5000000.0,577000000.0,-115.4,114.4,10-K,2011-02-25,3,review
GE,OtherComprehensiveIncomeLossAvailableForSaleSecuritiesAdjustmentNetOfTax,"OCI, Debt Securities, Available-for-Sale, Gain (Loss), after Adjustment and Tax",USD,2015-07-01,2015-09-30,-3000000.0,-452000000.0,449000000.0,-0.9933628318584071,0.00663716814159292,10-Q,2016-11-02,61,review
GE,OtherComprehensiveIncomeLossAvailableForSaleSecuritiesAdjustmentNetOfTax,"OCI, Debt Securities, Available-for-Sale, Gain (Loss), after Adjustment and Tax",USD,2015-01-01,2015-12-31,-553000000.0,-3000000.0,-550000000.0,183.33333333333334,184.33333333333334,10-K,2018-02-23,61,review
GE,OtherComprehensiveIncomeLossForeignCurrencyTransactionAndTranslationAdjustmentNetOfTax,"Other Comprehensive Income (Loss), Foreign Currency Transaction and Translation Adjustment, Net of Tax",USD,2016-01-01,2016-03-31,1000000.0,-3137000000.0,3138000000.0,-1.0003187759005419,0.000318775900541919,10-Q,2017-05-05,91,high_priority
GE,OtherComprehensiveIncomeLossForeignCurrencyTransactionAndTranslationAdjustmentNetOfTax,"Other Comprehensive Income (Loss), Foreign Currency Transaction and Translation Adjustment, Net of Tax",USD,2025-01-01,2025-03-31,-7000000.0,2131000000.0,-2138000000.0,-1.003284842796809,0.00328484279680901,10-Q,2026-04-21,91,review
GE,OtherComprehensiveIncomeLossNetOfTaxPortionAttributableToParent,"Other Comprehensive Income (Loss), Net of Tax, Portion Attributable to Parent",USD,2015-01-01,2015-06-30,-34000000.0,-4191000000.0,4157000000.0,-0.9918873777141494,0.008112622285850633,10-Q,2016-08-01,94,review
GE,OtherComprehensiveIncomeLossNetOfTaxPortionAttributableToParent,"Other Comprehensive Income (Loss), Net of Tax, Portion Attributable to Parent",USD,2015-04-01,2015-06-30,4158000000.0,-34000000.0,4192000000.0,-123.29411764705883,122.29411764705883,10-Q,2016-08-01,94,review
GE,OtherIncome,Other Income,USD,2016-01-01,2016-03-31,9000000.0,2227000000.0,-2218000000.0,-0.995958688819039,0.004041311180960934,10-Q,2017-05-05,26,review
GE,OtherIncome,Other Income,USD,2016-01-01,2016-12-31,4140000000.0,9000000.0,4131000000.0,459.0,460.0,10-K,2019-02-26,26,review
GE,OtherThanTemporaryImpairmentCreditLossesRecognizedInEarningsReductionsSecuritiesSold,"Other than Temporary Impairment, Credit Losses Recognized in Earnings, Reductions, Securities Sold",USD,2013-01-01,2013-03-31,1000000.0,-226000000.0,227000000.0,-1.0044247787610618,0.004424778761061947,10-Q,2014-05-12,20,review
GE,OtherThanTemporaryImpairmentCreditLossesRecognizedInEarningsReductionsSecuritiesSold,"Other than Temporary Impairment, Credit Losses Recognized in Earnings, Reductions, Securities Sold",USD,2015-01-01,2015-03-31,-2000000.0,-301000000.0,299000000.0,-0.9933554817275747,0.006644518272425249,10-Q,2016-05-04,20,review
GE,OtherThanTemporaryImpairmentLossesInvestmentsAvailableforsaleSecurities,"Other than Temporary Impairment Losses, Investments, Available-for-sale Securities",USD,2014-01-01,2014-12-31,316000000.0,2000000.0,314000000.0,157.0,158.0,10-K,2017-02-24,45,review
GE,OtherThanTemporaryImpairmentLossesInvestmentsAvailableforsaleSecurities,"Other than Temporary Impairment Losses, Investments, Available-for-sale Securities",USD,2015-01-01,2015-03-31,3000000.0,316000000.0,-313000000.0,-0.990506329113924,0.00949367088607595,10-Q,2016-05-04,45,review
GE,OtherThanTemporaryImpairmentLossesInvestmentsPortionRecognizedInEarningsNetAvailableforsaleSecurities,"Other than Temporary Impairment Losses, Investments, Portion Recognized in Earnings, Net, Available-for-sale Securities",USD,2015-01-01,2015-03-31,3000000.0,312000000.0,-309000000.0,-0.9903846153846154,0.009615384615384616,10-Q,2016-05-04,31,review
GE,PaymentsForProceedsFromOtherInvestingActivities,Payments for (Proceeds from) Other Investing Activities,USD,2009-01-01,2009-06-30,-5000000.0,2524000000.0,-2529000000.0,-1.0019809825673534,0.0019809825673534074,10-Q,2010-08-02,74,review
GE,PaymentsForProceedsFromOtherInvestingActivities,Payments for (Proceeds from) Other Investing Activities,USD,2009-01-01,2009-09-30,3707000000.0,-5000000.0,3712000000.0,-742.4,741.4,10-Q,2010-11-03,74,review
GE,PaymentsForRepurchaseOfCommonStock,Payments for Repurchase of Common Stock,USD,2021-01-01,2021-12-31,107000000.0,-22581000000.0,22688000000.0,-1.0047384969664763,0.004738496966476241,10-K,2024-02-02,26,review
GE,PaymentsToAcquireBusinessesNetOfCashAcquired,"Payments to Acquire Businesses, Net of Cash Acquired",USD,2010-01-01,2010-03-31,18000000.0,7842000000.0,-7824000000.0,-0.9977046671767407,0.0022953328232593728,10-Q,2011-05-06,72,review
GE,PreferredStockParOrStatedValuePerShare,"Preferred Stock, Par or Stated Value Per Share",USD/shares,,2012-12-31,0.01,1.0,-0.99,-0.99,0.01,10-Q,2013-11-01,11,review
GE,PreferredStockParOrStatedValuePerShare,"Preferred Stock, Par or Stated Value Per Share",USD/shares,,2013-12-31,1.0,0.01,0.99,99.0,100.0,10-K,2015-02-27,11,review
GE,PreferredStockSharesAuthorized,"Preferred Stock, Shares Authorized",shares,,2013-12-31,50.0,50000000.0,-49999950.0,-0.999999,1e-06,10-K,2015-02-27,7,high_priority
GE,PreferredStockSharesAuthorized,"Preferred Stock, Shares Authorized",shares,,2021-12-31,50000000.0,50.0,49999950.0,999999.0,1000000.0,10-K,2022-02-11,7,high_priority
GE,PreferredStockSharesIssued,"Preferred Stock, Shares Issued",shares,,2015-12-31,5944250.0,10000.0,5934250.0,593.425,594.425,10-K,2017-02-24,9,review
GE,PreferredStockSharesOutstanding,"Preferred Stock, Shares Outstanding",shares,,2015-12-31,5944250.0,50000.0,5894250.0,117.885,118.885,10-Q,2017-05-05,57,review
GE,PreferredStockValue,"Preferred Stock, Value, Issued",USD,,2015-12-31,6000000.0,5944000000.0,-5938000000.0,-0.9989905787348586,0.001009421265141319,10-K,2018-02-23,61,review
GE,ProceedsFromDivestitureOfBusinesses,Proceeds from Divestiture of Businesses,USD,2012-01-01,2012-03-31,84000000.0,8877000000.0,-8793000000.0,-0.990537343697195,0.009462656302805001,10-Q,2013-05-08,47,review
GE,ProceedsFromDivestitureOfBusinesses,Proceeds from Divestiture of Businesses,USD,2016-01-01,2016-06-30,5609000000.0,39000000.0,5570000000.0,142.82051282051282,143.82051282051282,10-Q,2017-07-28,47,review
GE,ProceedsFromDivestitureOfBusinesses,Proceeds from Divestiture of Businesses,USD,2018-01-01,2018-03-31,12000000.0,3228000000.0,-3216000000.0,-0.9962825278810409,0.0037174721189591076,10-Q,2019-04-30,47,review
GE,ProceedsFromDivestitureOfBusinesses,Proceeds from Divestiture of Businesses,USD,2018-01-01,2018-06-30,2361000000.0,12000000.0,2349000000.0,195.75,196.75,10-Q,2019-07-31,47,review
GE,ProceedsFromRepurchaseOfEquity,Proceeds from (Repurchase of) Equity,USD,2018-01-01,2018-03-31,-8000000.0,-2550000000.0,2542000000.0,-0.9968627450980392,0.003137254901960784,10-Q,2019-04-30,30,review
GE,ProfitLoss,"Net Income (Loss), Including Portion Attributable to Noncontrolling Interest",USD,2023-04-01,2023-06-30,37000000.0,7518000000.0,-7481000000.0,-0.9950784783187018,0.004921521681298217,10-K,2025-02-03,127,review
GE,ProfitLoss,"Net Income (Loss), Including Portion Attributable to Noncontrolling Interest",USD,2023-01-01,2023-09-30,7857000000.0,37000000.0,7820000000.0,211.35135135135135,212.35135135135135,10-Q,2024-10-22,127,review
GE,ProvisionForLoanAndLeaseLosses,Provision for Loan and Lease Losses,USD,2013-01-01,2013-12-31,5000000.0,789000000.0,-784000000.0,-0.9936628643852978,0.0063371356147021544,10-K,2016-02-26,53,review
GE,ProvisionForLoanAndLeaseLosses,Provision for Loan and Lease Losses,USD,2014-01-01,2014-03-31,984000000.0,5000000.0,979000000.0,195.8,196.8,10-Q,2015-05-04,53,review
GE,ReceivablesHeldForSaleAmount,"Accounts and Financing Receivables, Held-for-Sale",USD,,2015-03-31,92959000000.0,421000000.0,92538000000.0,219.80522565320666,220.80522565320666,10-Q,2015-05-04,4,review
GE,RestructuringSettlementAndImpairmentProvisions,"Restructuring, Settlement and Impairment Provisions",USD,2025-01-01,2025-03-31,2000000.0,546000000.0,-544000000.0,-0.9963369963369964,0.003663003663003663,10-Q,2026-04-21,29,review
GE,StockRepurchasedDuringPeriodShares,"Stock Repurchased During Period, Shares",shares,2012-01-01,2012-12-31,248.6,111300000.0,-111299751.4,-0.9999977663971249,2.233602875112309e-06,10-K,2015-02-27,28,high_priority
GE,StockRepurchasedDuringPeriodShares,"Stock Repurchased During Period, Shares",shares,2013-01-01,2013-12-31,432600000.0,248.6,432599751.4,1740143.810941271,1740144.8109412713,10-K,2016-02-26,28,high_priority
GE,StockRepurchasedDuringPeriodShares,"Stock Repurchased During Period, Shares",shares,2020-01-01,2020-12-31,100000.0,725800000.0,-725700000.0,-0.99986222099752,0.00013777900248002206,10-K,2022-02-11,28,high_priority
GE,StockRepurchasedDuringPeriodValue,"Stock Repurchased During Period, Value",USD,2020-01-01,2020-12-31,15300000.0,22005000000.0,-21989700000.0,-0.9993047034764826,0.0006952965235173824,10-K,2022-02-11,25,high_priority
GE,StockholdersEquityPeriodIncreaseDecrease,"Stockholders' Equity, Period Increase (Decrease)",USD,2010-01-01,2010-09-30,3610000000.0,-7000000.0,3617000000.0,-516.7142857142857,515.7142857142857,10-Q,2011-11-08,19,review
GE,SupplementalInformationForPropertyCasualtyInsuranceUnderwritersPriorYearClaimsAndClaimsAdjustmentExpense,Prior Year Claims and Claims Adjustment Expense,USD,2018-01-01,2018-03-31,1000000.0,135000000.0,-134000000.0,-0.9925925925925926,0.007407407407407408,10-Q,2019-04-30,15,review
GE,TaxCutsAndJobsActOf2017IncompleteAccountingProvisionalIncomeTaxExpenseBenefit,"Tax Cuts and Jobs Act, Incomplete Accounting, Provisional Income Tax Expense (Benefit) (Deprecated 2020-01-31)",USD,2018-01-01,2018-12-31,41000000.0,4512000000.0,-4471000000.0,-0.9909131205673759,0.009086879432624113,10-K,2020-02-24,2,review
GE,UndistributedEarningsOfForeignSubsidiaries,Undistributed Earnings of Foreign Subsidiaries,USD,,2012-12-31,108000000.0,102000000000.0,-101892000000.0,-0.9989411764705882,0.0010588235294117646,10-K,2014-02-27,12,review
GE,UndistributedEarningsOfForeignSubsidiaries,Undistributed Earnings of Foreign Subsidiaries,USD,,2014-12-31,119000000000.0,110000000.0,118890000000.0,1080.8181818181818,1081.8181818181818,10-K,2017-02-24,12,high_priority
GOOGL,AccumulatedOtherComprehensiveIncomeLossNetOfTax,"Accumulated Other Comprehensive Income (Loss), Net of Tax",USD,,2021-03-31,-3000000.0,633000000.0,-636000000.0,-1.004739336492891,0.004739336492890996,10-Q,2021-04-28,47,review
GOOGL,DebtSecuritiesAvailableForSaleRealizedGain,"Debt Securities, Available-for-sale, Realized Gain",USD,2018-01-01,2018-12-31,1300000000.0,5000000.0,1295000000.0,259.0,260.0,10-K,2021-02-03,57,review
GOOGL,DebtSecuritiesRealizedGainLoss,"Debt Securities, Realized Gain (Loss)",USD,2019-01-01,2019-03-31,-2000000.0,1190000000.0,-1192000000.0,-1.0016806722689076,0.0016806722689075631,10-Q,2020-04-29,42,review
GOOGL,EffectiveIncomeTaxRateReconciliationTaxCutsAndJobsActOf2017TransitionTaxOnAccumulatedForeignEarningsPercent,"Effective Income Tax Rate Reconciliation, Tax Cuts and Jobs Act, Transition Tax on Accumulated Foreign Earnings, Percent",pure,2018-01-01,2018-12-31,-0.001,0.376,-0.377,-1.002659574468085,0.0026595744680851063,10-K,2020-02-04,3,review
GOOGL,EquitySecuritiesFvNiUnrealizedGainLoss,"Equity Securities, FV-NI, Unrealized Gain (Loss)",USD,2026-04-01,2026-06-30,21399000000.0,105000000.0,21294000000.0,202.8,203.8,10-Q,2026-07-23,51,review
GOOGL,EquitySecuritiesWithoutReadilyDeterminableFairValueDownwardPriceAdjustmentAnnualAmount,"Equity Securities without Readily Determinable Fair Value, Downward Price Adjustment, Annual Amount",USD,2021-01-01,2021-03-31,2000000.0,1489000000.0,-1487000000.0,-0.9986568166554735,0.001343183344526528,10-Q,2022-04-27,29,review
GOOGL,ForeignCurrencyTransactionGainLossBeforeTax,"Foreign Currency Transaction Gain (Loss), before Tax",USD,2017-01-01,2017-03-31,-2000000.0,-475000000.0,473000000.0,-0.9957894736842106,0.004210526315789474,10-Q,2018-04-24,73,review
GOOGL,GainLossOnOilAndGasHedgingActivity,Gain (Loss) on Hedging Activity,USD,2023-01-01,2023-12-31,236000000.0,-1000000.0,237000000.0,-237.0,236.0,10-K,2025-02-05,39,review
GOOGL,GoodwillAcquiredDuringPeriod,"Goodwill, Acquired During Period",USD,2023-01-01,2023-03-31,11000000.0,6171000000.0,-6160000000.0,-0.9982174688057041,0.0017825311942959,10-Q,2023-04-26,45,review
GOOGL,GoodwillTranslationAndPurchaseAccountingAdjustments,"Goodwill, Translation and Purchase Accounting Adjustments",USD,2025-01-01,2025-06-30,152000000.0,-1000000.0,153000000.0,-153.0,152.0,10-Q,2025-07-24,45,review
GOOGL,IncomeTaxesPaidNet,"Income Taxes Paid, Net",USD,2016-01-01,2016-06-30,-24000000.0,3651000000.0,-3675000000.0,-1.0065735414954806,0.00657354149548069,10-Q,2016-08-04,16,review
GOOGL,IncreaseDecreaseInAccountsReceivable,Increase (Decrease) in Accounts Receivable,USD,2019-01-01,2019-12-31,4340000000.0,-25000000.0,4365000000.0,-174.6,173.6,10-K,2022-02-02,49,review
GOOGL,IncreaseDecreaseInOtherOperatingAssets,Increase (Decrease) in Other Operating Assets,USD,2021-01-01,2021-03-31,-7000000.0,1330000000.0,-1337000000.0,-1.0052631578947369,0.005263157894736842,10-Q,2022-04-27,41,review
GOOGL,LongTermDebtAndCapitalLeaseObligationsCurrent,"Long-term Debt and Lease Obligation, Current",USD,,2015-09-30,1237000000.0,10000000.0,1227000000.0,122.7,123.7,10-Q,2015-10-29,9,review
GOOGL,LongTermDebtMaturitiesRepaymentsOfPrincipalInYearFive,"Long-Term Debt, Maturity, Year Five",USD,,2019-12-31,1047000000.0,3000000.0,1044000000.0,348.0,349.0,10-K,2020-02-04,9,review
GOOGL,LongTermDebtMaturitiesRepaymentsOfPrincipalInYearFour,"Long-Term Debt, Maturity, Year Four",USD,,2018-12-31,3000000.0,1001000000.0,-998000000.0,-0.997002997002997,0.002997002997002997,10-K,2019-02-05,11,review
GOOGL,LongTermDebtMaturitiesRepaymentsOfPrincipalInYearThree,"Long-Term Debt, Maturity, Year Three",USD,,2018-12-31,1003000000.0,1000000.0,1002000000.0,1002.0,1003.0,10-K,2019-02-05,11,high_priority
GOOGL,NoncontrollingInterestIncreaseFromSaleOfParentEquityInterest,"Noncontrolling Interest, Increase from Sale of Parent Equity Interest",USD,2021-01-01,2021-03-31,10000000.0,2795000000.0,-2785000000.0,-0.9964221824686941,0.0035778175313059034,10-Q,2022-04-27,36,review
GOOGL,OtherComprehensiveIncomeLossCashFlowHedgeGainLossAfterReclassificationAndTax,"Other Comprehensive Income (Loss), Cash Flow Hedge, Gain (Loss), after Reclassification and Tax",USD,2023-07-01,2023-09-30,547000000.0,-5000000.0,552000000.0,-110.4,109.4,10-Q,2024-10-30,57,review
GOOGL,OtherComprehensiveIncomeLossCashFlowHedgeGainLossAfterReclassificationTax,"Other Comprehensive Income (Loss), Cash Flow Hedge, Gain (Loss), after Reclassification, Tax",USD,2019-01-01,2019-03-31,1000000.0,103000000.0,-102000000.0,-0.9902912621359223,0.009708737864077669,10-Q,2020-04-29,57,review
GOOGL,OtherComprehensiveIncomeLossNetOfTax,"Other Comprehensive Income (Loss), Net of Tax",USD,2023-04-01,2023-06-30,9000000.0,1603000000.0,-1594000000.0,-0.9943855271366189,0.0056144728633811605,10-Q,2023-07-26,59,review
GOOGL,OtherComprehensiveIncomeLossNetOfTax,"Other Comprehensive Income (Loss), Net of Tax",USD,2023-01-01,2023-06-30,1612000000.0,9000000.0,1603000000.0,178.11111111111111,179.11111111111111,10-Q,2023-07-26,59,review
GOOGL,OtherComprehensiveIncomeLossNetOfTaxPortionAttributableToParent,"Other Comprehensive Income (Loss), Net of Tax, Portion Attributable to Parent",USD,2023-04-01,2023-06-30,9000000.0,1603000000.0,-1594000000.0,-0.9943855271366189,0.0056144728633811605,10-Q,2024-07-24,55,review
GOOGL,OtherComprehensiveIncomeLossNetOfTaxPortionAttributableToParent,"Other Comprehensive Income (Loss), Net of Tax, Portion Attributable to Parent",USD,2023-01-01,2023-06-30,1612000000.0,9000000.0,1603000000.0,178.11111111111111,179.11111111111111,10-Q,2024-07-24,55,review
GOOGL,OtherComprehensiveIncomeLossReclassificationAdjustmentFromAOCIForSaleOfSecuritiesNetOfTax,"Other Comprehensive Income (Loss), Reclassification Adjustment from AOCI for Sale of Securities, Net of Tax",USD,2019-01-01,2019-03-31,-7000000.0,911000000.0,-918000000.0,-1.0076838638858396,0.007683863885839737,10-Q,2020-04-29,73,review
GOOGL,ProceedsFromMinorityShareholders,Proceeds from Noncontrolling Interests,USD,2021-01-01,2021-03-31,10000000.0,2800000000.0,-2790000000.0,-0.9964285714285714,0.0035714285714285713,10-Q,2022-04-27,43,review
GOOGL,RepaymentsOfDebt,Repayments of Debt,USD,2017-01-01,2017-03-31,18000000.0,10064000000.0,-10046000000.0,-0.9982114467408585,0.0017885532591414945,10-Q,2017-05-02,12,review
GOOGL,RepaymentsOfDebtAndCapitalLeaseObligations,Repayments of Debt and Lease Obligation,USD,2017-01-01,2017-03-31,18000000.0,10064000000.0,-10046000000.0,-0.9982114467408585,0.0017885532591414945,10-Q,2018-04-24,42,review
GS,CashCashEquivalentsRestrictedCashAndRestrictedCashEquivalentsPeriodIncreaseDecreaseIncludingExchangeRateEffect,"Cash, Cash Equivalents, Restricted Cash and Restricted Cash Equivalents, Period Increase (Decrease), Including Exchange Rate Effect",USD,2024-01-01,2024-03-31,-32192000000.0,-248000000.0,-31944000000.0,128.80645161290323,129.80645161290323,10-Q,2025-05-02,20,review
GS,DeferredIncomeTaxExpenseBenefit,Deferred Income Tax Expense (Benefit),USD,2021-01-01,2021-12-31,5000000.0,-833000000.0,838000000.0,-1.006002400960384,0.006002400960384154,10-K,2024-02-23,34,review
GS,DeferredIncomeTaxExpenseBenefit,Deferred Income Tax Expense (Benefit),USD,2022-01-01,2022-12-31,-2412000000.0,5000000.0,-2417000000.0,-483.4,482.4,10-K,2025-02-27,34,review
GS,DeferredTaxExpenseFromStockOptionsExercised,Deferred Tax Expense from Stock Options Exercised,USD,2014-01-01,2014-12-31,549000000.0,3000000.0,546000000.0,182.0,183.0,10-K,2017-02-27,8,review
GS,FairValueNetDerivativeAssetLiabilityMeasuredOnRecurringBasisChangeInUnrealizedGainLoss,"Fair Value, Net Derivative Asset (Liability), Recurring Basis, Still Held, Unrealized Gain (Loss)",USD,2023-01-01,2023-03-31,-3000000.0,1817000000.0,-1820000000.0,-1.0016510731975785,0.001651073197578426,10-Q,2024-05-03,66,review
GS,FairValueNetDerivativeAssetLiabilityMeasuredOnRecurringBasisChangeInUnrealizedGainLoss,"Fair Value, Net Derivative Asset (Liability), Recurring Basis, Still Held, Unrealized Gain (Loss)",USD,2023-04-01,2023-06-30,-436000000.0,-3000000.0,-433000000.0,144.33333333333334,145.33333333333334,10-Q,2024-08-02,66,review
GS,FairValueNetDerivativeAssetLiabilityMeasuredOnRecurringBasisUnobservableInputsReconciliationGainLossIncludedInEarnings,"Fair Value, Net Derivative Asset (Liability) Measured on Recurring Basis, Unobservable Inputs Reconciliation, Gain (Loss) Included in Earnings",USD,2020-04-01,2020-06-30,6000000.0,2440000000.0,-2434000000.0,-0.9975409836065574,0.002459016393442623,10-Q,2021-08-04,66,review
GS,FairValueNetDerivativeAssetLiabilityMeasuredOnRecurringBasisUnobservableInputsReconciliationGainLossIncludedInEarnings,"Fair Value, Net Derivative Asset (Liability) Measured on Recurring Basis, Unobservable Inputs Reconciliation, Gain (Loss) Included in Earnings",USD,2020-01-01,2020-06-30,2250000000.0,6000000.0,2244000000.0,374.0,375.0,10-Q,2021-08-04,66,review
GS,FairValueNetDerivativeAssetLiabilityMeasuredOnRecurringBasisUnobservableInputsReconciliationTransfersIntoLevel3,"Fair Value, Net Derivative Asset (Liability) Measured on Recurring Basis, Unobservable Inputs Reconciliation, Transfers into Level 3",USD,2020-01-01,2020-03-31,-801000000.0,7000000.0,-808000000.0,-115.42857142857143,114.42857142857143,10-Q,2021-05-04,79,review
GS,FairValueNetDerivativeAssetLiabilityMeasuredOnRecurringBasisUnobservableInputsReconciliationTransfersOutOfLevel3,"Fair Value, Net Derivative Asset (Liability) Measured on Recurring Basis, Unobservable Inputs Reconciliation, Transfers out of Level 3",USD,2019-07-01,2019-09-30,-6000000.0,1378000000.0,-1384000000.0,-1.004354136429608,0.0043541364296081275,10-Q,2020-11-02,79,review
GS,FairValueOptionChangesInFairValueGainLoss,"Fair Value, Option, Changes in Fair Value, Gain (Loss) (Deprecated 2012-01-31)",USD,2010-01-01,2010-09-30,3000000.0,349000000.0,-346000000.0,-0.9914040114613181,0.008595988538681949,10-Q,2010-11-09,25,review
GS,FairValueOptionChangesInFairValueGainLoss,"Fair Value, Option, Changes in Fair Value, Gain (Loss) (Deprecated 2012-01-31)",USD,2010-07-01,2010-09-30,-346000000.0,3000000.0,-349000000.0,-116.33333333333333,115.33333333333333,10-Q,2011-11-09,25,review
GS,FairValueOptionCreditRiskGainsLossesOnAssets,"Fair Value, Option, Credit Risk, Gains (Losses) on Assets",USD,2022-01-01,2022-03-31,-2000000.0,277000000.0,-279000000.0,-1.0072202166064983,0.007220216606498195,10-Q,2023-05-04,116,review
GS,FinancingReceivableAllowanceForCreditLossWriteoffAfterRecovery,"Financing Receivable, Allowance for Credit Loss, Writeoff, after Recovery",USD,2026-01-01,2026-03-31,9000000.0,1250000000.0,-1241000000.0,-0.9928,0.0072,10-Q,2026-05-01,30,review
GS,IncomeTaxExpenseBenefit,Income Tax Expense (Benefit),USD,2007-12-01,2008-11-28,14000000.0,1492000000.0,-1478000000.0,-0.9906166219839142,0.00938337801608579,10-K,2010-03-01,125,review
GS,IncreaseDecreaseInFinancialInstrumentsSoldNotYetPurchased,"Increase (Decrease) in Financial Instruments Sold, Not yet Purchased",USD,2016-01-01,2016-09-30,-29000000.0,7766000000.0,-7795000000.0,-1.0037342261138296,0.0037342261138295133,10-Q,2017-11-03,22,review
GS,IncreaseDecreaseInOtherOperatingCapitalNet,"Increase (Decrease) in Other Operating Assets and Liabilities, Net",USD,2007-12-01,2008-05-30,35000000.0,7962000000.0,-7927000000.0,-0.9956041195679477,0.004395880432052249,10-Q,2009-08-05,86,review
GS,IncreaseDecreaseInOtherOperatingCapitalNet,"Increase (Decrease) in Other Operating Assets and Liabilities, Net",USD,2007-12-01,2008-08-29,-8296000000.0,35000000.0,-8331000000.0,-238.02857142857144,237.02857142857144,10-Q,2009-11-04,86,review
GS,IncreaseDecreaseInOtherOperatingCapitalNet,"Increase (Decrease) in Other Operating Assets and Liabilities, Net",USD,2012-01-01,2012-03-31,-11000000.0,5346000000.0,-5357000000.0,-1.0020576131687242,0.00205761316872428,10-Q,2012-05-10,86,review
GS,IncreaseDecreaseInOtherOperatingCapitalNet,"Increase (Decrease) in Other Operating Assets and Liabilities, Net",USD,2011-12-30,2012-06-30,1503000000.0,-11000000.0,1514000000.0,-137.63636363636363,136.63636363636363,10-Q,2013-08-08,86,review
GS,IncreaseDecreaseInTradingLiabilities,Increase (Decrease) in Trading Liabilities,USD,2025-01-01,2025-03-31,29640000000.0,-212000000.0,29852000000.0,-140.81132075471697,139.81132075471697,10-Q,2026-05-01,29,review
GS,NetCashProvidedByUsedInFinancingActivities,Net Cash Provided by (Used in) Financing Activities,USD,2023-01-01,2023-12-31,27800000000.0,-216000000.0,28016000000.0,-129.7037037037037,128.7037037037037,10-K,2026-02-25,38,review
GS,NotesReceivableGross,"Financing Receivable, before Allowance for Credit Loss",USD,,2021-12-31,162135000000.0,483000000.0,161652000000.0,334.6832298136646,335.6832298136646,10-K,2023-02-24,21,review
GS,NotesReceivableGross,"Financing Receivable, before Allowance for Credit Loss",USD,,2022-03-31,1011000000.0,162135000000.0,-161124000000.0,-0.993764455546304,0.006235544453695994,10-Q,2022-05-02,21,review
GS,NotesReceivableGross,"Financing Receivable, before Allowance for Credit Loss",USD,,2022-09-30,181515000000.0,1198000000.0,180317000000.0,150.51502504173624,151.51502504173624,10-Q,2022-11-03,21,review
GS,OtherAssetsFairValueDisclosure,"Other Assets, Fair Value Disclosure",USD,,2013-12-31,18000000.0,13408000000.0,-13390000000.0,-0.9986575178997613,0.0013424821002386634,10-K,2015-02-23,20,review
GS,OtherComprehensiveIncomeLossFinancialLiabilityFairValueOptionAfterTaxAndReclassificationAdjustment,"Other Comprehensive Income (Loss), Financial Liability, Fair Value Option, after Tax and Reclassification Adjustment",USD,2023-01-01,2023-03-31,-1000000.0,1403000000.0,-1404000000.0,-1.000712758374911,0.0007127583749109052,10-Q,2024-05-03,23,high_priority
GS,OtherComprehensiveIncomeLossFinancialLiabilityFairValueOptionAfterTaxAndReclassificationAdjustment,"Other Comprehensive Income (Loss), Financial Liability, Fair Value Option, after Tax and Reclassification Adjustment",USD,2023-01-01,2023-06-30,-611000000.0,-1000000.0,-610000000.0,610.0,611.0,10-Q,2024-08-02,23,review
GS,OtherComprehensiveIncomeLossPensionAndOtherPostretirementBenefitPlansAdjustmentNetOfTax,"Other Comprehensive (Income) Loss, Defined Benefit Plan, after Reclassification Adjustment, after Tax",USD,2016-01-01,2016-12-31,199000000.0,-1000000.0,200000000.0,-200.0,199.0,10-K,2019-02-26,95,review
GS,OtherComprehensiveIncomeLossPensionAndOtherPostretirementBenefitPlansAdjustmentNetOfTax,"Other Comprehensive (Income) Loss, Defined Benefit Plan, after Reclassification Adjustment, after Tax",USD,2017-01-01,2017-03-31,-1000000.0,199000000.0,-200000000.0,-1.0050251256281406,0.005025125628140704,10-Q,2018-05-04,95,review
GS,PaymentsForProceedsFromBusinessesAndInterestInAffiliates,Payments for (Proceeds from) Businesses and Interest in Affiliates,USD,2023-01-01,2023-06-30,8000000.0,2115000000.0,-2107000000.0,-0.9962174940898345,0.0037825059101654845,10-Q,2024-08-02,14,review
GS,PaymentsForProceedsFromDerivativeInstrumentFinancingActivities,"Payments for (Proceeds from) Derivative Instrument, Financing Activities",USD,2024-01-01,2024-03-31,13000000.0,-3280000000.0,3293000000.0,-1.0039634146341463,0.0039634146341463415,10-Q,2025-05-02,71,review
GS,PaymentsForRepurchaseOfCommonStock,Payments for Repurchase of Common Stock,USD,2008-11-29,2008-12-26,1000000.0,2034000000.0,-2033000000.0,-0.9995083579154376,0.0004916420845624386,10-K,2010-03-01,86,high_priority
GS,PaymentsForRepurchaseOfCommonStock,Payments for Repurchase of Common Stock,USD,2010-01-01,2010-03-31,2269000000.0,2000000.0,2267000000.0,1133.5,1134.5,10-Q,2011-05-10,86,high_priority
GS,PaymentsForRepurchaseOfTrustPreferredSecurities,Payments for Repurchase of Trust Preferred Securities,USD,2015-01-01,2015-03-31,1000000.0,1611000000.0,-1610000000.0,-0.9993792675356921,0.0006207324643078833,10-Q,2016-05-06,25,high_priority
GS,PaymentsToAcquireBusinessesNetOfCashAcquired,"Payments to Acquire Businesses, Net of Cash Acquired",USD,2011-01-01,2011-03-31,5000000.0,804000000.0,-799000000.0,-0.9937810945273632,0.006218905472636816,10-Q,2012-05-10,74,review
GS,PaymentsToAcquireBusinessesNetOfCashAcquired,"Payments to Acquire Businesses, Net of Cash Acquired",USD,2022-01-01,2022-06-30,1830000000.0,13000000.0,1817000000.0,139.76923076923077,140.76923076923077,10-Q,2023-08-03,74,review
GS,PaymentsToAcquireHeldToMaturitySecurities,Payments to Acquire Held-to-maturity Securities,USD,2022-01-01,2022-12-31,50099000000.0,28000000.0,50071000000.0,1788.25,1789.25,10-K,2025-02-27,16,high_priority
GS,ProceedsFromSaleOfAvailableForSaleSecurities,Proceeds from Sale of Available-for-sale Securities,USD,2008-11-29,2008-12-26,26000000.0,3409000000.0,-3383000000.0,-0.992373129950132,0.007626870049867997,10-K,2010-03-01,35,review
GS,ProceedsFromSaleOfAvailableForSaleSecuritiesDebt,"Proceeds from Sale of Debt Securities, Available-for-sale",USD,2023-01-01,2023-03-31,2452000000.0,2000000.0,2450000000.0,1225.0,1226.0,10-Q,2024-05-03,22,high_priority
GS,ProvisionForLoanLeaseAndOtherLosses,"Provision for Loan, Lease, and Other Losses",USD,2023-01-01,2023-12-31,1028000000.0,7000000.0,1021000000.0,145.85714285714286,146.85714285714286,10-K,2026-02-25,53,review
GS,ShareBasedCompensationArrangementByShareBasedPaymentAwardOptionsExercisableNumber,"Share-based Compensation Arrangement by Share-based Payment Award, Options, Exercisable, Number",shares,,2014-12-31,19955338000000.0,42565241.0,19955295434759.0,468816.690941771,468817.690941771,10-K,2015-02-23,6,high_priority
GS,ShareBasedCompensationArrangementByShareBasedPaymentAwardOptionsExercisableNumber,"Share-based Compensation Arrangement by Share-based Payment Award, Options, Exercisable, Number",shares,,2015-12-31,14756275.0,19955338000000.0,-19955323243725.0,-0.9999992605349506,7.394650494018192e-07,10-K,2016-02-22,6,high_priority
GS,ShareBasedCompensationArrangementByShareBasedPaymentAwardOptionsExercisesInPeriodTotalIntrinsicValue,"Share-based Compensation Arrangement by Share-based Payment Award, Options, Exercises in Period, Intrinsic Value",USD,,2008-12-31,1000000.0,433000000.0,-432000000.0,-0.9976905311778291,0.0023094688221709007,10-K,2011-03-01,13,review
GS,ShareBasedCompensationArrangementByShareBasedPaymentAwardOptionsExercisesInPeriodTotalIntrinsicValue,"Share-based Compensation Arrangement by Share-based Payment Award, Options, Exercises in Period, Intrinsic Value",USD,2008-12-31,2009-12-31,484000000.0,1000000.0,483000000.0,483.0,484.0,10-K,2012-02-28,13,review
GS,ShareBasedCompensationArrangementByShareBasedPaymentAwardOptionsExpirationsInPeriod,"Share-based Compensation Arrangement by Share-based Payment Award, Options, Expirations in Period",shares,2012-01-01,2012-12-31,8279.0,-3690746.0,3699025.0,-1.0022431779374685,0.0022431779374684686,10-K,2013-03-01,3,review
GS,ShareBasedCompensationArrangementByShareBasedPaymentAwardOptionsOutstandingNumber,"Share-based Compensation Arrangement by Share-based Payment Award, Options, Outstanding, Number",shares,,2013-12-31,42565241000000.0,43217111.0,42565197782889.0,984915.391102589,984916.391102589,10-K,2015-02-23,11,high_priority
GS,ShareBasedCompensationArrangementByShareBasedPaymentAwardOptionsOutstandingNumber,"Share-based Compensation Arrangement by Share-based Payment Award, Options, Outstanding, Number",shares,,2014-12-31,19955338.0,42565241000000.0,-42565221044662.0,-0.9999995311823091,4.68817690941771e-07,10-K,2016-02-22,11,high_priority
GS,StockIssuedDuringPeriodSharesStockOptionsExercised,"Share-based Compensation Arrangement by Share-based Payment Award, Options, Exercises in Period",shares,2014-01-01,2014-12-31,22609903000000.0,579066.0,22609902420934.0,39045467.04682022,39045468.04682022,10-K,2015-02-23,10,high_priority
GS,StockIssuedDuringPeriodSharesStockOptionsExercised,"Share-based Compensation Arrangement by Share-based Payment Award, Options, Exercises in Period",shares,2015-01-01,2015-12-31,-5199063.0,22609903000000.0,-22609908199063.0,-1.0000002299462762,2.2994627619587754e-07,10-K,2016-02-22,10,high_priority
GS,StockIssuedDuringPeriodSharesStockOptionsExercised,"Share-based Compensation Arrangement by Share-based Payment Award, Options, Exercises in Period",shares,2018-01-01,2018-12-31,2.1,5860000.0,-5859997.9,-0.9999996416382253,3.583617747440273e-07,10-K,2020-02-21,10,high_priority
GS,TreasuryStockSharesAcquired,"Treasury Stock, Shares, Acquired",shares,2010-01-01,2010-06-30,13200000.0,19578.0,13180422.0,673.2261722341403,674.2261722341403,10-Q,2010-08-09,99,review
GS,TreasuryStockValueAcquiredCostMethod,"Treasury Stock, Value, Acquired, Cost Method",USD,2010-01-01,2010-09-30,-3070000000.0,-2000000.0,-3068000000.0,1534.0,1535.0,10-Q,2010-11-09,99,high_priority
HD,CashAndCashEquivalentsPeriodIncreaseDecrease,"Cash and Cash Equivalents, Period Increase (Decrease)",USD,2010-02-01,2010-10-31,-4000000.0,970000000.0,-974000000.0,-1.0041237113402062,0.004123711340206186,10-Q,2011-11-29,42,review
HD,CashAndCashEquivalentsPeriodIncreaseDecrease,"Cash and Cash Equivalents, Period Increase (Decrease)",USD,2010-02-01,2011-01-30,-878000000.0,-4000000.0,-874000000.0,218.5,219.5,10-K,2013-03-28,42,review
HD,CashCashEquivalentsRestrictedCashAndRestrictedCashEquivalentsPeriodIncreaseDecreaseExcludingExchangeRateEffect,"Cash, Cash Equivalents, Restricted Cash and Restricted Cash Equivalents, Period Increase (Decrease), Excluding Exchange Rate Effect",USD,2018-01-29,2018-10-28,-1837000000.0,18000000.0,-1855000000.0,-103.05555555555556,102.05555555555556,10-Q,2019-11-26,37,review
HD,CommercialPaper,Commercial Paper,USD,,2024-07-28,2500000000.0,8000000.0,2492000000.0,311.5,312.5,10-Q,2024-08-20,49,review
HD,DeferredTaxLiabilitiesCurrent,"Deferred Tax Liabilities, Net, Current",USD,,2015-02-01,1000000.0,198000000.0,-197000000.0,-0.9949494949494949,0.005050505050505051,10-K,2016-03-24,5,review
HD,GoodwillAcquiredDuringPeriod,"Goodwill, Acquired During Period",USD,2025-02-03,2025-05-04,83000000.0,11048000000.0,-10965000000.0,-0.9924873280231716,0.007512671976828385,10-Q,2025-05-28,18,review
HD,IncomeTaxReconciliationOtherReconcilingItems,"Effective Income Tax Rate Reconciliation, Other Reconciling Items, Amount",USD,2018-01-29,2019-02-03,-3000000.0,-349000000.0,346000000.0,-0.9914040114613181,0.008595988538681949,10-K,2021-03-24,18,review
HD,IncreaseDecreaseInAccountsPayableAndAccruedLiabilities,Increase (Decrease) in Accounts Payable and Accrued Liabilities,USD,2020-02-03,2020-05-03,3274000000.0,32000000.0,3242000000.0,101.3125,102.3125,10-Q,2021-05-25,74,review
HD,IncreaseDecreaseInAccruedIncomeTaxesPayable,Increase (Decrease) in Income Taxes Payable,USD,2025-02-03,2025-05-04,-2000000.0,809000000.0,-811000000.0,-1.0024721878862795,0.002472187886279357,10-Q,2026-05-27,74,review
HD,IncreaseDecreaseInAccruedIncomeTaxesPayable,Increase (Decrease) in Income Taxes Payable,USD,2025-02-03,2025-08-03,-739000000.0,-2000000.0,-737000000.0,368.5,369.5,10-Q,2026-08-25,74,review
HD,IncreaseDecreaseInDeferredIncomeTaxes,Increase (Decrease) in Deferred Income Taxes,USD,2025-02-03,2025-08-03,-490000000.0,3000000.0,-493000000.0,-164.33333333333334,163.33333333333334,10-Q,2026-08-25,74,review
HD,IncreaseDecreaseInOtherOperatingCapitalNet,"Increase (Decrease) in Other Operating Assets and Liabilities, Net",USD,2018-01-29,2018-10-28,118000000.0,-1000000.0,119000000.0,-119.0,118.0,10-Q,2019-11-26,74,review
HD,IncreaseDecreaseInRetailRelatedInventories,Increase (Decrease) in Retail Related Inventories,USD,2009-02-02,2009-08-02,-6000000.0,734000000.0,-740000000.0,-1.008174386920981,0.008174386920980926,10-Q,2010-09-02,74,review
HD,LongTermDebtMaturitiesRepaymentsOfPrincipalInYearFive,"Long-Term Debt, Maturity, Year Five",USD,,2012-01-29,3100000000.0,26000000.0,3074000000.0,118.23076923076923,119.23076923076923,10-K,2012-03-22,16,review
HD,LongTermDebtMaturitiesRepaymentsOfPrincipalInYearFive,"Long-Term Debt, Maturity, Year Five",USD,,2013-02-03,27000000.0,3100000000.0,-3073000000.0,-0.9912903225806452,0.008709677419354838,10-K,2013-03-28,16,review
HD,LongTermDebtMaturitiesRepaymentsOfPrincipalInYearFour,"Long-Term Debt, Maturity, Year Four",USD,,2013-02-03,3100000000.0,27000000.0,3073000000.0,113.81481481481481,114.81481481481481,10-K,2013-03-28,16,review
HD,LongTermDebtMaturitiesRepaymentsOfPrincipalInYearFour,"Long-Term Debt, Maturity, Year Four",USD,,2014-02-02,28000000.0,3100000000.0,-3072000000.0,-0.9909677419354839,0.00903225806451613,10-K,2014-03-27,16,review
HD,LongTermDebtMaturitiesRepaymentsOfPrincipalInYearThree,"Long-Term Debt, Maturity, Year Three",USD,,2014-02-02,3100000000.0,29000000.0,3071000000.0,105.89655172413794,106.89655172413794,10-K,2014-03-27,16,review
HD,LongTermDebtMaturitiesRepaymentsOfPrincipalInYearTwo,"Long-Term Debt, Maturity, Year Two",USD,,2015-02-01,3100000000.0,30000000.0,3070000000.0,102.33333333333333,103.33333333333333,10-K,2015-03-26,16,review
HD,OtherComprehensiveIncomeLossDerivativesQualifyingAsHedgesNetOfTax,"Other Comprehensive Income (Loss), Derivatives Qualifying as Hedges, Net of Tax",USD,2011-01-31,2011-07-31,-1000000.0,-116000000.0,115000000.0,-0.9913793103448276,0.008620689655172414,10-Q,2012-08-22,51,review
HD,OtherComprehensiveIncomeLossForeignCurrencyTransactionAndTranslationAdjustmentNetOfTax,"Other Comprehensive Income (Loss), Foreign Currency Transaction and Translation Adjustment, Net of Tax",USD,2017-01-30,2018-01-28,311000000.0,-3000000.0,314000000.0,-104.66666666666667,103.66666666666667,10-K,2020-03-25,40,review
HD,OtherComprehensiveIncomeLossNetOfTax,"Other Comprehensive Income (Loss), Net of Tax",USD,2024-01-29,2024-04-28,-1000000.0,241000000.0,-242000000.0,-1.004149377593361,0.004149377593360996,10-Q,2025-05-28,94,review
HD,OtherComprehensiveIncomeLossNetOfTax,"Other Comprehensive Income (Loss), Net of Tax",USD,2024-01-29,2024-07-28,-310000000.0,-1000000.0,-309000000.0,309.0,310.0,10-Q,2025-08-26,94,review
HD,PaymentsForRepurchaseOfCommonStock,Payments for Repurchase of Common Stock,USD,2008-02-04,2008-11-02,70000000.0,10815000000.0,-10745000000.0,-0.9935275080906149,0.006472491909385114,10-Q,2009-12-03,70,review
HD,PaymentsToAcquireBusinessesNetOfCashAcquired,"Payments to Acquire Businesses, Net of Cash Acquired",USD,2025-02-03,2025-05-04,156000000.0,17644000000.0,-17488000000.0,-0.9911584674676944,0.0088415325323056,10-Q,2026-05-27,53,review
HD,PaymentsToAcquireInvestments,Payments to Acquire Investments,USD,2008-02-04,2008-11-02,83000000.0,11225000000.0,-11142000000.0,-0.9926057906458797,0.0073942093541202675,10-Q,2009-12-03,6,review
HD,ProceedsFromIssuanceOfLongTermDebtAndCapitalSecuritiesNet,"Proceeds from Issuance of Long-term Debt and Capital Securities, Net",USD,2025-02-03,2025-05-04,29000000.0,10010000000.0,-9981000000.0,-0.9971028971028971,0.002897102897102897,10-Q,2026-05-27,62,review
HD,ProceedsFromRepaymentsOfCommercialPaper,Proceeds from (Repayments of) Commercial Paper,USD,2024-01-29,2024-07-28,2527000000.0,8000000.0,2519000000.0,314.875,315.875,10-Q,2025-08-26,51,review
HD,ProceedsFromSaleAndMaturityOfAvailableForSaleSecurities,"Proceeds from Sale and Maturity of Debt Securities, Available-for-sale",USD,2008-02-04,2008-08-03,2000000.0,10899000000.0,-10897000000.0,-0.9998164969263235,0.00018350307367648408,10-Q,2009-09-03,8,high_priority
HD,ProceedsFromShortTermDebt,Proceeds from Short-term Debt,USD,2024-01-29,2024-07-28,2527000000.0,8000000.0,2519000000.0,314.875,315.875,10-Q,2024-08-20,6,review
HD,RepaymentsOfLongTermDebtAndCapitalSecurities,"Repayment of Long-term Debt, Long-term Lease Obligation, and Capital Security",USD,2010-02-01,2010-05-02,5000000.0,1774000000.0,-1769000000.0,-0.9971815107102593,0.002818489289740699,10-Q,2011-06-02,74,review
HD,RepaymentsOfLongTermDebtAndCapitalSecurities,"Repayment of Long-term Debt, Long-term Lease Obligation, and Capital Security",USD,2012-01-30,2012-04-29,7000000.0,1028000000.0,-1021000000.0,-0.9931906614785992,0.006809338521400778,10-Q,2013-05-29,74,review
HD,RepaymentsOfLongTermDebtAndCapitalSecurities,"Repayment of Long-term Debt, Long-term Lease Obligation, and Capital Security",USD,2014-02-03,2014-05-04,12000000.0,1289000000.0,-1277000000.0,-0.9906904577191621,0.009309542280837859,10-Q,2015-05-27,74,review
HD,RepaymentsOfLongTermDebtAndCapitalSecurities,"Repayment of Long-term Debt, Long-term Lease Obligation, and Capital Security",USD,2017-01-30,2017-04-30,11000000.0,3045000000.0,-3034000000.0,-0.9963875205254515,0.00361247947454844,10-Q,2018-05-22,74,review
HD,ShortTermBorrowings,Short-term Debt,USD,,2024-07-28,2527000000.0,8000000.0,2519000000.0,314.875,315.875,10-Q,2024-08-20,4,review
HD,ShorttermDebtMaximumMonthendOutstandingAmount,"Short-term Debt, Maximum Month-end Outstanding Amount",USD,2022-01-31,2022-05-01,2700000000.0,11000000.0,2689000000.0,244.45454545454547,245.45454545454547,10-Q,2022-05-24,8,review
HD,StockIssuedDuringPeriodSharesEmployeeStockPurchasePlans,"Stock Issued During Period, Shares, Employee Stock Purchase Plans",shares,2021-02-01,2022-01-30,1000000000000.0,1000000.0,999999000000.0,999999.0,1000000.0,10-K,2022-03-23,15,high_priority
HD,StockIssuedDuringPeriodSharesEmployeeStockPurchasePlans,"Stock Issued During Period, Shares, Employee Stock Purchase Plans",shares,2022-01-31,2023-01-29,1000000.0,1000000000000.0,-999999000000.0,-0.999999,1e-06,10-K,2023-03-15,15,high_priority
HD,TreasuryStockValueAcquiredCostMethod,"Treasury Stock, Value, Acquired, Cost Method",USD,2008-02-04,2009-02-01,70000000.0,10815000000.0,-10745000000.0,-0.9935275080906149,0.006472491909385114,10-K,2011-03-24,40,review
HON,AccumulatedOtherComprehensiveIncomeLossCumulativeChangesInNetGainLossFromCashFlowHedgesEffectNetOfTax,"Accumulated Other Comprehensive Income (Loss), Cumulative Changes in Net Gain (Loss) from Cash Flow Hedges, Effect Net of Tax",USD,,2016-12-31,109000000.0,1000000.0,108000000.0,108.0,109.0,10-K,2018-02-09,12,review
HON,AntidilutiveSecuritiesExcludedFromComputationOfEarningsPerShareAmount,"Antidilutive Securities Excluded from Computation of Earnings Per Share, Amount",shares,2009-07-01,2009-09-30,29800000.0,17.8,29799982.2,1674156.3033707864,1674157.3033707864,10-Q,2010-10-22,100,high_priority
HON,DeferredForeignIncomeTaxExpenseBenefit,Deferred Foreign Income Tax Expense (Benefit),USD,2017-01-01,2017-12-31,2123000000.0,21000000.0,2102000000.0,100.0952380952381,101.0952380952381,10-K,2020-02-14,18,review
HON,DeferredIncomeTaxesAndTaxCredits,Deferred Income Taxes and Tax Credits,USD,2014-01-01,2014-03-31,2000000.0,262000000.0,-260000000.0,-0.9923664122137404,0.007633587786259542,10-Q,2015-04-17,72,review
HON,DisposalGroupNotDiscontinuedOperationGainLossOnDisposal,"Disposal Group, Not Discontinued Operation, Gain (Loss) on Disposal",USD,2014-04-01,2014-06-30,5000000.0,623000000.0,-618000000.0,-0.9919743178170144,0.008025682182985553,10-Q,2014-07-18,2,review
HON,EmployeeStockOwnershipPlanESOPSharesContributedToESOP,"Employee Stock Ownership Plan (ESOP), Shares Contributed to ESOP",shares,2009-01-01,2009-12-31,4800000.0,4.9,4799995.1,979590.8367346937,979591.8367346938,10-K,2012-02-17,6,high_priority
HON,FederalIncomeTaxExpenseBenefitContinuingOperations,"Federal Income Tax Expense (Benefit), Continuing Operations",USD,2011-01-01,2011-12-31,3000000.0,358000000.0,-355000000.0,-0.9916201117318436,0.008379888268156424,10-K,2014-02-14,6,review
HON,FederalIncomeTaxExpenseBenefitContinuingOperations,"Federal Income Tax Expense (Benefit), Continuing Operations",USD,2012-01-01,2012-12-31,584000000.0,3000000.0,581000000.0,193.66666666666666,194.66666666666666,10-K,2014-02-14,6,review
HON,GainsLossesOnExtinguishmentOfDebt,Gain (Loss) on Extinguishment of Debt,USD,2026-04-01,2026-06-30,-2000000.0,-239000000.0,237000000.0,-0.9916317991631799,0.008368200836820083,10-Q,2026-07-23,6,review
HON,GainsLossesOnExtinguishmentOfDebt,Gain (Loss) on Extinguishment of Debt,USD,2026-01-01,2026-06-30,-241000000.0,-2000000.0,-239000000.0,119.5,120.5,10-Q,2026-07-23,6,review
HON,GoodwillAcquiredDuringPeriod,"Goodwill, Acquired During Period",USD,2025-01-01,2025-03-31,8000000.0,4363000000.0,-4355000000.0,-0.9981663992665597,0.0018336007334402934,10-Q,2025-04-29,22,review
HON,GoodwillAcquiredDuringPeriod,"Goodwill, Acquired During Period",USD,2025-01-01,2025-06-30,1403000000.0,8000000.0,1395000000.0,174.375,175.375,10-Q,2025-07-24,22,review
HON,IncreaseDecreaseInAccountsPayable,Increase (Decrease) in Accounts Payable,USD,2011-01-01,2011-03-31,-4000000.0,592000000.0,-596000000.0,-1.0067567567567568,0.006756756756756757,10-Q,2012-04-20,72,review
HON,LineOfCreditFacilityMaximumBorrowingCapacity,"Line of Credit Facility, Maximum Borrowing Capacity",USD,,2011-03-31,3500000000.0,2800000000000.0,-2796500000000.0,-0.99875,0.00125,10-K,2012-02-17,3,review
HON,LongTermDebtMaturitiesRepaymentsOfPrincipalInNextTwelveMonths,"Long-Term Debt, Maturity, Year One",USD,,2010-12-31,523000000.0,5000000.0,518000000.0,103.6,104.6,10-K,2011-02-11,29,review
HON,LongTermDebtMaturitiesRepaymentsOfPrincipalInYearFive,"Long-Term Debt, Maturity, Year Five",USD,,2010-12-31,1000000.0,606000000.0,-605000000.0,-0.9983498349834984,0.0016501650165016502,10-K,2011-02-11,29,review
HON,LongTermDebtMaturitiesRepaymentsOfPrincipalInYearFive,"Long-Term Debt, Maturity, Year Five",USD,,2011-12-31,455000000.0,1000000.0,454000000.0,454.0,455.0,10-K,2012-02-17,29,review
HON,LongTermDebtMaturitiesRepaymentsOfPrincipalInYearFive,"Long-Term Debt, Maturity, Year Five",USD,,2015-12-31,2000000.0,903000000.0,-901000000.0,-0.9977851605758582,0.0022148394241417496,10-K,2016-02-12,29,review
HON,LongTermDebtMaturitiesRepaymentsOfPrincipalInYearFive,"Long-Term Debt, Maturity, Year Five",USD,,2016-12-31,2312000000.0,2000000.0,2310000000.0,1155.0,1156.0,10-K,2017-02-10,29,high_priority
HON,LongTermDebtMaturitiesRepaymentsOfPrincipalInYearFive,"Long-Term Debt, Maturity, Year Five",USD,,2017-12-31,4000000.0,2312000000.0,-2308000000.0,-0.9982698961937716,0.0017301038062283738,10-K,2018-02-09,29,review
HON,LongTermDebtMaturitiesRepaymentsOfPrincipalInYearFive,"Long-Term Debt, Maturity, Year Five",USD,,2018-12-31,1756000000.0,4000000.0,1752000000.0,438.0,439.0,10-K,2019-02-08,29,review
HON,LongTermDebtMaturitiesRepaymentsOfPrincipalInYearFour,"Long-Term Debt, Maturity, Year Four",USD,,2011-12-31,1000000.0,607000000.0,-606000000.0,-0.9983525535420099,0.0016474464579901153,10-K,2012-02-17,29,review
HON,LongTermDebtMaturitiesRepaymentsOfPrincipalInYearFour,"Long-Term Debt, Maturity, Year Four",USD,,2018-12-31,22000000.0,2306000000.0,-2284000000.0,-0.9904596704249783,0.009540329575021683,10-K,2019-02-08,29,review
HON,NetCashProvidedByUsedInInvestingActivities,Net Cash Provided by (Used in) Investing Activities,USD,2011-01-01,2011-03-31,16000000.0,-2269000000.0,2285000000.0,-1.007051564565888,0.007051564565888057,10-Q,2012-04-20,61,review
HON,NetCashProvidedByUsedInInvestingActivities,Net Cash Provided by (Used in) Investing Activities,USD,2022-01-01,2022-03-31,-10000000.0,-1061000000.0,1051000000.0,-0.9905749293119699,0.00942507068803016,10-Q,2023-04-27,61,review
HON,NetCashProvidedByUsedInOperatingActivities,Net Cash Provided by (Used in) Operating Activities,USD,2022-01-01,2022-03-31,36000000.0,6038000000.0,-6002000000.0,-0.9940377608479629,0.0059622391520370984,10-Q,2023-04-27,61,review
HON,OtherComprehensiveIncomeDefinedBenefitPlansNetUnamortizedGainLossArisingDuringPeriodNetOfTax,"Other Comprehensive Income (Loss), Defined Benefit Plan, Gain (Loss) Arising During Period, after Tax",USD,2012-01-01,2012-06-30,5000000.0,-1317000000.0,1322000000.0,-1.0037965072133637,0.0037965072133637054,10-Q,2013-07-19,40,review
HON,OtherComprehensiveIncomeLossBeforeReclassificationsNetOfTax,"Other Comprehensive Income (Loss), before Reclassifications, Net of Tax",USD,2014-01-01,2014-03-31,-7000000.0,2219000000.0,-2226000000.0,-1.003154574132492,0.0031545741324921135,10-Q,2015-04-17,34,review
HON,OtherComprehensiveIncomeLossBeforeTaxPeriodIncreaseDecrease,"Other Comprehensive Income (Loss), before Tax (Deprecated 2012-01-31)",USD,2009-01-01,2009-12-31,2000000.0,-1852000000.0,1854000000.0,-1.0010799136069115,0.0010799136069114472,10-K,2012-02-17,4,review
HON,OtherComprehensiveIncomeLossPensionAndOtherPostretirementBenefitPlansAdjustmentNetOfTax,"Other Comprehensive (Income) Loss, Defined Benefit Plan, after Reclassification Adjustment, after Tax",USD,2014-01-01,2014-03-31,-4000000.0,-2203000000.0,2199000000.0,-0.9981842941443486,0.0018157058556513845,10-Q,2015-04-17,91,review
HON,OtherComprehensiveIncomeLossPensionAndOtherPostretirementBenefitPlansAdjustmentNetOfTax,"Other Comprehensive (Income) Loss, Defined Benefit Plan, after Reclassification Adjustment, after Tax",USD,2014-01-01,2014-12-31,1083000000.0,-4000000.0,1087000000.0,-271.75,270.75,10-K,2017-02-10,91,review
HON,OtherComprehensiveIncomeLossPensionAndOtherPostretirementBenefitPlansAdjustmentNetOfTax,"Other Comprehensive (Income) Loss, Defined Benefit Plan, after Reclassification Adjustment, after Tax",USD,2015-01-01,2015-03-31,-3000000.0,1083000000.0,-1086000000.0,-1.002770083102493,0.002770083102493075,10-Q,2016-04-22,91,review
HON,OtherComprehensiveIncomeLossPensionAndOtherPostretirementBenefitPlansAdjustmentNetOfTax,"Other Comprehensive (Income) Loss, Defined Benefit Plan, after Reclassification Adjustment, after Tax",USD,2026-01-01,2026-03-31,2000000.0,736000000.0,-734000000.0,-0.9972826086956522,0.002717391304347826,10-Q,2026-04-23,91,review
HON,OtherComprehensiveIncomeLossReclassificationAdjustmentFromAOCIPensionAndOtherPostretirementBenefitPlansForNetGainLossNetOfTax,"Other Comprehensive Income (Loss), Defined Benefit Plan, Gain (Loss), Reclassification Adjustment from AOCI, after Tax",USD,2012-01-01,2012-09-30,-10000000.0,-1171000000.0,1161000000.0,-0.9914602903501281,0.008539709649871904,10-Q,2013-10-18,58,review
HON,OtherComprehensiveIncomeLossReclassificationAdjustmentFromAOCIPensionAndOtherPostretirementBenefitPlansForNetGainLossNetOfTax,"Other Comprehensive Income (Loss), Defined Benefit Plan, Gain (Loss), Reclassification Adjustment from AOCI, after Tax",USD,2013-01-01,2013-03-31,-6000000.0,-649000000.0,643000000.0,-0.9907550077041603,0.009244992295839754,10-Q,2014-04-17,58,review
HON,OtherComprehensiveIncomeLossReclassificationAdjustmentFromAOCIPensionAndOtherPostretirementBenefitPlansForNetGainLossNetOfTax,"Other Comprehensive Income (Loss), Defined Benefit Plan, Gain (Loss), Reclassification Adjustment from AOCI, after Tax",USD,2015-01-01,2015-03-31,2000000.0,-202000000.0,204000000.0,-1.00990099009901,0.009900990099009901,10-Q,2016-04-22,58,review
HON,OtherComprehensiveIncomeLossReclassificationAdjustmentFromAOCIPensionAndOtherPostretirementBenefitPlansForNetGainLossNetOfTax,"Other Comprehensive Income (Loss), Defined Benefit Plan, Gain (Loss), Reclassification Adjustment from AOCI, after Tax",USD,2017-01-01,2017-03-31,-2000000.0,-236000000.0,234000000.0,-0.9915254237288136,0.00847457627118644,10-Q,2018-04-20,58,review
HON,OtherComprehensiveIncomeReclassificationOfDefinedBenefitPlansNetGainLossRecognizedInNetPeriodicBenefitCostNetOfTax,"Other Comprehensive Income (Loss), Reclassification, Pension and Other Postretirement Benefit Plans, Net Gain (Loss) Recognized in Net Periodic Benefit Cost, Net of Tax (Deprecated 2013-01-31)",USD,2011-01-01,2011-12-31,1171000000.0,6000000.0,1165000000.0,194.16666666666666,195.16666666666666,10-K,2013-02-15,15,review
HON,OtherComprehensiveIncomeReclassificationOfDefinedBenefitPlansNetGainLossRecognizedInNetPeriodicBenefitCostNetOfTax,"Other Comprehensive Income (Loss), Reclassification, Pension and Other Postretirement Benefit Plans, Net Gain (Loss) Recognized in Net Periodic Benefit Cost, Net of Tax (Deprecated 2013-01-31)",USD,2012-01-01,2012-03-31,7000000.0,1171000000.0,-1164000000.0,-0.9940222032450897,0.005977796754910333,10-Q,2013-04-19,15,review
HON,OtherComprehensiveIncomeReclassificationOfDefinedBenefitPlansNetGainLossRecognizedInNetPeriodicBenefitCostNetOfTax,"Other Comprehensive Income (Loss), Reclassification, Pension and Other Postretirement Benefit Plans, Net Gain (Loss) Recognized in Net Periodic Benefit Cost, Net of Tax (Deprecated 2013-01-31)",USD,2013-01-01,2013-03-31,6000000.0,649000000.0,-643000000.0,-0.9907550077041603,0.009244992295839754,10-Q,2013-04-19,15,review
HON,OtherNoncashIncomeExpense,Other Noncash Income (Expense),USD,2018-01-01,2018-03-31,-2000000.0,-1642000000.0,1640000000.0,-0.9987819732034104,0.001218026796589525,10-Q,2019-04-18,65,review
HON,OtherNoncashIncomeExpense,Other Noncash Income (Expense),USD,2019-01-01,2019-03-31,4000000.0,694000000.0,-690000000.0,-0.9942363112391931,0.005763688760806916,10-Q,2020-05-01,65,review
HON,OtherNonoperatingIncomeExpense,Other Nonoperating Income (Expense),USD,2013-01-01,2013-12-31,238000000.0,1000000.0,237000000.0,237.0,238.0,10-K,2016-02-12,103,review
HON,OtherNonoperatingIncomeExpense,Other Nonoperating Income (Expense),USD,2016-07-01,2016-09-30,180000000.0,-1000000.0,181000000.0,-181.0,180.0,10-Q,2017-10-20,103,review
HON,OtherNonoperatingIncomeExpense,Other Nonoperating Income (Expense),USD,2026-01-01,2026-03-31,7000000.0,1247000000.0,-1240000000.0,-0.9943865276663993,0.0056134723336006415,10-Q,2026-04-23,103,review
HON,OtherOperatingIncome,Other Operating Income,USD,2009-01-01,2009-03-31,-2000000.0,748000000.0,-750000000.0,-1.0026737967914439,0.00267379679144385,10-Q,2010-04-23,9,review
HON,PaymentsToAcquireBusinessesAndInterestInAffiliates,Payments to Acquire Businesses and Interest in Affiliates,USD,2009-01-01,2009-03-31,-20000000.0,2181000000.0,-2201000000.0,-1.0091701054562128,0.009170105456212746,10-Q,2010-04-23,38,review
HON,PaymentsToAcquireBusinessesAndInterestInAffiliates,Payments to Acquire Businesses and Interest in Affiliates,USD,2011-01-01,2011-03-31,7000000.0,1303000000.0,-1296000000.0,-0.9946277820414429,0.005372217958557176,10-Q,2012-04-20,38,review
HON,PaymentsToAcquireBusinessesAndInterestInAffiliates,Payments to Acquire Businesses and Interest in Affiliates,USD,2012-01-01,2012-03-31,1000000.0,973000000.0,-972000000.0,-0.998972250770812,0.0010277492291880781,10-Q,2013-04-19,38,review
HON,PaymentsToAcquireBusinessesNetOfCashAcquired,"Payments to Acquire Businesses, Net of Cash Acquired",USD,2014-01-01,2014-12-31,4000000.0,1133000000.0,-1129000000.0,-0.9964695498676082,0.00353045013239188,10-K,2017-02-10,33,review
HON,PaymentsToAcquireBusinessesNetOfCashAcquired,"Payments to Acquire Businesses, Net of Cash Acquired",USD,2015-01-01,2015-12-31,5228000000.0,4000000.0,5224000000.0,1306.0,1307.0,10-K,2018-02-09,33,high_priority
HON,PaymentsToAcquireBusinessesNetOfCashAcquired,"Payments to Acquire Businesses, Net of Cash Acquired",USD,2025-01-01,2025-03-31,5000000.0,8880000000.0,-8875000000.0,-0.9994369369369369,0.0005630630630630631,10-Q,2026-04-23,33,high_priority
HON,PaymentsToAcquireBusinessesNetOfCashAcquired,"Payments to Acquire Businesses, Net of Cash Acquired",USD,2025-01-01,2025-06-30,2163000000.0,5000000.0,2158000000.0,431.6,432.6,10-Q,2026-07-23,33,review
HON,PaymentsToAcquireBusinessesNetOfCashAcquired,"Payments to Acquire Businesses, Net of Cash Acquired",USD,2026-01-01,2026-03-31,5000000.0,2211000000.0,-2206000000.0,-0.9977385798281321,0.002261420171867933,10-Q,2026-04-23,33,review
HON,PensionAndOtherPostretirementBenefitExpense,Pension and Other Postretirement Benefits Cost (Reversal of Cost),USD,2013-01-01,2013-03-31,1000000.0,1065000000.0,-1064000000.0,-0.9990610328638497,0.0009389671361502347,10-Q,2014-04-17,43,high_priority
HON,ProceedsFromDivestitureOfBusinesses,Proceeds from Divestiture of Businesses,USD,2009-01-01,2009-09-30,1000000.0,909000000.0,-908000000.0,-0.9988998899889989,0.0011001100110011,10-Q,2010-10-22,50,review
HON,ProceedsFromDivestitureOfBusinesses,Proceeds from Divestiture of Businesses,USD,2014-01-01,2014-09-30,157000000.0,1000000.0,156000000.0,156.0,157.0,10-Q,2015-10-16,50,review
HON,ProceedsFromDivestitureOfBusinesses,Proceeds from Divestiture of Businesses,USD,2026-01-01,2026-03-31,6000000.0,1157000000.0,-1151000000.0,-0.9948141745894555,0.005185825410544511,10-Q,2026-04-23,50,review
HON,ProceedsFromDivestitureOfBusinessesNetOfCashDivested,"Proceeds from Divestiture of Businesses, Net of Cash Divested",USD,2009-01-01,2009-09-30,1000000.0,909000000.0,-908000000.0,-0.9988998899889989,0.0011001100110011,10-Q,2009-10-23,5,review
HON,ProceedsFromIssuanceOfLongTermDebtAndCapitalSecuritiesNet,"Proceeds from Issuance of Long-term Debt and Capital Securities, Net",USD,2012-01-01,2012-03-31,2000000.0,1390000000.0,-1388000000.0,-0.9985611510791367,0.0014388489208633094,10-Q,2013-04-19,72,review
HON,ProceedsFromIssuanceOfLongTermDebtAndCapitalSecuritiesNet,"Proceeds from Issuance of Long-term Debt and Capital Securities, Net",USD,2017-01-01,2017-03-31,11000000.0,9245000000.0,-9234000000.0,-0.9988101676581936,0.0011898323418063819,10-Q,2018-04-20,72,review
HON,ProceedsFromIssuanceOfLongTermDebtAndCapitalSecuritiesNet,"Proceeds from Issuance of Long-term Debt and Capital Securities, Net",USD,2018-01-01,2018-03-31,3000000.0,1238000000.0,-1235000000.0,-0.9975767366720517,0.0024232633279483036,10-Q,2019-04-18,72,review
HON,ProceedsFromIssuanceOfLongTermDebtAndCapitalSecuritiesNet,"Proceeds from Issuance of Long-term Debt and Capital Securities, Net",USD,2021-01-01,2021-03-31,23000000.0,10125000000.0,-10102000000.0,-0.9977283950617284,0.002271604938271605,10-Q,2022-04-29,72,review
HON,ProceedsFromIssuanceOfLongTermDebtAndCapitalSecuritiesNet,"Proceeds from Issuance of Long-term Debt and Capital Securities, Net",USD,2022-01-01,2022-03-31,1000000.0,2517000000.0,-2516000000.0,-0.9996027016289233,0.0003972983710766786,10-Q,2023-04-27,72,high_priority
HON,ProceedsFromIssuanceOfLongTermDebtAndCapitalSecuritiesNet,"Proceeds from Issuance of Long-term Debt and Capital Securities, Net",USD,2022-01-01,2022-12-31,2953000000.0,2000000.0,2951000000.0,1475.5,1476.5,10-K,2025-02-14,72,high_priority
HON,ProceedsFromIssuanceOfLongTermDebtAndCapitalSecuritiesNet,"Proceeds from Issuance of Long-term Debt and Capital Securities, Net",USD,2025-01-01,2025-03-31,46000000.0,10408000000.0,-10362000000.0,-0.9955803228285934,0.004419677171406611,10-Q,2026-04-23,72,review
HON,RepaymentsOfLongTermDebtAndCapitalSecurities,"Repayment of Long-term Debt, Long-term Lease Obligation, and Capital Security",USD,2013-01-01,2013-03-31,600000000.0,1000000.0,599000000.0,599.0,600.0,10-Q,2014-04-17,72,review
HON,RepaymentsOfLongTermDebtAndCapitalSecurities,"Repayment of Long-term Debt, Long-term Lease Obligation, and Capital Security",USD,2017-01-01,2017-03-31,5000000.0,2839000000.0,-2834000000.0,-0.9982388164846777,0.0017611835153222965,10-Q,2018-04-20,72,review
HON,RepaymentsOfLongTermDebtAndCapitalSecurities,"Repayment of Long-term Debt, Long-term Lease Obligation, and Capital Security",USD,2019-01-01,2019-03-31,13000000.0,1330000000.0,-1317000000.0,-0.9902255639097745,0.009774436090225564,10-Q,2020-05-01,72,review
HON,RepaymentsOfLongTermDebtAndCapitalSecurities,"Repayment of Long-term Debt, Long-term Lease Obligation, and Capital Security",USD,2022-01-01,2022-03-31,40000000.0,4917000000.0,-4877000000.0,-0.9918649583079113,0.008135041692088672,10-Q,2023-04-27,72,review
HON,RestructuringAndRelatedCostNumberOfPositionsEliminated,"Restructuring and Related Cost, Number of Positions Eliminated",employee,2022-01-01,2022-09-30,2940000000.0,1664.0,2939998336.0,1766825.923076923,1766826.923076923,10-Q,2022-10-27,29,high_priority
HON,RestructuringAndRelatedCostNumberOfPositionsEliminated,"Restructuring and Related Cost, Number of Positions Eliminated",employee,2022-07-01,2022-09-30,1276.0,2940000000.0,-2939998724.0,-0.9999995659863946,4.340136054421769e-07,10-Q,2022-10-27,29,high_priority
HON,RestructuringAndRelatedCostNumberOfPositionsEliminated,"Restructuring and Related Cost, Number of Positions Eliminated",employee,2023-01-01,2023-06-30,2561000000.0,764.0,2560999236.0,3352093.2408376965,3352094.2408376965,10-Q,2023-07-27,29,high_priority
HON,RestructuringAndRelatedCostNumberOfPositionsEliminated,"Restructuring and Related Cost, Number of Positions Eliminated",employee,2023-01-01,2023-12-31,5854.0,2561000000.0,-2560994146.0,-0.9999977141741507,2.285825849277626e-06,10-K,2025-02-14,29,high_priority
HON,RestructuringReserveTranslationAndOtherAdjustment,"Restructuring Reserve, Translation and Other Adjustment",USD,2022-01-01,2022-09-30,-328000000.0,-2000000.0,-326000000.0,163.0,164.0,10-Q,2023-10-26,82,review
HON,ShortTermBorrowings,Short-term Debt,USD,,2015-12-31,5937000000.0,4000000.0,5933000000.0,1483.25,1484.25,10-K,2017-02-10,57,high_priority
JNJ,AntidilutiveSecuritiesExcludedFromComputationOfEarningsPerShareAmount,"Antidilutive Securities Excluded from Computation of Earnings Per Share, Amount",shares,2024-12-30,2025-03-30,60900000.0,54.1,60899945.9,1125692.1608133086,1125693.1608133086,10-Q,2026-04-22,76,high_priority
JNJ,AvailableForSaleSecuritiesDebtMaturitiesAfterOneThroughFiveYearsAmortizedCost,"Debt Securities, Available-for-Sale, Amortized Cost, Maturity, Allocated and Single Maturity Date, after Year One Through Five",USD,,2017-07-02,11000000.0,10280000000.0,-10269000000.0,-0.9989299610894942,0.0010700389105058367,10-Q,2017-08-03,40,review
JNJ,AvailableForSaleSecuritiesDebtMaturitiesAfterOneThroughFiveYearsFairValue,"Debt Securities, Available-for-Sale, Fair Value, Maturity, Allocated and Single Maturity Date, after Year One Through Five",USD,,2017-07-02,11000000.0,10240000000.0,-10229000000.0,-0.99892578125,0.00107421875,10-Q,2017-08-03,40,review
JNJ,CashAndCashEquivalentsPeriodIncreaseDecrease,"Cash and Cash Equivalents, Period Increase (Decrease)",USD,2012-12-31,2013-03-31,-56000000.0,-9631000000.0,9575000000.0,-0.9941854428408265,0.005814557159173502,10-Q,2014-05-02,46,review
JNJ,DeferredFederalIncomeTaxExpenseBenefit,Deferred Federal Income Tax Expense (Benefit),USD,2011-01-03,2012-01-01,-690000000.0,-4000000.0,-686000000.0,171.5,172.5,10-K,2014-02-21,18,review
JNJ,DeferredIncomeTaxExpenseBenefit,Deferred Income Tax Expense (Benefit),USD,2011-01-03,2011-07-03,-504000000.0,-4000000.0,-500000000.0,125.0,126.0,10-Q,2012-08-02,75,review
JNJ,DiscontinuedOperationIncomeLossFromDiscontinuedOperationNetOfTaxPerBasicShare,"Discontinued Operation, Income (Loss) from Discontinued Operation, Net of Tax, Per Basic Share",USD/shares,2023-10-02,2023-12-31,-0.03,8.51,-8.54,-1.0035252643948296,0.0035252643948296123,10-K,2024-02-16,21,review
JNJ,DiscontinuedOperationIncomeLossFromDiscontinuedOperationNetOfTaxPerBasicShare,"Discontinued Operation, Income (Loss) from Discontinued Operation, Net of Tax, Per Basic Share",USD/shares,2023-01-02,2023-12-31,8.62,-0.03,8.649999999999999,-288.3333333333333,287.3333333333333,10-K,2026-02-11,21,review
JNJ,DiscontinuedOperationIncomeLossFromDiscontinuedOperationNetOfTaxPerDilutedShare,"Discontinued Operation, Income (Loss) from Discontinued Operation, Net of Tax, Per Diluted Share",USD/shares,2023-01-02,2023-10-01,8.42,0.07,8.35,119.28571428571426,120.28571428571428,10-Q,2024-10-23,21,review
JNJ,DiscontinuedOperationIncomeLossFromDiscontinuedOperationNetOfTaxPerDilutedShare,"Discontinued Operation, Income (Loss) from Discontinued Operation, Net of Tax, Per Diluted Share",USD/shares,2023-10-02,2023-12-31,-0.03,8.52,-8.549999999999999,-1.0035211267605633,0.0035211267605633804,10-K,2024-02-16,21,review
JNJ,DiscontinuedOperationIncomeLossFromDiscontinuedOperationNetOfTaxPerDilutedShare,"Discontinued Operation, Income (Loss) from Discontinued Operation, Net of Tax, Per Diluted Share",USD/shares,2023-01-02,2023-12-31,8.52,-0.03,8.549999999999999,-285.0,284.0,10-K,2026-02-11,21,review
JNJ,EarningsPerShareBasic,"Earnings Per Share, Basic",USD/shares,2023-01-02,2023-04-02,-0.03,6.83,-6.86,-1.0043923865300146,0.004392386530014641,10-Q,2024-05-01,124,review
JNJ,EarningsPerShareDiluted,"Earnings Per Share, Diluted",USD/shares,2023-01-02,2023-04-02,-0.03,6.73,-6.760000000000001,-1.0044576523031203,0.004457652303120356,10-Q,2024-05-01,124,review
JNJ,GoodwillAcquiredDuringPeriod,"Goodwill, Acquired During Period",USD,2016-01-04,2016-04-03,1000000.0,510000000.0,-509000000.0,-0.9980392156862745,0.00196078431372549,10-Q,2016-05-10,66,review
JNJ,GoodwillAcquiredDuringPeriod,"Goodwill, Acquired During Period",USD,2016-01-04,2016-07-03,405000000.0,1000000.0,404000000.0,404.0,405.0,10-Q,2016-08-04,66,review
JNJ,GoodwillAcquiredDuringPeriod,"Goodwill, Acquired During Period",USD,2018-01-01,2018-04-01,53000000.0,8463000000.0,-8410000000.0,-0.9937374453503486,0.006262554649651424,10-Q,2018-05-01,66,review
JNJ,IncomeLossFromDiscontinuedOperationsNetOfTaxAttributableToNoncontrollingInterest,"Income (Loss) from Discontinued Operations, Net of Tax, Attributable to Noncontrolling Interest",USD,2023-07-03,2023-10-01,21719000000.0,191000000.0,21528000000.0,112.71204188481676,113.71204188481676,10-Q,2024-10-23,10,review
JNJ,IncomeLossFromDiscontinuedOperationsNetOfTaxAttributableToReportingEntity,"Income (Loss) from Discontinued Operations, Net of Tax, Attributable to Parent",USD,2023-10-02,2023-12-31,-83000000.0,21719000000.0,-21802000000.0,-1.0038215387448777,0.003821538744877757,10-K,2024-02-16,21,review
JNJ,IncomeLossFromDiscontinuedOperationsNetOfTaxAttributableToReportingEntity,"Income (Loss) from Discontinued Operations, Net of Tax, Attributable to Parent",USD,2023-01-02,2023-12-31,21827000000.0,-83000000.0,21910000000.0,-263.9759036144578,262.9759036144578,10-K,2026-02-11,21,review
JNJ,IncreaseDecreaseInInventories,Increase (Decrease) in Inventories,USD,2012-01-02,2012-12-30,1000000.0,593000000.0,-592000000.0,-0.9983136593591906,0.0016863406408094434,10-K,2015-02-24,74,review
JNJ,IncreaseDecreaseInInventories,Increase (Decrease) in Inventories,USD,2012-12-31,2013-03-31,288000000.0,1000000.0,287000000.0,287.0,288.0,10-Q,2014-05-02,74,review
JNJ,IncreaseDecreaseInOtherOperatingAssets,Increase (Decrease) in Other Operating Assets,USD,2007-12-31,2008-09-28,-2000000.0,-756000000.0,754000000.0,-0.9973544973544973,0.0026455026455026454,10-Q,2009-11-04,74,review
JNJ,IncreaseDecreaseInOtherOperatingAssets,Increase (Decrease) in Other Operating Assets,USD,2007-12-31,2008-12-28,1600000000.0,-2000000.0,1602000000.0,-801.0,800.0,10-K,2011-02-25,74,review
JNJ,IncreaseDecreaseInOtherOperatingLiabilities,Increase (Decrease) in Other Operating Liabilities,USD,2024-12-30,2025-03-30,-6509000000.0,33000000.0,-6542000000.0,-198.24242424242425,197.24242424242425,10-Q,2026-04-22,74,review
JNJ,LongTermDebtCurrent,"Long-term Debt, Current Maturities",USD,,2017-01-01,1700000000.0,13000000.0,1687000000.0,129.76923076923077,130.76923076923077,10-K,2018-02-21,11,review
JNJ,LongTermDebtMaturitiesRepaymentsOfPrincipalInNextTwelveMonths,"Long-Term Debt, Maturity, Year One",USD,,2014-12-28,7000000.0,1769000000.0,-1762000000.0,-0.9960429621254946,0.00395703787450537,10-K,2015-02-24,16,review
JNJ,LongTermDebtMaturitiesRepaymentsOfPrincipalInNextTwelveMonths,"Long-Term Debt, Maturity, Year One",USD,,2016-01-03,2104000000.0,7000000.0,2097000000.0,299.57142857142856,300.57142857142856,10-K,2016-02-24,16,review
JNJ,NetCashProvidedByUsedInInvestingActivities,Net Cash Provided by (Used in) Investing Activities,USD,2021-01-04,2021-04-04,-185000000.0,-20825000000.0,20640000000.0,-0.9911164465786314,0.008883553421368547,10-Q,2022-04-29,74,review
JNJ,NetIncomeLoss,Net Income (Loss) Attributable to Parent,USD,2023-01-02,2023-04-02,-68000000.0,17941000000.0,-18009000000.0,-1.0037902012150939,0.003790201215093919,10-Q,2024-05-01,112,review
JNJ,NoncashOrPartNoncashAcquisitionNetNonmonetaryAssetsAcquiredLiabilitiesAssumed1,"Noncash or Part Noncash Acquisition, Net Nonmonetary Assets Acquired (Liabilities Assumed)",USD,2012-12-31,2013-03-31,168000000.0,17821000000.0,-17653000000.0,-0.9905729195892486,0.009427080410751361,10-Q,2014-05-02,61,review
JNJ,NoncashOrPartNoncashAcquisitionNetNonmonetaryAssetsAcquiredLiabilitiesAssumed1,"Noncash or Part Noncash Acquisition, Net Nonmonetary Assets Acquired (Liabilities Assumed)",USD,2016-01-04,2016-04-03,5000000.0,954000000.0,-949000000.0,-0.9947589098532494,0.005241090146750524,10-Q,2017-05-08,61,review
JNJ,NoncashOrPartNoncashAcquisitionNetNonmonetaryAssetsAcquiredLiabilitiesAssumed1,"Noncash or Part Noncash Acquisition, Net Nonmonetary Assets Acquired (Liabilities Assumed)",USD,2016-01-04,2016-07-03,730000000.0,5000000.0,725000000.0,145.0,146.0,10-Q,2017-08-03,61,review
JNJ,NoncashOrPartNoncashAcquisitionNetNonmonetaryAssetsAcquiredLiabilitiesAssumed1,"Noncash or Part Noncash Acquisition, Net Nonmonetary Assets Acquired (Liabilities Assumed)",USD,2018-01-01,2018-04-01,82000000.0,35151000000.0,-35069000000.0,-0.9976672071918296,0.0023327928081704648,10-Q,2019-05-01,61,review
JNJ,NoncashOrPartNoncashAcquisitionValueOfAssetsAcquired1,"Noncash or Part Noncash Acquisition, Value of Assets Acquired",USD,2012-12-31,2013-03-31,186000000.0,19025000000.0,-18839000000.0,-0.9902233902759527,0.009776609724047307,10-Q,2014-05-02,61,review
JNJ,NoncashOrPartNoncashAcquisitionValueOfAssetsAcquired1,"Noncash or Part Noncash Acquisition, Value of Assets Acquired",USD,2016-01-04,2016-04-03,7000000.0,1174000000.0,-1167000000.0,-0.9940374787052811,0.00596252129471891,10-Q,2017-05-08,61,review
JNJ,NoncashOrPartNoncashAcquisitionValueOfAssetsAcquired1,"Noncash or Part Noncash Acquisition, Value of Assets Acquired",USD,2016-01-04,2016-07-03,744000000.0,7000000.0,737000000.0,105.28571428571429,106.28571428571429,10-Q,2017-08-03,61,review
JNJ,NoncashOrPartNoncashAcquisitionValueOfAssetsAcquired1,"Noncash or Part Noncash Acquisition, Value of Assets Acquired",USD,2018-01-01,2018-04-01,119000000.0,36937000000.0,-36818000000.0,-0.9967782981833934,0.0032217018166066547,10-Q,2019-05-01,61,review
JNJ,NoncashOrPartNoncashAcquisitionValueOfLiabilitiesAssumed1,"Noncash or Part Noncash Acquisition, Value of Liabilities Assumed",USD,2016-01-04,2016-04-03,2000000.0,220000000.0,-218000000.0,-0.990909090909091,0.00909090909090909,10-Q,2017-05-08,61,review
JNJ,OtherComprehensiveIncomeForeignCurrencyTransactionAndTranslationGainLossBeforeReclassificationAndTax,"Other Comprehensive Income (Loss), Foreign Currency Transaction and Translation Gain (Loss), before Reclassification and Tax",USD,2011-01-03,2011-10-02,-3000000.0,-1790000000.0,1787000000.0,-0.9983240223463687,0.0016759776536312849,10-Q,2012-11-09,95,review
JNJ,OtherComprehensiveIncomeForeignCurrencyTransactionAndTranslationGainLossBeforeReclassificationAndTax,"Other Comprehensive Income (Loss), Foreign Currency Transaction and Translation Gain (Loss), before Reclassification and Tax",USD,2011-01-03,2012-01-01,-557000000.0,-3000000.0,-554000000.0,184.66666666666666,185.66666666666666,10-K,2014-02-21,95,review
JNJ,OtherComprehensiveIncomeLossCashFlowHedgeGainLossReclassificationAfterTax,"Other Comprehensive Income (Loss), Cash Flow Hedge, Gain (Loss), Reclassification, after Tax",USD,2018-12-31,2019-12-29,-7000000.0,1885000000.0,-1892000000.0,-1.0037135278514588,0.003713527851458886,10-K,2022-02-17,50,review
JNJ,OtherComprehensiveIncomeLossCashFlowHedgeGainLossReclassificationAfterTax,"Other Comprehensive Income (Loss), Cash Flow Hedge, Gain (Loss), Reclassification, after Tax",USD,2023-01-02,2023-04-02,-3000000.0,348000000.0,-351000000.0,-1.0086206896551724,0.008620689655172414,10-Q,2024-05-01,50,review
JNJ,OtherComprehensiveIncomeLossDerivativesQualifyingAsHedgesNetOfTax,"Other Comprehensive Income (Loss), Derivatives Qualifying as Hedges, Net of Tax",USD,2016-07-04,2016-10-02,1000000.0,-328000000.0,329000000.0,-1.0030487804878048,0.003048780487804878,10-Q,2017-11-02,46,review
JNJ,OtherComprehensiveIncomeLossDerivativesQualifyingAsHedgesNetOfTax,"Other Comprehensive Income (Loss), Derivatives Qualifying as Hedges, Net of Tax",USD,2016-01-04,2017-01-01,-249000000.0,1000000.0,-250000000.0,-250.0,249.0,10-K,2019-02-20,46,review
JNJ,OtherComprehensiveIncomeLossNetOfTax,"Other Comprehensive Income (Loss), Net of Tax",USD,2016-01-04,2017-01-01,-1736000000.0,-8000000.0,-1728000000.0,216.0,217.0,10-K,2019-02-20,89,review
JNJ,OtherComprehensiveIncomeLossNetOfTax,"Other Comprehensive Income (Loss), Net of Tax",USD,2024-01-01,2024-09-29,5000000.0,-1269000000.0,1274000000.0,-1.003940110323089,0.003940110323089046,10-Q,2025-10-22,89,review
JNJ,OtherComprehensiveIncomeLossNetOfTax,"Other Comprehensive Income (Loss), Net of Tax",USD,2024-01-01,2024-12-29,786000000.0,5000000.0,781000000.0,156.2,157.2,10-K,2026-02-11,89,review
JNJ,OtherComprehensiveIncomeLossNetOfTax,"Other Comprehensive Income (Loss), Net of Tax",USD,2024-12-30,2025-03-30,1000000.0,786000000.0,-785000000.0,-0.9987277353689568,0.001272264631043257,10-Q,2026-04-22,89,review
JNJ,OtherComprehensiveIncomeLossNetOfTax,"Other Comprehensive Income (Loss), Net of Tax",USD,2025-03-31,2025-06-29,-2565000000.0,1000000.0,-2566000000.0,-2566.0,2565.0,10-Q,2026-07-23,89,high_priority
JNJ,OtherComprehensiveIncomeLossReclassificationAdjustmentForSaleOfSecuritiesIncludedInNetIncomeNetOfTax,"Other Comprehensive Income (Loss), Reclassification Adjustment for Sale of Securities Included in Net Income, Net of Tax (Deprecated 2013-01-31)",USD,2012-01-02,2012-04-01,-1000000.0,-141000000.0,140000000.0,-0.9929078014184397,0.0070921985815602835,10-Q,2013-05-03,5,review
JNJ,OtherComprehensiveIncomeLossReclassificationAdjustmentFromAOCIForSaleOfSecuritiesNetOfTax,"Other Comprehensive Income (Loss), Reclassification Adjustment from AOCI for Sale of Securities, Net of Tax",USD,2012-01-02,2012-07-01,1000000.0,141000000.0,-140000000.0,-0.9929078014184397,0.0070921985815602835,10-Q,2013-08-01,75,review
JNJ,OtherComprehensiveIncomeReclassificationAdjustmentForSaleOfSecuritiesIncludedInNetIncomeNetOfTax,"Other Comprehensive Income (Loss), Reclassification Adjustment for Sale of Securities Included in Net Income, Net of Tax (Deprecated 2012-01-31)",USD,2012-01-02,2012-04-01,-1000000.0,141000000.0,-142000000.0,-1.0070921985815602,0.0070921985815602835,10-Q,2012-05-07,13,review
JNJ,OtherComprehensiveIncomeUnrealizedGainLossOnDerivativesArisingDuringPeriodNetOfTax,"Other Comprehensive Income (Loss), Unrealized Gain (Loss) on Derivatives Arising During Period, Net of Tax",USD,2016-07-04,2016-10-02,4000000.0,-437000000.0,441000000.0,-1.0091533180778032,0.009153318077803204,10-Q,2017-11-02,52,review
JNJ,OtherComprehensiveIncomeUnrealizedGainLossOnDerivativesArisingDuringPeriodTax,"Other Comprehensive Income (Loss), Unrealized Gain (Loss) on Derivatives Arising During Period, Tax",USD,2012-12-31,2013-12-29,128000000.0,1000000.0,127000000.0,127.0,128.0,10-K,2016-02-24,53,review
JNJ,OtherComprehensiveIncomeUnrealizedHoldingGainLossOnSecuritiesArisingDuringPeriodNetOfTax,"OCI, Debt Securities, Available-for-Sale, Unrealized Holding Gain (Loss), before Adjustment, after Tax",USD,2012-12-31,2013-09-29,238000000.0,2000000.0,236000000.0,118.0,119.0,10-Q,2014-10-30,96,review
JNJ,OtherNonoperatingIncomeExpense,Other Nonoperating Income (Expense),USD,2018-07-02,2018-09-30,-3000000.0,-364000000.0,361000000.0,-0.9917582417582418,0.008241758241758242,10-Q,2019-10-28,111,review
JNJ,OtherNonoperatingIncomeExpense,Other Nonoperating Income (Expense),USD,2018-01-01,2018-09-30,-427000000.0,-3000000.0,-424000000.0,141.33333333333334,142.33333333333334,10-Q,2019-10-28,111,review
JNJ,PaymentsForLegalSettlements,Payments for Legal Settlements,USD,2026-01-01,2026-01-31,800000000.0,6100000.0,793900000.0,130.14754098360655,131.14754098360655,10-Q,2026-07-23,2,review
JNJ,PaymentsForProceedsFromOtherInvestingActivities,Payments for (Proceeds from) Other Investing Activities,USD,2012-01-02,2012-04-01,2000000.0,778000000.0,-776000000.0,-0.9974293059125964,0.002570694087403599,10-Q,2013-05-03,74,review
JNJ,PaymentsForProceedsFromOtherInvestingActivities,Payments for (Proceeds from) Other Investing Activities,USD,2016-01-04,2016-04-03,1000000.0,103000000.0,-102000000.0,-0.9902912621359223,0.009708737864077669,10-Q,2017-05-08,74,review
JNJ,PaymentsForProceedsFromOtherInvestingActivities,Payments for (Proceeds from) Other Investing Activities,USD,2017-01-02,2017-04-02,-1000000.0,123000000.0,-124000000.0,-1.008130081300813,0.008130081300813009,10-Q,2018-05-01,74,review
JNJ,PaymentsForProceedsFromOtherInvestingActivities,Payments for (Proceeds from) Other Investing Activities,USD,2018-01-01,2018-04-01,-2000000.0,234000000.0,-236000000.0,-1.0085470085470085,0.008547008547008548,10-Q,2019-05-01,74,review
JNJ,PaymentsForRepurchaseOfCommonStock,Payments for Repurchase of Common Stock,USD,2012-01-02,2012-07-01,12919000000.0,67000000.0,12852000000.0,191.82089552238807,192.82089552238807,10-Q,2013-08-01,74,review
JNJ,PaymentsToAcquireBusinessesNetOfCashAcquired,"Payments to Acquire Businesses, Net of Cash Acquired",USD,2016-01-04,2016-04-03,5000000.0,954000000.0,-949000000.0,-0.9947589098532494,0.005241090146750524,10-Q,2017-05-08,74,review
JNJ,PaymentsToAcquireBusinessesNetOfCashAcquired,"Payments to Acquire Businesses, Net of Cash Acquired",USD,2016-01-04,2016-07-03,730000000.0,5000000.0,725000000.0,145.0,146.0,10-Q,2017-08-03,74,review
JNJ,PaymentsToAcquireBusinessesNetOfCashAcquired,"Payments to Acquire Businesses, Net of Cash Acquired",USD,2018-01-01,2018-04-01,82000000.0,35151000000.0,-35069000000.0,-0.9976672071918296,0.0023327928081704648,10-Q,2019-05-01,74,review
JNJ,ProceedsFromIssuanceOfLongTermDebt,Proceeds from Issuance of Long-term Debt,USD,2008-12-29,2009-03-29,2000000.0,1638000000.0,-1636000000.0,-0.9987789987789988,0.001221001221001221,10-Q,2010-05-10,74,review
JNJ,ProceedsFromIssuanceOfLongTermDebt,Proceeds from Issuance of Long-term Debt,USD,2010-01-04,2010-10-03,1079000000.0,9000000.0,1070000000.0,118.88888888888889,119.88888888888889,10-Q,2011-11-08,74,review
JNJ,ProceedsFromIssuanceOfLongTermDebt,Proceeds from Issuance of Long-term Debt,USD,2011-01-03,2011-04-03,8000000.0,1118000000.0,-1110000000.0,-0.9928443649373881,0.007155635062611807,10-Q,2012-05-07,74,review
JNJ,ProceedsFromIssuanceOfLongTermDebt,Proceeds from Issuance of Long-term Debt,USD,2011-01-03,2011-07-03,4404000000.0,8000000.0,4396000000.0,549.5,550.5,10-Q,2012-08-02,74,review
JNJ,ProceedsFromIssuanceOfLongTermDebt,Proceeds from Issuance of Long-term Debt,USD,2012-01-02,2012-04-01,2000000.0,4470000000.0,-4468000000.0,-0.9995525727069351,0.00044742729306487697,10-Q,2013-05-03,74,high_priority
JNJ,ProceedsFromIssuanceOfLongTermDebt,Proceeds from Issuance of Long-term Debt,USD,2013-12-30,2014-03-30,16000000.0,3607000000.0,-3591000000.0,-0.995564180759634,0.004435819240365955,10-Q,2015-05-01,74,review
JNJ,ProceedsFromIssuanceOfLongTermDebt,Proceeds from Issuance of Long-term Debt,USD,2014-09-29,2014-12-28,2000000000.0,17000000.0,1983000000.0,116.6470588235294,117.6470588235294,10-K,2015-02-24,74,review
JNJ,ProceedsFromIssuanceOfLongTermDebt,Proceeds from Issuance of Long-term Debt,USD,2014-12-29,2015-03-29,3000000.0,2098000000.0,-2095000000.0,-0.9985700667302193,0.0014299332697807435,10-Q,2016-05-10,74,review
JNJ,ProceedsFromIssuanceOfLongTermDebt,Proceeds from Issuance of Long-term Debt,USD,2018-01-01,2018-04-01,2000000.0,8992000000.0,-8990000000.0,-0.9997775800711743,0.00022241992882562276,10-Q,2019-05-01,74,high_priority
JNJ,ProceedsFromIssuanceOfLongTermDebt,Proceeds from Issuance of Long-term Debt,USD,2019-12-30,2020-09-27,7431000000.0,1000000.0,7430000000.0,7430.0,7431.0,10-Q,2021-10-29,74,high_priority
JNJ,ProceedsFromIssuanceOfLongTermDebt,Proceeds from Issuance of Long-term Debt,USD,2021-01-04,2021-04-04,1000000.0,7431000000.0,-7430000000.0,-0.9998654286098776,0.00013457139012245997,10-Q,2022-04-29,74,high_priority
JNJ,ProceedsFromIssuanceOfLongTermDebt,Proceeds from Issuance of Long-term Debt,USD,2023-01-02,2023-04-02,7674000000.0,2000000.0,7672000000.0,3836.0,3837.0,10-Q,2024-05-01,74,high_priority
JNJ,ProceedsFromIssuanceOfLongTermDebt,Proceeds from Issuance of Long-term Debt,USD,2024-01-01,2024-06-30,6659000000.0,2000000.0,6657000000.0,3328.5,3329.5,10-Q,2025-07-24,74,high_priority
JNJ,ProceedsFromSaleOfProductiveAssets,Proceeds from Sale of Productive Assets,USD,2008-12-29,2009-03-29,6000000.0,785000000.0,-779000000.0,-0.9923566878980892,0.007643312101910828,10-Q,2010-05-10,74,review
JNJ,ProceedsFromSaleOfProductiveAssets,Proceeds from Sale of Productive Assets,USD,2016-01-04,2016-04-03,25000000.0,3464000000.0,-3439000000.0,-0.9927829099307159,0.007217090069284064,10-Q,2017-05-08,74,review
JNJ,ProceedsFromSaleOfProductiveAssets,Proceeds from Sale of Productive Assets,USD,2019-12-30,2020-03-29,17000000.0,3265000000.0,-3248000000.0,-0.9947932618683002,0.005206738131699847,10-Q,2021-04-30,74,review
JNJ,ProceedsFromShortTermDebt,Proceeds from Short-term Debt,USD,2019-12-30,2020-06-28,2717000000.0,10000000.0,2707000000.0,270.7,271.7,10-Q,2021-07-29,74,review
JNJ,ProceedsFromShortTermDebt,Proceeds from Short-term Debt,USD,2021-01-04,2021-04-04,23000000.0,3391000000.0,-3368000000.0,-0.9932173400176939,0.006782659982306104,10-Q,2022-04-29,74,review
JNJ,RepaymentsOfLongTermDebt,Repayments of Long-term Debt,USD,2012-12-31,2013-03-31,1000000.0,804000000.0,-803000000.0,-0.9987562189054726,0.0012437810945273632,10-Q,2014-05-02,67,review
JNJ,RepaymentsOfLongTermDebt,Repayments of Long-term Debt,USD,2012-12-31,2013-06-30,1504000000.0,1000000.0,1503000000.0,1503.0,1504.0,10-Q,2014-08-01,67,high_priority
JNJ,RepaymentsOfLongTermDebt,Repayments of Long-term Debt,USD,2014-12-29,2015-03-29,16000000.0,1844000000.0,-1828000000.0,-0.9913232104121475,0.008676789587852495,10-Q,2016-05-10,67,review
JNJ,RepaymentsOfLongTermDebt,Repayments of Long-term Debt,USD,2017-01-02,2017-04-02,2000000.0,2223000000.0,-2221000000.0,-0.9991003148897886,0.000899685110211426,10-Q,2018-05-01,67,high_priority
JNJ,RepaymentsOfLongTermDebt,Repayments of Long-term Debt,USD,2018-01-01,2018-04-01,8000000.0,1777000000.0,-1769000000.0,-0.9954980303882949,0.004501969611705121,10-Q,2019-05-01,67,review
JNJ,RepaymentsOfLongTermDebt,Repayments of Long-term Debt,USD,2018-01-01,2018-09-30,910000000.0,9000000.0,901000000.0,100.11111111111111,101.11111111111111,10-Q,2019-10-28,67,review
JNJ,RepaymentsOfLongTermDebt,Repayments of Long-term Debt,USD,2019-12-30,2020-03-29,11000000.0,2823000000.0,-2812000000.0,-0.9961034360609281,0.0038965639390719092,10-Q,2021-04-30,67,review
JNJ,RepaymentsOfLongTermDebt,Repayments of Long-term Debt,USD,2024-01-01,2024-03-31,1000000.0,1551000000.0,-1550000000.0,-0.9993552546744036,0.0006447453255963894,10-Q,2024-05-01,67,high_priority
JNJ,RepaymentsOfLongTermDebt,Repayments of Long-term Debt,USD,2024-01-01,2024-12-29,1453000000.0,1000000.0,1452000000.0,1452.0,1453.0,10-K,2026-02-11,67,high_priority
JNJ,RepaymentsOfSeniorDebt,Repayments of Senior Debt,USD,2024-01-01,2024-03-31,1000000.0,502000000.0,-501000000.0,-0.99800796812749,0.00199203187250996,10-Q,2025-04-23,10,review
JNJ,RepaymentsOfSeniorDebt,Repayments of Senior Debt,USD,2024-01-01,2024-06-30,803000000.0,1000000.0,802000000.0,802.0,803.0,10-Q,2025-07-24,10,review
JNJ,RepaymentsOfShortTermDebt,Repayments of Short-term Debt,USD,2018-12-31,2019-03-31,16000000.0,2479000000.0,-2463000000.0,-0.9935457845905608,0.00645421540943929,10-Q,2020-04-29,74,review
JNJ,ShareBasedCompensationArrangementByShareBasedPaymentAwardEquityInstrumentsOtherThanOptionsVestedInPeriod,"Share-based Compensation Arrangement by Share-based Payment Award, Equity Instruments Other than Options, Vested in Period",shares,2008-12-29,2010-01-03,5714000.0,-40000.0,5754000.0,-143.85,142.85,10-K,2012-02-23,4,review
JNJ,ShareBasedCompensationArrangementByShareBasedPaymentAwardEquityInstrumentsOtherThanOptionsVestedInPeriodWeightedAverageGrantDateFairValue,"Share-based Compensation Arrangement by Share-based Payment Award, Equity Instruments Other than Options, Vested in Period, Weighted Average Grant Date Fair Value",USD/shares,2008-12-29,2010-01-03,308400000.0,2500000.0,305900000.0,122.36,123.36,10-K,2012-02-23,4,review
JNJ,ShareBasedCompensationArrangementByShareBasedPaymentAwardOptionsExercisableNumber,"Share-based Compensation Arrangement by Share-based Payment Award, Options, Exercisable, Number",shares,,2012-01-01,138126000.0,141275.0,137984725.0,976.7101397982658,977.7101397982658,10-K,2014-02-21,17,review
JNJ,ShareBasedCompensationArrangementByShareBasedPaymentAwardOptionsForfeituresInPeriod,"Share-based Compensation Arrangement by Share-based Payment Award, Options, Forfeitures in Period",shares,2008-12-29,2010-01-03,6131.0,-5525000.0,5531131.0,-1.0011096832579185,0.001109683257918552,10-K,2012-02-23,18,review
JNJ,ShareBasedCompensationArrangementByShareBasedPaymentAwardOptionsForfeituresInPeriod,"Share-based Compensation Arrangement by Share-based Payment Award, Options, Forfeitures in Period",shares,2010-01-04,2011-01-02,8005000.0,6131.0,7998869.0,1304.6597618659273,1305.6597618659273,10-K,2013-02-22,18,high_priority
JNJ,ShareBasedCompensationArrangementByShareBasedPaymentAwardOptionsGrantsInPeriod,"Share-based Compensation Arrangement by Share-based Payment Award, Options, Grants in Period, Net of Forfeitures",shares,2008-12-29,2010-01-03,21576.0,22428000.0,-22406424.0,-0.9990379882289995,0.000962011771000535,10-K,2012-02-23,18,high_priority
JNJ,ShareBasedCompensationArrangementByShareBasedPaymentAwardOptionsGrantsInPeriod,"Share-based Compensation Arrangement by Share-based Payment Award, Options, Grants in Period, Net of Forfeitures",shares,2010-01-04,2011-01-02,13996000.0,21576.0,13974424.0,647.6837226548016,648.6837226548016,10-K,2013-02-22,18,review
JNJ,ShareBasedCompensationArrangementByShareBasedPaymentAwardOptionsOutstandingNumber,"Share-based Compensation Arrangement by Share-based Payment Award, Options, Outstanding, Number",shares,,2008-12-28,215499.0,228629000.0,-228413501.0,-0.9990574292849989,0.0009425707150011591,10-K,2012-02-23,19,high_priority
JNJ,ShareBasedCompensationArrangementByShareBasedPaymentAwardOptionsOutstandingNumber,"Share-based Compensation Arrangement by Share-based Payment Award, Options, Outstanding, Number",shares,,2010-01-03,212719000.0,215499.0,212503501.0,986.0997081192952,987.0997081192952,10-K,2013-02-22,19,review
JNJ,ShareBasedCompensationSharesAuthorizedUnderStockOptionPlansExercisePriceRangeNumberOfExercisableOptions,"Share-based Payment Arrangement, Option, Exercise Price Range, Shares Exercisable",shares,,2012-01-01,138126.0,141275000.0,-141136874.0,-0.9990222898602017,0.0009777101397982658,10-K,2012-02-23,16,high_priority
JNJ,ShareBasedCompensationSharesAuthorizedUnderStockOptionPlansExercisePriceRangeNumberOfExercisableOptions,"Share-based Payment Arrangement, Option, Exercise Price Range, Shares Exercisable",shares,,2012-12-30,104860000.0,138126.0,104721874.0,758.1619246195503,759.1619246195503,10-K,2013-02-22,16,review
JNJ,ShareBasedCompensationSharesAuthorizedUnderStockOptionPlansExercisePriceRangeNumberOfOutstandingOptions,"Share-based Payment Arrangement, Option, Exercise Price Range, Shares Outstanding",shares,,2012-01-01,179459.0,193690000.0,-193510541.0,-0.9990734730755331,0.0009265269244669317,10-K,2012-02-23,16,high_priority
JNJ,ShareBasedCompensationSharesAuthorizedUnderStockOptionPlansExercisePriceRangeNumberOfOutstandingOptions,"Share-based Payment Arrangement, Option, Exercise Price Range, Shares Outstanding",shares,,2012-12-30,134351000.0,179459.0,134171541.0,747.6445371923392,748.6445371923392,10-K,2015-02-24,16,review
JNJ,StockIssuedDuringPeriodSharesStockOptionsExercised,"Share-based Compensation Arrangement by Share-based Payment Award, Options, Exercises in Period",shares,2010-01-04,2011-01-02,25020000.0,18225.0,25001775.0,1371.8395061728395,1372.8395061728395,10-K,2013-02-22,17,high_priority
JNJ,UnrecognizedTaxBenefitsDecreasesResultingFromSettlementsWithTaxingAuthorities,"Unrecognized Tax Benefits, Decrease Resulting from Settlements with Taxing Authorities",USD,2014-12-29,2016-01-03,4000000.0,477000000.0,-473000000.0,-0.9916142557651991,0.008385744234800839,10-K,2018-02-21,18,review
JNJ,UnrecognizedTaxBenefitsDecreasesResultingFromSettlementsWithTaxingAuthorities,"Unrecognized Tax Benefits, Decrease Resulting from Settlements with Taxing Authorities",USD,2022-01-03,2023-01-01,1000000.0,187000000.0,-186000000.0,-0.9946524064171123,0.0053475935828877,10-K,2025-02-13,18,review
JNJ,UnrecognizedTaxBenefitsDecreasesResultingFromSettlementsWithTaxingAuthorities,"Unrecognized Tax Benefits, Decrease Resulting from Settlements with Taxing Authorities",USD,2023-01-02,2023-12-31,880000000.0,1000000.0,879000000.0,879.0,880.0,10-K,2026-02-11,18,review
JNJ,ValuationAllowancesAndReservesBalance,"SEC Schedule, 12-09, Valuation Allowances and Reserves, Amount",USD,,2010-01-03,3191000.0,3304000000.0,-3300809000.0,-0.999034200968523,0.0009657990314769976,10-K,2013-02-22,7,high_priority
JNJ,ValuationAllowancesAndReservesChargedToCostAndExpense,"SEC Schedule, 12-09, Valuation Allowances and Reserves, Additions, Charge to Cost and Expense",USD,2010-01-04,2011-01-02,12823000.0,11492000000.0,-11479177000.0,-0.9988841802993387,0.0011158197006613296,10-K,2013-02-22,5,review
JNJ,ValuationAllowancesAndReservesDeductions,"SEC Schedule, 12-09, Valuation Allowances and Reserves, Deduction",USD,2010-01-04,2011-01-02,12351000.0,11605000000.0,-11592649000.0,-0.9989357173632055,0.0010642826367944851,10-K,2013-02-22,6,review
JPM,AccumulatedOtherComprehensiveIncomeLossNetOfTax,"Accumulated Other Comprehensive Income (Loss), Net of Tax",USD,,2022-03-31,-9567000000.0,-84000000.0,-9483000000.0,112.89285714285714,113.89285714285714,10-Q,2022-05-03,70,review
JPM,AllowanceForLoanAndLeaseLossesWriteOffs,"Allowance for Loan and Lease Losses, Write-offs",USD,2013-01-01,2013-12-31,53000000.0,5563000000.0,-5510000000.0,-0.9904727664928995,0.009527233507100486,10-K,2016-02-23,37,review
JPM,ChangeInUnrealizedGainLossOnHedgedItemInFairValueHedge1,Change in Unrealized Gain (Loss) on Hedged Item in Fair Value Hedge,USD,2016-01-01,2016-03-31,45000000.0,-6237000000.0,6282000000.0,-1.0072150072150072,0.007215007215007215,10-Q,2017-05-02,85,review
JPM,ComprehensiveIncomeNetOfTax,"Comprehensive Income (Loss), Net of Tax, Attributable to Parent",USD,2013-01-01,2013-12-31,14983000000.0,-126000000.0,15109000000.0,-119.91269841269842,118.91269841269842,10-K,2016-02-23,104,review
JPM,CurrentStateAndLocalTaxExpenseBenefit,Current State and Local Tax Expense (Benefit),USD,2013-01-01,2013-12-31,-4000000.0,1496000000.0,-1500000000.0,-1.0026737967914439,0.00267379679144385,10-K,2016-02-23,17,review
JPM,CurrentStateAndLocalTaxExpenseBenefit,Current State and Local Tax Expense (Benefit),USD,2014-01-01,2014-12-31,857000000.0,-4000000.0,861000000.0,-215.25,214.25,10-K,2017-02-28,17,review
JPM,DebtSecuritiesAvailableForSaleRealizedGainLoss,"Debt Securities, Available-for-sale, Realized Gain (Loss)",USD,2017-07-01,2017-09-30,-1000000.0,141000000.0,-142000000.0,-1.0070921985815602,0.0070921985815602835,10-Q,2018-10-31,55,review
JPM,DeferredIncomeTaxExpenseBenefit,Deferred Income Tax Expense (Benefit),USD,2015-01-01,2015-03-31,33000000.0,4362000000.0,-4329000000.0,-0.9924346629986245,0.007565337001375516,10-Q,2016-04-29,74,review
JPM,EquitySecuritiesWithoutReadilyDeterminableFairValueDownwardPriceAdjustmentAnnualAmount,"Equity Securities without Readily Determinable Fair Value, Downward Price Adjustment, Annual Amount",USD,2021-01-01,2021-03-31,1000000.0,301000000.0,-300000000.0,-0.9966777408637874,0.0033222591362126247,10-Q,2022-05-03,51,review
JPM,FairValueNetDerivativeAssetLiabilityMeasuredOnRecurringBasisChangeInUnrealizedGainLoss,"Fair Value, Net Derivative Asset (Liability), Recurring Basis, Still Held, Unrealized Gain (Loss)",USD,2025-07-01,2025-09-30,-1000000.0,2309000000.0,-2310000000.0,-1.000433087916847,0.00043308791684711995,10-Q,2025-11-04,73,high_priority
JPM,FairValueNetDerivativeAssetLiabilityMeasuredOnRecurringBasisChangeInUnrealizedGainLoss,"Fair Value, Net Derivative Asset (Liability), Recurring Basis, Still Held, Unrealized Gain (Loss)",USD,2025-01-01,2025-12-31,2026000000.0,-1000000.0,2027000000.0,-2027.0,2026.0,10-K,2026-02-13,73,high_priority
JPM,FairValueNetDerivativeAssetLiabilityMeasuredOnRecurringBasisUnobservableInputsReconciliationSettlements,"Fair Value, Net Derivative Asset (Liability) Measured on Recurring Basis, Unobservable Inputs Reconciliation, Settlements",USD,2026-01-01,2026-03-31,18000000.0,2436000000.0,-2418000000.0,-0.9926108374384236,0.007389162561576354,10-Q,2026-05-01,77,review
JPM,FairValueNetDerivativeAssetLiabilityMeasuredOnRecurringBasisUnobservableInputsReconciliationSettlements,"Fair Value, Net Derivative Asset (Liability) Measured on Recurring Basis, Unobservable Inputs Reconciliation, Settlements",USD,2026-04-01,2026-06-30,1939000000.0,18000000.0,1921000000.0,106.72222222222223,107.72222222222223,10-Q,2026-08-06,77,review
JPM,FairValueNetDerivativeAssetLiabilityMeasuredOnRecurringBasisUnobservableInputsReconciliationTransfersOutOfLevel3,"Fair Value, Net Derivative Asset (Liability) Measured on Recurring Basis, Unobservable Inputs Reconciliation, Transfers out of Level 3",USD,2018-01-01,2018-03-31,3000000.0,-528000000.0,531000000.0,-1.0056818181818181,0.005681818181818182,10-Q,2019-05-02,64,review
JPM,FairValueNetDerivativeAssetLiabilityMeasuredOnRecurringBasisUnobservableInputsReconciliationTransfersOutOfLevel3,"Fair Value, Net Derivative Asset (Liability) Measured on Recurring Basis, Unobservable Inputs Reconciliation, Transfers out of Level 3",USD,2024-04-01,2024-06-30,3000000.0,-444000000.0,447000000.0,-1.0067567567567568,0.006756756756756757,10-Q,2025-08-05,64,review
JPM,FairValueNetDerivativeAssetLiabilityMeasuredOnRecurringBasisUnobservableInputsReconciliationTransfersOutOfLevel3,"Fair Value, Net Derivative Asset (Liability) Measured on Recurring Basis, Unobservable Inputs Reconciliation, Transfers out of Level 3",USD,2026-04-01,2026-06-30,1000000.0,-125000000.0,126000000.0,-1.008,0.008,10-Q,2026-08-06,64,review
JPM,FederalHomeLoanBankAdvancesMaturitiesSummaryDueFromFourToFiveYearsOfBalanceSheetDate,"Federal Home Loan Bank, Advance, Maturity, Year Five",USD,,2010-09-30,4000000000.0,12000000.0,3988000000.0,332.3333333333333,333.3333333333333,10-Q,2010-11-09,3,review
JPM,FinancingReceivableExcludingAccruedInterestPurchase,,USD,2023-01-01,2023-06-30,150642000000.0,242000000.0,150400000000.0,621.4876033057851,622.4876033057851,10-Q,2024-08-02,31,review
JPM,FinancingReceivableExcludingAccruedInterestPurchase,,USD,2023-07-01,2023-09-30,601000000.0,150400000000.0,-149799000000.0,-0.9960039893617021,0.003996010638297872,10-Q,2024-10-30,31,review
JPM,FinancingReceivableExcludingAccruedInterestPurchase,,USD,2023-01-01,2023-09-30,151243000000.0,601000000.0,150642000000.0,250.6522462562396,251.6522462562396,10-Q,2024-10-30,31,review
JPM,FinancingReceivableExcludingAccruedInterestPurchase,,USD,2024-01-01,2024-03-31,285000000.0,152505000000.0,-152220000000.0,-0.9981312088128258,0.001868791187174191,10-Q,2025-05-01,31,review
JPM,GoodwillAcquiredDuringPeriod,"Goodwill, Acquired During Period",USD,2009-01-01,2009-09-30,247000000.0,2000000.0,245000000.0,122.5,123.5,10-Q,2010-11-09,87,review
JPM,GoodwillAcquiredDuringPeriod,"Goodwill, Acquired During Period",USD,2011-01-01,2011-03-31,-5000000.0,556000000.0,-561000000.0,-1.0089928057553956,0.008992805755395683,10-Q,2012-05-10,87,review
JPM,GoodwillPurchaseAccountingAdjustments,"Goodwill, Purchase Accounting Adjustments",USD,2023-07-01,2023-09-30,166000000.0,-1000000.0,167000000.0,-167.0,166.0,10-Q,2024-10-30,5,review
JPM,HeldToMaturitySecurities,"Debt Securities, Held-to-maturity",USD,,2013-09-30,4516000000.0,6000000.0,4510000000.0,751.6666666666666,752.6666666666666,10-Q,2013-11-01,46,review
JPM,HeldToMaturitySecuritiesAccumulatedUnrecognizedHoldingLoss,"Debt Securities, Held-to-maturity, Accumulated Unrecognized Loss",USD,,2014-09-30,2000000.0,317000000.0,-315000000.0,-0.9936908517350158,0.006309148264984227,10-Q,2014-11-03,49,review
JPM,HeldToMaturitySecuritiesContinuousUnrealizedLossPositionAccumulatedLoss,"Debt Securities, Held-to-maturity, Unrealized Loss Position, Accumulated Loss",USD,,2014-09-30,2000000.0,317000000.0,-315000000.0,-0.9936908517350158,0.006309148264984227,10-Q,2014-11-03,23,review
JPM,HeldToMaturitySecuritiesContinuousUnrealizedLossPositionLessThan12MonthsAccumulatedLoss,"Debt Securities, Held-to-maturity, Continuous Unrealized Loss Position, Less than 12 Months, Accumulated Loss",USD,,2014-09-30,2000000.0,317000000.0,-315000000.0,-0.9936908517350158,0.006309148264984227,10-Q,2014-11-03,23,review
JPM,HeldToMaturitySecuritiesContinuousUnrealizedLossPositionLessThanTwelveMonthsFairValue,"Debt Securities, Held-to-maturity, Continuous Unrealized Loss Position, Less than 12 Months, Fair Value",USD,,2019-03-31,18000000.0,4397000000.0,-4379000000.0,-0.9959062997498295,0.0040937002501705705,10-Q,2019-05-02,26,review
JPM,HeldToMaturitySecuritiesContinuousUnrealizedLossPositionLessThanTwelveMonthsFairValue,"Debt Securities, Held-to-maturity, Continuous Unrealized Loss Position, Less than 12 Months, Fair Value",USD,,2019-09-30,2291000000.0,1000000.0,2290000000.0,2290.0,2291.0,10-Q,2019-11-04,26,high_priority
JPM,HeldToMaturitySecuritiesDebtMaturitiesAfterFiveThroughTenYearsFairValue,"Debt Securities, Held-to-Maturity, Fair Value, Maturity, Allocated and Single Maturity Date, after Year 5 Through 10",USD,,2014-03-31,331000000.0,1000000.0,330000000.0,330.0,331.0,10-Q,2014-05-02,21,review
JPM,HeldToMaturitySecuritiesDebtMaturitiesAfterFiveThroughTenYearsNetCarryingAmount,"Debt Securities, Held-to-Maturity, Amortized Cost, Maturity, Allocated and Single Maturity Date, after Year 5 Through 10",USD,,2014-03-31,325000000.0,1000000.0,324000000.0,324.0,325.0,10-Q,2014-05-02,21,review
JPM,HeldToMaturitySecuritiesDebtMaturitiesRollingYearTwoThroughFiveFairValue,"Debt Securities, Held-to-maturity, Maturity, Allocated and Single Maturity Date, Rolling after One Through Five Years, Fair Value",USD,,2020-12-31,42738000000.0,108000000.0,42630000000.0,394.72222222222223,395.72222222222223,10-K,2021-02-23,44,review
JPM,HeldToMaturitySecuritiesFairValue,"Debt Securities, Held-to-maturity, Fair Value",USD,,2013-09-30,4594000000.0,6000000.0,4588000000.0,764.6666666666666,765.6666666666666,10-Q,2013-11-01,66,review
JPM,HeldtomaturitySecuritiesDebtMaturitiesRollingYearTwoThroughFiveAmortizedCost,"Debt Securities, Held-to-maturity, Maturity, Allocated and Single Maturity Date, Rolling after One Through Five Years, Amortized Cost",USD,,2020-12-31,42700000000.0,105000000.0,42595000000.0,405.6666666666667,406.6666666666667,10-K,2021-02-23,24,review
JPM,IncomeLossFromContinuingOperationsBeforeIncomeTaxesExtraordinaryItemsNoncontrollingInterest,"Income (Loss) from Continuing Operations before Income Taxes, Noncontrolling Interest",USD,2013-07-01,2013-09-30,34000000.0,18380000000.0,-18346000000.0,-0.9981501632208922,0.0018498367791077257,10-Q,2014-11-03,99,review
JPM,IncomeLossFromContinuingOperationsBeforeIncomeTaxesExtraordinaryItemsNoncontrollingInterest,"Income (Loss) from Continuing Operations before Income Taxes, Noncontrolling Interest",USD,2013-01-01,2013-09-30,18414000000.0,34000000.0,18380000000.0,540.5882352941177,541.5882352941177,10-Q,2014-11-03,99,review
JPM,IncomeLossFromContinuingOperationsBeforeIncomeTaxesMinorityInterestAndIncomeLossFromEquityMethodInvestments,"Income (Loss) from Continuing Operations before Equity Method Investments, Income Taxes, Noncontrolling Interest",USD,2013-07-01,2013-09-30,34000000.0,18414000000.0,-18380000000.0,-0.9981535787987401,0.0018464212012599109,10-Q,2013-11-01,43,review
JPM,IncomeLossFromContinuingOperationsBeforeIncomeTaxesMinorityInterestAndIncomeLossFromEquityMethodInvestments,"Income (Loss) from Continuing Operations before Equity Method Investments, Income Taxes, Noncontrolling Interest",USD,2013-01-01,2013-12-31,26675000000.0,34000000.0,26641000000.0,783.5588235294117,784.5588235294117,10-K,2016-02-23,43,review
JPM,IncomeTaxReconciliationTaxContingencies,"Effective Income Tax Rate Reconciliation, Tax Contingency, Amount",USD,2025-01-01,2025-12-31,-387000000.0,-3000000.0,-384000000.0,128.0,129.0,10-K,2026-02-13,3,review
JPM,IncreaseDecreaseInCashCollateralForBorrowedSecurities,Increase (Decrease) in Cash Collateral for Borrowed Securities,USD,2020-01-01,2020-03-31,-145000000.0,27631000000.0,-27776000000.0,-1.0052477290000361,0.005247729000036191,10-Q,2021-05-04,74,review
JPM,IncreaseDecreaseInFederalFundsPurchasedAndSecuritiesSoldUnderAgreementsToRepurchaseNet,"Increase (Decrease) in Federal Funds Purchased and Securities Sold under Agreements to Repurchase, Net",USD,2017-01-01,2017-06-30,-43000000.0,17655000000.0,-17698000000.0,-1.0024355706598698,0.0024355706598697255,10-Q,2018-08-01,74,review
JPM,IncreaseDecreaseInTradingLiabilities,Increase (Decrease) in Trading Liabilities,USD,2021-01-01,2021-03-31,-7000000.0,77198000000.0,-77205000000.0,-1.0000906759242467,9.067592424674215e-05,10-Q,2022-05-03,74,high_priority
JPM,IncreaseDecreaseInTradingLiabilities,Increase (Decrease) in Trading Liabilities,USD,2021-01-01,2021-06-30,-3521000000.0,-7000000.0,-3514000000.0,502.0,503.0,10-Q,2022-08-03,74,review
JPM,NewAccountingPronouncementOrChangeInAccountingPrincipleCumulativeEffectOfChangeOnEquityOrNetAssets,"New Accounting Pronouncement or Change in Accounting Principle, Cumulative Effect of Change on Equity or Net Assets (Deprecated 2012-01-31)",USD,2010-01-01,2010-12-31,-18000000.0,7494000000.0,-7512000000.0,-1.0024019215372297,0.0024019215372297837,10-K,2012-02-29,8,review
JPM,OffBalanceSheetCreditLossLiabilityCreditLossExpenseReversal,"Off-Balance Sheet, Credit Loss, Liability, Credit Loss Expense (Reversal)",USD,2026-01-01,2026-03-31,23000000.0,2969000000.0,-2946000000.0,-0.9922532839339845,0.007746716066015493,10-Q,2026-05-01,31,review
JPM,OtherComprehensiveIncomeDefinedBenefitPlansAdjustmentNetOfTaxPortionAttributableToParent,"Other Comprehensive (Income) Loss, Defined Benefit Plan, after Tax and Reclassification Adjustment, Attributable to Parent",USD,2021-01-01,2021-12-31,-922000000.0,-6000000.0,-916000000.0,152.66666666666666,153.66666666666666,10-K,2024-02-16,65,review
JPM,OtherComprehensiveIncomeDefinedBenefitPlansAdjustmentNetOfTaxPortionAttributableToParent,"Other Comprehensive (Income) Loss, Defined Benefit Plan, after Tax and Reclassification Adjustment, Attributable to Parent",USD,2025-01-01,2025-12-31,-579000000.0,-4000000.0,-575000000.0,143.75,144.75,10-K,2026-02-13,65,review
JPM,OtherComprehensiveIncomeDefinedBenefitPlansAdjustmentNetOfTaxPortionAttributableToParent,"Other Comprehensive (Income) Loss, Defined Benefit Plan, after Tax and Reclassification Adjustment, Attributable to Parent",USD,2026-01-01,2026-03-31,-4000000.0,-579000000.0,575000000.0,-0.9930915371329879,0.0069084628670120895,10-Q,2026-05-01,65,review
JPM,OtherComprehensiveIncomeForeignCurrencyTransactionAndTranslationAdjustmentNetOfTaxPortionAttributableToParent,"Other Comprehensive Income (Loss), Foreign Currency Transaction and Translation Adjustment, Net of Tax, Portion Attributable to Parent",USD,2025-07-01,2025-09-30,-12000000.0,1357000000.0,-1369000000.0,-1.0088430361090641,0.008843036109064112,10-Q,2025-11-04,65,review
JPM,OtherComprehensiveIncomeForeignCurrencyTransactionAndTranslationAdjustmentNetOfTaxPortionAttributableToParent,"Other Comprehensive Income (Loss), Foreign Currency Transaction and Translation Adjustment, Net of Tax, Portion Attributable to Parent",USD,2025-01-01,2025-09-30,1345000000.0,-12000000.0,1357000000.0,-113.08333333333333,112.08333333333333,10-Q,2025-11-04,65,review
JPM,OtherComprehensiveIncomeLossBeforeTaxPortionAttributableToParent,"Other Comprehensive Income (Loss), before Tax, Portion Attributable to Parent",USD,2020-07-01,2020-09-30,26000000.0,9785000000.0,-9759000000.0,-0.9973428717424629,0.0026571282575370463,10-Q,2020-11-02,64,review
JPM,OtherComprehensiveIncomeLossBeforeTaxPortionAttributableToParent,"Other Comprehensive Income (Loss), before Tax, Portion Attributable to Parent",USD,2020-01-01,2020-12-31,8066000000.0,26000000.0,8040000000.0,309.2307692307692,310.2307692307692,10-K,2023-02-21,64,review
JPM,OtherComprehensiveIncomeLossCashFlowHedgeGainLossAfterReclassificationAndTaxParent,"Other Comprehensive Income (Loss), Cash Flow Hedge, Gain (Loss), after Reclassification and Tax, Parent",USD,2024-07-01,2024-09-30,2265000000.0,-22000000.0,2287000000.0,-103.95454545454545,102.95454545454545,10-Q,2025-11-04,53,review
JPM,OtherComprehensiveIncomeLossDerivativeExcludedComponentIncreaseDecreaseBeforeAdjustmentsAndTax,"Other Comprehensive Income (Loss), Derivative, Excluded Component, Increase (Decrease), before Adjustments and Tax",USD,2019-07-01,2019-09-30,-1000000.0,114000000.0,-115000000.0,-1.0087719298245614,0.008771929824561403,10-Q,2020-11-02,51,review
JPM,OtherThanTemporaryImpairmentCreditLossesRecognizedInEarningsCreditLossesOnDebtSecuritiesHeld,"Other than Temporary Impairment, Credit Losses Recognized in Earnings, Credit Losses on Debt Securities Held",USD,,2013-12-31,1000000.0,519000000.0,-518000000.0,-0.9980732177263969,0.0019267822736030828,10-K,2016-02-23,26,review
JPM,OtherThanTemporaryImpairmentCreditLossesRecognizedInEarningsReductionsSecuritiesSold,"Other than Temporary Impairment, Credit Losses Recognized in Earnings, Reductions, Securities Sold",USD,2013-01-01,2013-12-31,522000000.0,3000000.0,519000000.0,173.0,174.0,10-K,2016-02-23,29,review
JPM,PaymentsForProceedsFromBusinessesAndInterestInAffiliates,Payments for (Proceeds from) Businesses and Interest in Affiliates,USD,2010-01-01,2010-09-30,4646000000.0,6000000.0,4640000000.0,773.3333333333334,774.3333333333334,10-Q,2011-11-04,31,review
JPM,PaymentsForProceedsFromBusinessesAndInterestInAffiliates,Payments for (Proceeds from) Businesses and Interest in Affiliates,USD,2011-01-01,2011-03-31,15000000.0,4910000000.0,-4895000000.0,-0.9969450101832994,0.003054989816700611,10-Q,2012-05-10,31,review
JPM,PaymentsForProceedsFromLoansAndLeases,Payments for (Proceeds from) Loans and Leases,USD,2012-01-01,2012-03-31,176000000.0,58365000000.0,-58189000000.0,-0.996984494131757,0.003015505868242954,10-Q,2013-05-08,42,review
JPM,PaymentsForProceedsFromOtherInvestingActivities,Payments for (Proceeds from) Other Investing Activities,USD,2017-01-01,2017-03-31,24000000.0,2825000000.0,-2801000000.0,-0.9915044247787611,0.008495575221238939,10-Q,2018-05-02,74,review
JPM,PrincipalInvestmentGainsLosses,Principal Investment Gain (Loss),USD,2015-07-01,2015-09-30,-1000000.0,192000000.0,-193000000.0,-1.0052083333333333,0.005208333333333333,10-Q,2016-11-01,105,review
JPM,PrincipalInvestmentGainsLosses,Principal Investment Gain (Loss),USD,2015-01-01,2015-09-30,191000000.0,-1000000.0,192000000.0,-192.0,191.0,10-Q,2016-11-01,105,review
JPM,SecurityOwnedAndPledgedAsCollateralFairValue,"Security Owned and Pledged as Collateral, Fair Value",USD,,2011-12-31,456200000000.0,450100000.0,455749900000.0,1012.5525438791379,1013.5525438791379,10-K,2013-02-28,29,high_priority
JPM,ServicingAssetAtAmortizedValueAmortization,"Servicing Asset at Amortized Value, Amortization (Deprecated 2012-01-31)",USD,2011-01-01,2011-03-31,217000000.0,1000000.0,216000000.0,216.0,217.0,10-Q,2011-05-06,3,review
JPM,ServicingAssetAtFairValueChangesInFairValueResultingFromChangesInValuationInputsOrChangesInAssumptions,"Servicing Asset at Fair Value, Changes in Fair Value Resulting from Changes in Valuation Inputs or Changes in Assumptions",USD,2023-01-01,2023-03-31,-11000000.0,2039000000.0,-2050000000.0,-1.0053948013732221,0.005394801373222168,10-Q,2024-05-01,105,review
JPM,ServicingAssetAtFairValueDisposals,"Servicing Asset at Fair Value, Disposals",USD,2018-07-01,2018-09-30,2000000.0,401000000.0,-399000000.0,-0.9950124688279302,0.004987531172069825,10-Q,2019-11-04,90,review
JPM,ServicingAssetAtFairValueDisposals,"Servicing Asset at Fair Value, Disposals",USD,2018-01-01,2018-12-31,636000000.0,2000000.0,634000000.0,317.0,318.0,10-K,2021-02-23,90,review
JPM,ServicingAssetAtFairValueDisposals,"Servicing Asset at Fair Value, Disposals",USD,2021-01-01,2021-03-31,-1000000.0,176000000.0,-177000000.0,-1.0056818181818181,0.005681818181818182,10-Q,2022-05-03,90,review
JPM,ServicingAssetAtFairValueDisposals,"Servicing Asset at Fair Value, Disposals",USD,2021-01-01,2021-12-31,114000000.0,-1000000.0,115000000.0,-115.0,114.0,10-K,2024-02-16,90,review
JPM,ServicingAssetAtFairValueDisposals,"Servicing Asset at Fair Value, Disposals",USD,2023-01-01,2023-03-31,-2000000.0,822000000.0,-824000000.0,-1.002433090024331,0.0024330900243309003,10-Q,2023-05-03,90,review
JPM,UnrecognizedTaxBenefitsDecreasesResultingFromSettlementsWithTaxingAuthorities,"Unrecognized Tax Benefits, Decrease Resulting from Settlements with Taxing Authorities",USD,2015-01-01,2015-09-30,2000000000.0,9000000.0,1991000000.0,221.22222222222223,222.22222222222223,10-Q,2015-11-02,19,review
JPM,ValuationAllowancesAndReservesDeductions,"SEC Schedule, 12-09, Valuation Allowances and Reserves, Deduction",USD,2014-01-01,2014-03-31,-11000000.0,1561000000.0,-1572000000.0,-1.0070467648942985,0.007046764894298526,10-Q,2015-05-05,13,review
MCD,CashAndCashEquivalentsPeriodIncreaseDecrease,"Cash and Cash Equivalents, Period Increase (Decrease)",USD,2011-01-01,2011-09-30,1800000.0,318800000.0,-317000000.0,-0.9943538268506901,0.0056461731493099125,10-Q,2012-11-01,75,review
MCD,CashAndCashEquivalentsPeriodIncreaseDecrease,"Cash and Cash Equivalents, Period Increase (Decrease)",USD,2012-01-01,2012-12-31,400000.0,-306100000.0,306500000.0,-1.0013067624959164,0.0013067624959163672,10-K,2015-02-24,75,review
MCD,CashAndCashEquivalentsPeriodIncreaseDecrease,"Cash and Cash Equivalents, Period Increase (Decrease)",USD,2013-01-01,2013-03-31,-466800000.0,400000.0,-467200000.0,-1168.0,1167.0,10-Q,2014-05-06,75,high_priority
MCD,CashAndCashEquivalentsPeriodIncreaseDecrease,"Cash and Cash Equivalents, Period Increase (Decrease)",USD,2017-04-01,2017-06-30,-1200000.0,1149600000.0,-1150800000.0,-1.001043841336117,0.0010438413361169101,10-Q,2018-08-02,75,review
MCD,CashAndCashEquivalentsPeriodIncreaseDecrease,"Cash and Cash Equivalents, Period Increase (Decrease)",USD,2017-01-01,2017-06-30,1148400000.0,-1200000.0,1149600000.0,-958.0,957.0,10-Q,2018-08-02,75,review
MCD,CashAndCashEquivalentsPeriodIncreaseDecrease,"Cash and Cash Equivalents, Period Increase (Decrease)",USD,2018-01-01,2018-03-31,4200000.0,1066400000.0,-1062200000.0,-0.9960615153788447,0.003938484621155289,10-Q,2019-05-08,75,review
MCD,CashAndCashEquivalentsPeriodIncreaseDecrease,"Cash and Cash Equivalents, Period Increase (Decrease)",USD,2018-01-01,2018-06-30,-840300000.0,4200000.0,-844500000.0,-201.07142857142858,200.07142857142858,10-Q,2019-08-06,75,review
MCD,CashAndCashEquivalentsPeriodIncreaseDecrease,"Cash and Cash Equivalents, Period Increase (Decrease)",USD,2020-01-01,2020-03-31,4481300000.0,32500000.0,4448800000.0,136.88615384615386,137.88615384615386,10-Q,2020-05-07,75,review
MCD,CashCashEquivalentsRestrictedCashAndRestrictedCashEquivalentsPeriodIncreaseDecreaseIncludingExchangeRateEffect,"Cash, Cash Equivalents, Restricted Cash and Restricted Cash Equivalents, Period Increase (Decrease), Including Exchange Rate Effect",USD,2020-01-01,2020-03-31,4481300000.0,32500000.0,4448800000.0,136.88615384615386,137.88615384615386,10-Q,2021-05-05,43,review
MCD,CertificatesOfDepositAtCarryingValue,"Certificates of Deposit, at Carrying Value",USD,,2022-12-31,1800000000.0,3.4,1799999996.6,529411763.7058823,529411764.7058824,10-K,2023-02-24,6,high_priority
MCD,DeferredForeignIncomeTaxExpenseBenefit,Deferred Foreign Income Tax Expense (Benefit),USD,2016-01-01,2016-12-31,-430600000.0,-4300000.0,-426300000.0,99.13953488372093,100.13953488372093,10-K,2019-02-22,18,review
MCD,DeferredIncomeTaxExpenseBenefit,Deferred Income Tax Expense (Benefit),USD,2015-07-01,2015-09-30,-100000.0,15200000.0,-15300000.0,-1.006578947368421,0.006578947368421052,10-Q,2016-11-04,111,review
MCD,DeferredIncomeTaxExpenseBenefit,Deferred Income Tax Expense (Benefit),USD,2021-04-01,2021-06-30,-368900000.0,-1500000.0,-367400000.0,244.93333333333334,245.93333333333334,10-Q,2022-08-04,111,review
MCD,DisposalGroupNotDiscontinuedOperationGainLossOnDisposal,"Disposal Group, Not Discontinued Operation, Gain (Loss) on Disposal",USD,2009-07-01,2009-09-30,600000.0,94900000.0,-94300000.0,-0.9936775553213909,0.006322444678609062,10-Q,2010-11-05,12,review
MCD,DisposalGroupNotDiscontinuedOperationGainLossOnDisposal,"Disposal Group, Not Discontinued Operation, Gain (Loss) on Disposal",USD,2009-01-01,2009-12-31,94900000.0,600000.0,94300000.0,157.16666666666666,158.16666666666666,10-K,2012-02-24,12,review
MCD,GoodwillImpairedAccumulatedImpairmentLoss,"Goodwill, Impaired, Accumulated Impairment Loss",USD,,2019-12-31,113.9,15600000.0,-15599886.1,-0.9999926987179487,7.301282051282052e-06,10-K,2021-02-23,11,high_priority
MCD,GoodwillImpairedAccumulatedImpairmentLoss,"Goodwill, Impaired, Accumulated Impairment Loss",USD,,2020-12-31,14500000.0,113.9,14499886.1,127303.6532045654,127304.6532045654,10-K,2022-02-24,11,high_priority
MCD,IncreaseDecreaseInOperatingCapital,Increase (Decrease) in Operating Capital,USD,2012-04-01,2012-06-30,285000000.0,-1900000.0,286900000.0,-151.0,150.0,10-Q,2013-07-31,92,review
MCD,IncreaseDecreaseInOperatingLeaseLiability,,USD,2025-01-01,2025-12-31,1.3,222000000.0,-221999998.7,-0.9999999941441441,5.855855855855856e-09,10-K,2026-02-24,3,review
MCD,LongTermDebtCurrent,"Long-term Debt, Current Maturities",USD,,2011-03-31,919100000.0,8300000.0,910800000.0,109.73493975903614,110.73493975903614,10-Q,2011-05-06,37,review
MCD,NetCashProvidedByUsedInInvestingActivities,Net Cash Provided by (Used in) Investing Activities,USD,2017-01-01,2017-09-30,1166000000.0,-8700000.0,1174700000.0,-135.02298850574712,134.02298850574712,10-Q,2018-11-01,111,review
MCD,OtherComprehensiveIncomeForeignCurrencyTransactionAndTranslationAdjustmentNetOfTaxPeriodIncreaseDecrease,"Other Comprehensive Income (Loss), Foreign Currency Transaction and Translation Adjustment, Net of Tax (Deprecated 2012-01-31)",USD,2010-01-01,2010-12-31,-3000000.0,1000900000.0,-1003900000.0,-1.002997302427815,0.0029973024278149665,10-K,2012-02-24,20,review
MCD,OtherComprehensiveIncomeForeignCurrencyTransactionAndTranslationAdjustmentNetOfTaxPeriodIncreaseDecrease,"Other Comprehensive Income (Loss), Foreign Currency Transaction and Translation Adjustment, Net of Tax (Deprecated 2012-01-31)",USD,2011-01-01,2011-03-31,483700000.0,-3000000.0,486700000.0,-162.23333333333332,161.23333333333332,10-Q,2012-05-08,20,review
MCD,OtherComprehensiveIncomeForeignCurrencyTransactionAndTranslationGainLossArisingDuringPeriodNetOfTax,"Other Comprehensive Income (Loss), Foreign Currency Transaction and Translation Gain (Loss) Arising During Period, Net of Tax",USD,2011-01-01,2011-12-31,-310500000.0,-3000000.0,-307500000.0,102.5,103.5,10-K,2014-02-24,89,review
MCD,OtherComprehensiveIncomeLossDerivativesQualifyingAsHedgesTax,"Other Comprehensive Income (Loss), Derivatives Qualifying as Hedges, Tax",USD,2016-07-01,2016-09-30,100000.0,-10600000.0,10700000.0,-1.009433962264151,0.009433962264150943,10-Q,2017-11-02,58,review
MCD,OtherComprehensiveIncomeLossForeignCurrencyTransactionAndTranslationAdjustmentNetOfTax,"Other Comprehensive Income (Loss), Foreign Currency Transaction and Translation Adjustment, Net of Tax",USD,2011-01-01,2011-06-30,773600000.0,-3000000.0,776600000.0,-258.8666666666667,257.8666666666667,10-Q,2012-08-06,93,review
MCD,OtherComprehensiveIncomeLossForeignCurrencyTransactionAndTranslationReclassificationAdjustmentFromAOCIRealizedUponSaleOrLiquidationNetOfTax,"Other Comprehensive Income (Loss), Foreign Currency Transaction and Translation Reclassification Adjustment from AOCI, Realized upon Sale or Liquidation, Net of Tax",USD,2012-01-01,2012-12-31,100000.0,-25400000.0,25500000.0,-1.0039370078740157,0.003937007874015748,10-K,2015-02-24,83,review
MCD,OtherComprehensiveIncomeLossForeignCurrencyTransactionAndTranslationReclassificationAdjustmentRealizedUponSaleOrLiquidationNetOfTax,"Other Comprehensive Income (Loss), Foreign Currency Transaction and Translation Reclassification Adjustment Realized upon Sale or Liquidation, Net of Tax (Deprecated 2013-01-31)",USD,2012-01-01,2012-12-31,-100000.0,25400000.0,-25500000.0,-1.0039370078740157,0.003937007874015748,10-K,2013-02-25,2,review
MCD,OtherComprehensiveIncomeLossForeignCurrencyTranslationAdjustmentTax,"Other Comprehensive Income (Loss), Foreign Currency Translation Adjustment, Tax",USD,2014-07-01,2014-09-30,110400000.0,200000.0,110200000.0,551.0,552.0,10-Q,2015-11-04,88,review
MCD,OtherComprehensiveIncomeLossForeignCurrencyTranslationAdjustmentTax,"Other Comprehensive Income (Loss), Foreign Currency Translation Adjustment, Tax",USD,2015-07-01,2015-09-30,-300000.0,92900000.0,-93200000.0,-1.0032292787944026,0.0032292787944025836,10-Q,2016-11-04,88,review
MCD,OtherComprehensiveIncomeLossForeignCurrencyTranslationAdjustmentTax,"Other Comprehensive Income (Loss), Foreign Currency Translation Adjustment, Tax",USD,2015-01-01,2015-09-30,92600000.0,-300000.0,92900000.0,-309.6666666666667,308.6666666666667,10-Q,2016-11-04,88,review
MCD,OtherComprehensiveIncomeLossPensionAndOtherPostretirementBenefitPlansAdjustmentBeforeReclassificationAdjustmentsNetOfTax,"Other Comprehensive (Income) Loss, Defined Benefit Plan, before Reclassification Adjustment, after Tax",USD,2012-01-01,2012-12-31,-33100000.0,-100000.0,-33000000.0,330.0,331.0,10-K,2015-02-24,89,review
MCD,OtherComprehensiveIncomeLossPensionAndOtherPostretirementBenefitPlansAdjustmentBeforeReclassificationAdjustmentsNetOfTax,"Other Comprehensive (Income) Loss, Defined Benefit Plan, before Reclassification Adjustment, after Tax",USD,2017-01-01,2017-03-31,300000.0,47100000.0,-46800000.0,-0.9936305732484076,0.006369426751592357,10-Q,2018-05-08,89,review
MCD,OtherComprehensiveIncomeLossPensionAndOtherPostretirementBenefitPlansAdjustmentBeforeReclassificationAdjustmentsNetOfTax,"Other Comprehensive (Income) Loss, Defined Benefit Plan, before Reclassification Adjustment, after Tax",USD,2021-01-01,2021-12-31,-108100000.0,-100000.0,-108000000.0,1080.0,1081.0,10-K,2024-02-22,89,high_priority
MCD,OtherComprehensiveIncomeLossPensionAndOtherPostretirementBenefitPlansAdjustmentBeforeReclassificationAdjustmentsNetOfTax,"Other Comprehensive (Income) Loss, Defined Benefit Plan, before Reclassification Adjustment, after Tax",USD,2022-01-01,2022-03-31,-100000.0,-108100000.0,108000000.0,-0.9990749306197965,0.0009250693802035153,10-Q,2023-05-04,89,high_priority
MCD,OtherComprehensiveIncomeLossPensionAndOtherPostretirementBenefitPlansAdjustmentBeforeReclassificationAdjustmentsNetOfTax,"Other Comprehensive (Income) Loss, Defined Benefit Plan, before Reclassification Adjustment, after Tax",USD,2022-01-01,2022-12-31,119000000.0,700000.0,118300000.0,169.0,170.0,10-K,2025-02-25,89,review
MCD,OtherComprehensiveIncomeLossPensionAndOtherPostretirementBenefitPlansAdjustmentNetOfTax,"Other Comprehensive (Income) Loss, Defined Benefit Plan, after Reclassification Adjustment, after Tax",USD,2013-01-01,2013-12-31,51900000.0,-200000.0,52100000.0,-260.5,259.5,10-K,2016-02-25,93,review
MCD,OtherComprehensiveIncomeLossPensionAndOtherPostretirementBenefitPlansAdjustmentNetOfTax,"Other Comprehensive (Income) Loss, Defined Benefit Plan, after Reclassification Adjustment, after Tax",USD,2023-01-01,2023-03-31,1000000.0,119000000.0,-118000000.0,-0.9915966386554622,0.008403361344537815,10-Q,2024-05-08,93,review
MCD,OtherComprehensiveIncomeLossPensionAndOtherPostretirementBenefitPlansTax,"Other Comprehensive (Income) Loss, Defined Benefit Plan, after Reclassification Adjustment, Tax",USD,2016-01-01,2016-12-31,-10000000.0,100000.0,-10100000.0,-101.0,100.0,10-K,2017-03-01,88,review
MCD,OtherComprehensiveIncomeLossPensionAndOtherPostretirementBenefitPlansTax,"Other Comprehensive (Income) Loss, Defined Benefit Plan, after Reclassification Adjustment, Tax",USD,2022-01-01,2022-12-31,43000000.0,100000.0,42900000.0,429.0,430.0,10-K,2025-02-25,88,review
MCD,PaymentsForRepurchaseOfCommonStock,Payments for Repurchase of Common Stock,USD,2020-04-01,2020-06-30,2300000.0,904900000.0,-902600000.0,-0.9974582826831694,0.002541717316830589,10-Q,2021-08-04,111,review
MCD,PaymentsForRepurchaseOfCommonStock,Payments for Repurchase of Common Stock,USD,2020-01-01,2020-09-30,905600000.0,2300000.0,903300000.0,392.7391304347826,393.7391304347826,10-Q,2021-11-02,111,review
MCD,PaymentsForRepurchaseOfCommonStock,Payments for Repurchase of Common Stock,USD,2020-07-01,2020-09-30,700000.0,905600000.0,-904900000.0,-0.9992270318021201,0.0007729681978798586,10-Q,2021-11-02,111,high_priority
MCD,PaymentsForRepurchaseOfCommonStock,Payments for Repurchase of Common Stock,USD,2020-01-01,2020-12-31,907800000.0,700000.0,907100000.0,1295.857142857143,1296.857142857143,10-K,2023-02-24,111,high_priority
MCD,PaymentsToAcquireEquityMethodInvestments,Payments to Acquire Equity Method Investments,USD,2024-04-01,2024-06-30,17000000.0,1837000000.0,-1820000000.0,-0.9907457811649428,0.009254218835057159,10-Q,2025-08-06,18,review
MCD,ProceedsFromIssuanceOfLongTermDebt,Proceeds from Issuance of Long-term Debt,USD,2015-01-01,2015-03-31,500000.0,1540600000.0,-1540100000.0,-0.9996754511229391,0.00032454887706088537,10-Q,2016-05-06,82,high_priority
MCD,ProceedsFromIssuanceOfLongTermDebt,Proceeds from Issuance of Long-term Debt,USD,2015-04-01,2015-06-30,4227300000.0,500000.0,4226800000.0,8453.6,8454.6,10-Q,2016-08-04,82,high_priority
MCD,ProceedsFromIssuanceOfLongTermDebt,Proceeds from Issuance of Long-term Debt,USD,2015-07-01,2015-09-30,1400000.0,4229200000.0,-4227800000.0,-0.9996689681263596,0.0003310318736404048,10-Q,2016-11-04,82,high_priority
MCD,ProceedsFromIssuanceOfLongTermDebt,Proceeds from Issuance of Long-term Debt,USD,2015-01-01,2015-12-31,10220000000.0,1400000.0,10218600000.0,7299.0,7300.0,10-K,2018-02-23,82,high_priority
MCD,ProceedsFromIssuanceOfLongTermDebt,Proceeds from Issuance of Long-term Debt,USD,2016-01-01,2016-03-31,700000.0,10220000000.0,-10219300000.0,-0.9999315068493151,6.84931506849315e-05,10-Q,2017-05-08,82,high_priority
MCD,ProceedsFromIssuanceOfLongTermDebt,Proceeds from Issuance of Long-term Debt,USD,2016-01-01,2016-06-30,3372100000.0,700000.0,3371400000.0,4816.285714285715,4817.285714285715,10-Q,2017-08-08,82,high_priority
MCD,ProceedsFromIssuanceOfLongTermDebt,Proceeds from Issuance of Long-term Debt,USD,2016-07-01,2016-09-30,600000.0,3372700000.0,-3372100000.0,-0.9998221009873395,0.00017789901266047973,10-Q,2017-11-02,82,high_priority
MCD,ProceedsFromIssuanceOfLongTermDebt,Proceeds from Issuance of Long-term Debt,USD,2016-01-01,2016-12-31,3779500000.0,600000.0,3778900000.0,6298.166666666667,6299.166666666667,10-K,2019-02-22,82,high_priority
MCD,ProceedsFromIssuanceOfLongTermDebt,Proceeds from Issuance of Long-term Debt,USD,2017-07-01,2017-09-30,400000.0,2530100000.0,-2529700000.0,-0.9998419034820758,0.00015809651792419272,10-Q,2018-11-01,82,high_priority
MCD,ProceedsFromIssuanceOfLongTermDebt,Proceeds from Issuance of Long-term Debt,USD,2017-01-01,2017-09-30,2530500000.0,400000.0,2530100000.0,6325.25,6326.25,10-Q,2018-11-01,82,high_priority
MCD,ProceedsFromIssuanceOfLongTermDebt,Proceeds from Issuance of Long-term Debt,USD,2019-04-01,2019-06-30,6500000.0,2513300000.0,-2506800000.0,-0.9974137588031672,0.002586241196832849,10-Q,2020-08-10,82,review
MCD,ProceedsFromIssuanceOfLongTermDebt,Proceeds from Issuance of Long-term Debt,USD,2019-01-01,2019-06-30,2519800000.0,6500000.0,2513300000.0,386.66153846153844,387.66153846153844,10-Q,2020-08-10,82,review
MCD,ProceedsFromIssuanceOfLongTermDebt,Proceeds from Issuance of Long-term Debt,USD,2020-04-01,2020-06-30,800000.0,5540200000.0,-5539400000.0,-0.9998556008808346,0.0001443991191653731,10-Q,2021-08-04,82,high_priority
MCD,ProceedsFromIssuanceOfLongTermDebt,Proceeds from Issuance of Long-term Debt,USD,2020-01-01,2020-09-30,5543000000.0,800000.0,5542200000.0,6927.75,6928.75,10-Q,2021-11-02,82,high_priority
MCD,ProceedsFromIssuanceOfLongTermDebt,Proceeds from Issuance of Long-term Debt,USD,2020-07-01,2020-09-30,2800000.0,5543000000.0,-5540200000.0,-0.9994948583799387,0.0005051416200613386,10-Q,2021-11-02,82,high_priority
MCD,ProceedsFromIssuanceOfLongTermDebt,Proceeds from Issuance of Long-term Debt,USD,2020-01-01,2020-12-31,5543000000.0,2800000.0,5540200000.0,1978.642857142857,1979.642857142857,10-K,2023-02-24,82,high_priority
MCD,ProceedsFromPaymentsForOtherFinancingActivities,Proceeds from (Payments for) Other Financing Activities,USD,2020-04-01,2020-06-30,-400000.0,-121900000.0,121500000.0,-0.9967186218211649,0.003281378178835111,10-Q,2021-08-04,111,review
MCD,ProceedsFromPaymentsForOtherFinancingActivities,Proceeds from (Payments for) Other Financing Activities,USD,2020-01-01,2020-09-30,-122000000.0,-400000.0,-121600000.0,304.0,305.0,10-Q,2021-11-02,111,review
MCD,ProceedsFromPaymentsForOtherFinancingActivities,Proceeds from (Payments for) Other Financing Activities,USD,2020-07-01,2020-09-30,-100000.0,-122000000.0,121900000.0,-0.9991803278688525,0.000819672131147541,10-Q,2021-11-02,111,high_priority
MCD,ProceedsFromPaymentsForOtherFinancingActivities,Proceeds from (Payments for) Other Financing Activities,USD,2020-01-01,2020-12-31,-122000000.0,-100000.0,-121900000.0,1219.0,1220.0,10-K,2023-02-24,111,high_priority
MCD,ProceedsFromRepaymentsOfShortTermDebt,Proceeds from (Repayments of) Short-term Debt,USD,2018-07-01,2018-09-30,-801400000.0,-5700000.0,-795700000.0,139.59649122807016,140.59649122807016,10-Q,2019-11-04,81,review
MCD,ProceedsFromRepaymentsOfShortTermDebt,Proceeds from (Repayments of) Short-term Debt,USD,2020-07-01,2020-09-30,-993400000.0,-4100000.0,-989300000.0,241.29268292682926,242.29268292682926,10-Q,2021-11-02,81,review
MCD,ProceedsFromRepaymentsOfShortTermDebt,Proceeds from (Repayments of) Short-term Debt,USD,2021-01-01,2021-03-31,6500000.0,-893100000.0,899600000.0,-1.007278020378457,0.00727802037845706,10-Q,2022-05-02,81,review
MCD,ProceedsFromRepaymentsOfShortTermDebt,Proceeds from (Repayments of) Short-term Debt,USD,2024-04-01,2024-06-30,-2000000.0,-339000000.0,337000000.0,-0.9941002949852508,0.0058997050147492625,10-Q,2025-08-06,81,review
MCD,ProceedsFromRepaymentsOfShortTermDebt,Proceeds from (Repayments of) Short-term Debt,USD,2024-01-01,2024-06-30,-341000000.0,-2000000.0,-339000000.0,169.5,170.5,10-Q,2025-08-06,81,review
MCD,ProceedsFromRepaymentsOfShortTermDebt,Proceeds from (Repayments of) Short-term Debt,USD,2025-01-01,2025-12-31,6000000.0,-794000000.0,800000000.0,-1.0075566750629723,0.007556675062972292,10-K,2026-02-24,81,review
MCD,ProceedsFromRepaymentsOfShortTermDebt,Proceeds from (Repayments of) Short-term Debt,USD,2026-01-01,2026-03-31,-791000000.0,6000000.0,-797000000.0,-132.83333333333334,131.83333333333334,10-Q,2026-05-07,81,review
MCD,ProceedsFromSaleOfProductiveAssets,Proceeds from Sale of Productive Assets,USD,2017-07-01,2017-09-30,1900000.0,851800000.0,-849900000.0,-0.9977694294435313,0.0022305705564686544,10-Q,2018-11-01,35,review
MCD,ProceedsFromSaleOfProductiveAssets,Proceeds from Sale of Productive Assets,USD,2017-01-01,2017-12-31,974800000.0,1900000.0,972900000.0,512.0526315789474,513.0526315789474,10-K,2020-02-26,35,review
MCD,ProceedsFromSaleOfPropertyPlantAndEquipment,"Proceeds from Sale of Property, Plant, and Equipment",USD,2020-01-01,2020-12-31,27400000.0,200000.0,27200000.0,136.0,137.0,10-K,2023-02-24,65,review
MCD,RepaymentsOfLongTermDebt,Repayments of Long-term Debt,USD,2014-04-01,2014-06-30,1000000.0,695400000.0,-694400000.0,-0.998561978717285,0.0014380212827149843,10-Q,2015-08-05,81,review
MCD,RepaymentsOfLongTermDebt,Repayments of Long-term Debt,USD,2014-01-01,2014-06-30,541100000.0,1000000.0,540100000.0,540.1,541.1,10-Q,2015-08-05,81,review
MCD,RepaymentsOfLongTermDebt,Repayments of Long-term Debt,USD,2015-07-01,2015-09-30,6200000.0,1052900000.0,-1046700000.0,-0.9941115015671004,0.005888498432899611,10-Q,2016-11-04,81,review
MCD,RepaymentsOfLongTermDebt,Repayments of Long-term Debt,USD,2015-01-01,2015-12-31,1054500000.0,6200000.0,1048300000.0,169.08064516129033,170.08064516129033,10-K,2018-02-23,81,review
MCD,RepaymentsOfLongTermDebt,Repayments of Long-term Debt,USD,2016-07-01,2016-09-30,5700000.0,819600000.0,-813900000.0,-0.9930453879941434,0.006954612005856516,10-Q,2017-11-02,81,review
MCD,RepaymentsOfLongTermDebt,Repayments of Long-term Debt,USD,2016-01-01,2016-12-31,822900000.0,5700000.0,817200000.0,143.3684210526316,144.3684210526316,10-K,2019-02-22,81,review
MCD,RepaymentsOfLongTermDebt,Repayments of Long-term Debt,USD,2017-04-01,2017-06-30,1400000.0,403500000.0,-402100000.0,-0.9965303593556382,0.003469640644361834,10-Q,2018-08-02,81,review
MCD,RepaymentsOfLongTermDebt,Repayments of Long-term Debt,USD,2017-01-01,2017-09-30,407100000.0,1400000.0,405700000.0,289.7857142857143,290.7857142857143,10-Q,2018-11-01,81,review
MCD,RepaymentsOfLongTermDebt,Repayments of Long-term Debt,USD,2017-07-01,2017-09-30,3600000.0,407100000.0,-403500000.0,-0.9911569638909359,0.008843036109064112,10-Q,2018-11-01,81,review
MCD,RepaymentsOfLongTermDebt,Repayments of Long-term Debt,USD,2017-01-01,2017-12-31,1649400000.0,3600000.0,1645800000.0,457.1666666666667,458.1666666666667,10-K,2020-02-26,81,review
MCD,RepaymentsOfLongTermDebt,Repayments of Long-term Debt,USD,2018-04-01,2018-06-30,1200000.0,1002800000.0,-1001600000.0,-0.9988033506182689,0.0011966493817311527,10-Q,2019-08-06,81,review
MCD,RepaymentsOfLongTermDebt,Repayments of Long-term Debt,USD,2018-01-01,2018-09-30,1004700000.0,1200000.0,1003500000.0,836.25,837.25,10-Q,2019-11-04,81,review
MCD,RepaymentsOfLongTermDebt,Repayments of Long-term Debt,USD,2018-07-01,2018-09-30,1900000.0,1004700000.0,-1002800000.0,-0.9981088882253409,0.0018911117746591023,10-Q,2019-11-04,81,review
MCD,RepaymentsOfLongTermDebt,Repayments of Long-term Debt,USD,2018-01-01,2018-12-31,1759600000.0,1900000.0,1757700000.0,925.1052631578947,926.1052631578947,10-K,2021-02-23,81,review
MCD,RepaymentsOfLongTermDebt,Repayments of Long-term Debt,USD,2021-07-01,2021-09-30,400000.0,1739400000.0,-1739000000.0,-0.9997700356444751,0.00022996435552489363,10-Q,2022-11-07,81,high_priority
MCD,RepaymentsOfLongTermDebt,Repayments of Long-term Debt,USD,2021-01-01,2021-12-31,2240000000.0,400000.0,2239600000.0,5599.0,5600.0,10-K,2024-02-22,81,high_priority
MCD,RepaymentsOfLongTermDebt,Repayments of Long-term Debt,USD,2022-07-01,2022-09-30,400000.0,2201400000.0,-2201000000.0,-0.9998182974470792,0.00018170255292086854,10-Q,2023-11-02,81,high_priority
MCD,RepaymentsOfLongTermDebt,Repayments of Long-term Debt,USD,2022-01-01,2022-09-30,2201800000.0,400000.0,2201400000.0,5503.5,5504.5,10-Q,2023-11-02,81,high_priority
MCD,RepaymentsOfLongTermDebt,Repayments of Long-term Debt,USD,2026-01-01,2026-03-31,1000000.0,4802000000.0,-4801000000.0,-0.9997917534360683,0.00020824656393169514,10-Q,2026-05-07,81,high_priority
MCD,RepaymentsOfLongTermDebt,Repayments of Long-term Debt,USD,2026-01-01,2026-06-30,581000000.0,1000000.0,580000000.0,580.0,581.0,10-Q,2026-08-07,81,review
MCD,RestructuringSettlementAndImpairmentProvisions,"Restructuring, Settlement and Impairment Provisions",USD,2008-01-01,2008-06-30,1000000.0,1670300000.0,-1669300000.0,-0.9994013051547627,0.0005986948452373825,10-Q,2009-08-06,30,high_priority
MCD,TreasuryStockValueAcquiredCostMethod,"Treasury Stock, Value, Acquired, Cost Method",USD,2020-04-01,2020-06-30,2300000.0,868900000.0,-866600000.0,-0.9973529750258948,0.0026470249741051906,10-Q,2021-08-04,62,review
MCD,TreasuryStockValueAcquiredCostMethod,"Treasury Stock, Value, Acquired, Cost Method",USD,2020-01-01,2020-06-30,871200000.0,2300000.0,868900000.0,377.7826086956522,378.7826086956522,10-Q,2021-08-04,62,review
MCD,TreasuryStockValueAcquiredCostMethod,"Treasury Stock, Value, Acquired, Cost Method",USD,2020-07-01,2020-09-30,700000.0,871200000.0,-870500000.0,-0.9991965105601469,0.0008034894398530762,10-Q,2021-11-02,62,high_priority
MCD,TreasuryStockValueAcquiredCostMethod,"Treasury Stock, Value, Acquired, Cost Method",USD,2020-01-01,2020-09-30,871900000.0,700000.0,871200000.0,1244.5714285714287,1245.5714285714287,10-Q,2021-11-02,62,high_priority
MCD,WeightedAverageNumberOfDilutedSharesOutstanding,"Weighted Average Number of Shares Outstanding, Diluted",shares,2021-01-01,2021-12-31,751.8,751900000.0,-751899248.2,-0.9999990001329965,9.998670035909029e-07,10-K,2024-02-22,122,high_priority
MCD,WeightedAverageNumberOfDilutedSharesOutstanding,"Weighted Average Number of Shares Outstanding, Diluted",shares,2022-01-01,2022-03-31,747600000.0,751.8,747599248.2,994412.4078212292,994413.4078212291,10-Q,2023-05-04,122,high_priority
MCD,WeightedAverageNumberOfDilutedSharesOutstanding,"Weighted Average Number of Shares Outstanding, Diluted",shares,2022-01-01,2022-12-31,741.3,739500000.0,-739499258.7,-0.999998997565923,1.0024340770791073e-06,10-K,2025-02-25,122,high_priority
MCD,WeightedAverageNumberOfSharesOutstandingBasic,"Weighted Average Number of Shares Outstanding, Basic",shares,2021-01-01,2021-12-31,746.3,747100000.0,-747099253.7,-0.9999990010708072,9.989291928791326e-07,10-K,2024-02-22,122,high_priority
MCD,WeightedAverageNumberOfSharesOutstandingBasic,"Weighted Average Number of Shares Outstanding, Basic",shares,2022-01-01,2022-03-31,742600000.0,746.3,742599253.7,995041.2082272546,995042.2082272546,10-Q,2022-05-02,122,high_priority
MCD,WeightedAverageNumberOfSharesOutstandingBasic,"Weighted Average Number of Shares Outstanding, Basic",shares,2022-01-01,2022-12-31,736.5,738300000.0,-738299263.5,-0.9999990024380333,9.975619666802114e-07,10-K,2025-02-25,122,high_priority
META,AdjustmentsRelatedToTaxWithholdingForShareBasedCompensation,"Share-based Payment Arrangement, Decrease for Tax Withholding Obligation",USD,2017-07-01,2017-09-30,853000000.0,6000000.0,847000000.0,141.16666666666666,142.16666666666666,10-Q,2018-10-31,57,review
META,CashAndCashEquivalentsPeriodIncreaseDecrease,"Cash and Cash Equivalents, Period Increase (Decrease)",USD,2015-01-01,2015-09-30,-7000000.0,808000000.0,-815000000.0,-1.0086633663366336,0.008663366336633664,10-Q,2016-11-03,28,review
META,ContractualObligationDueInFifthYear,"Contractual Obligation, to be Paid, Year Five",USD,,2025-12-31,19407000000.0,153000000.0,19254000000.0,125.84313725490196,126.84313725490196,10-K,2026-01-29,4,review
META,DebtSecuritiesAvailableForSaleContinuousUnrealizedLossPosition12MonthsOrLonger,"Debt Securities, Available-for-sale, Continuous Unrealized Loss Position, 12 Months or Longer",USD,,2022-09-30,8596000000.0,72000000.0,8524000000.0,118.38888888888889,119.38888888888889,10-Q,2022-10-27,17,review
META,DebtSecuritiesAvailableForSaleContinuousUnrealizedLossPosition12MonthsOrLongerAccumulatedLoss,"Debt Securities, Available-for-sale, Continuous Unrealized Loss Position, 12 Months or Longer, Accumulated Loss",USD,,2022-09-30,763000000.0,1000000.0,762000000.0,762.0,763.0,10-Q,2022-10-27,24,review
META,DeferredIncomeTaxExpenseBenefit,Deferred Income Tax Expense (Benefit),USD,2026-01-01,2026-03-31,123000000.0,18755000000.0,-18632000000.0,-0.9934417488669688,0.006558251133031191,10-Q,2026-04-30,61,review
META,EquitySecuritiesWithoutReadilyDeterminableFairValueUpwardPriceAdjustmentAnnualAmount,"Equity Securities without Readily Determinable Fair Value, Upward Price Adjustment, Annual Amount",USD,2021-01-01,2021-03-31,118000000.0,1000000.0,117000000.0,117.0,118.0,10-Q,2021-04-29,3,review
META,GoodwillAcquiredDuringPeriod,"Goodwill, Acquired During Period",USD,2014-01-01,2014-09-30,1777000000.0,16000000.0,1761000000.0,110.0625,111.0625,10-Q,2014-10-30,44,review
META,GoodwillAcquiredDuringPeriod,"Goodwill, Acquired During Period",USD,2015-01-01,2015-03-31,26000000.0,17150000000.0,-17124000000.0,-0.9984839650145773,0.0015160349854227405,10-Q,2015-04-23,44,review
META,IncomeLossFromContinuingOperationsBeforeIncomeTaxesForeign,"Income (Loss) from Continuing Operations before Income Taxes, Foreign",USD,2015-01-01,2015-12-31,3392000000.0,-8000000.0,3400000000.0,-425.0,424.0,10-K,2018-02-01,16,review
META,IncreaseDecreaseInContractWithCustomerLiability,"Increase (Decrease) in Contract with Customer, Liability",USD,2020-01-01,2020-09-30,111000000.0,-1000000.0,112000000.0,-112.0,111.0,10-Q,2021-10-26,20,review
META,IncreaseDecreaseInOtherAccountsPayable,Increase (Decrease) in Other Accounts Payable,USD,2019-01-01,2019-03-31,-1000000.0,157000000.0,-158000000.0,-1.0063694267515924,0.006369426751592357,10-Q,2020-04-30,49,review
META,IncreaseDecreaseInPrepaidDeferredExpenseAndOtherAssets,Increase (Decrease) in Prepaid Expense and Other Assets,USD,2013-01-01,2013-03-31,1000000.0,465000000.0,-464000000.0,-0.9978494623655914,0.002150537634408602,10-Q,2014-04-25,62,review
META,IncreaseDecreaseInPrepaidDeferredExpenseAndOtherAssets,Increase (Decrease) in Prepaid Expense and Other Assets,USD,2013-01-01,2013-06-30,-428000000.0,1000000.0,-429000000.0,-429.0,428.0,10-Q,2014-07-24,62,review
META,NetCashProvidedByUsedInFinancingActivities,Net Cash Provided by (Used in) Financing Activities,USD,2012-01-01,2012-06-30,7090000000.0,50000000.0,7040000000.0,140.8,141.8,10-Q,2013-07-25,62,review
META,PaymentsRelatedToTaxWithholdingForShareBasedCompensation,"Payment, Tax Withholding, Share-based Payment Arrangement",USD,2014-01-01,2014-03-31,3000000.0,889000000.0,-886000000.0,-0.9966254218222722,0.003374578177727784,10-Q,2015-04-23,60,review
META,PaymentsRelatedToTaxWithholdingForShareBasedCompensation,"Payment, Tax Withholding, Share-based Payment Arrangement",USD,2017-01-01,2017-03-31,771000000.0,6000000.0,765000000.0,127.5,128.5,10-Q,2018-04-26,60,review
META,PaymentsToAcquireAvailableForSaleSecuritiesDebt,"Payments to Acquire Debt Securities, Available-for-sale",USD,2023-01-01,2023-03-31,85000000.0,9626000000.0,-9541000000.0,-0.9911697485975484,0.008830251402451693,10-Q,2024-04-25,27,review
META,ProceedsFromIncomeTaxRefunds,Proceeds from Income Tax Refunds,USD,2014-01-01,2014-06-30,2000000.0,421000000.0,-419000000.0,-0.995249406175772,0.004750593824228029,10-Q,2014-07-24,11,review
META,ShareBasedCompensationArrangementByShareBasedPaymentAwardOptionsExercisesInPeriodTotalIntrinsicValue,"Share-based Compensation Arrangement by Share-based Payment Award, Options, Exercises in Period, Intrinsic Value",USD,2012-07-01,2012-09-30,10000000.0,2990000000.0,-2980000000.0,-0.9966555183946488,0.0033444816053511705,10-Q,2013-11-01,25,review
META,ShareBasedCompensationArrangementByShareBasedPaymentAwardOptionsExercisesInPeriodTotalIntrinsicValue,"Share-based Compensation Arrangement by Share-based Payment Award, Options, Exercises in Period, Intrinsic Value",USD,2012-01-01,2012-12-31,4230000000.0,10000000.0,4220000000.0,422.0,423.0,10-K,2015-01-29,25,review
META,StockIssuedDuringPeriodValueAcquisitions,"Stock Issued During Period, Value, Acquisitions",USD,2016-01-01,2016-12-31,74000000.0,14344000000.0,-14270000000.0,-0.9948410485220301,0.005158951477969883,10-K,2019-01-31,3,review
META,StockIssuedDuringPeriodValueNewIssues,"Stock Issued During Period, Value, New Issues",USD,2018-01-01,2018-03-31,3000000.0,335000000.0,-332000000.0,-0.991044776119403,0.008955223880597015,10-Q,2019-04-25,17,review
META,UnrecognizedTaxBenefitsDecreasesResultingFromPriorPeriodTaxPositions,"Unrecognized Tax Benefits, Decrease Resulting from Prior Period Tax Positions",USD,2025-01-01,2025-12-31,1131000000.0,6000000.0,1125000000.0,187.5,188.5,10-K,2026-01-29,16,review
META,UnrecognizedTaxBenefitsDecreasesResultingFromSettlementsWithTaxingAuthorities,"Unrecognized Tax Benefits, Decrease Resulting from Settlements with Taxing Authorities",USD,2020-01-01,2020-12-31,319000000.0,1000000.0,318000000.0,318.0,319.0,10-K,2023-02-02,14,review
META,UnrecognizedTaxBenefitsDecreasesResultingFromSettlementsWithTaxingAuthorities,"Unrecognized Tax Benefits, Decrease Resulting from Settlements with Taxing Authorities",USD,2025-01-01,2025-12-31,1264000000.0,9000000.0,1255000000.0,139.44444444444446,140.44444444444446,10-K,2026-01-29,14,review
MRK,AssetsOfDisposalGroupIncludingDiscontinuedOperationCurrent,"Disposal Group, Including Discontinued Operation, Assets, Current",USD,,2014-03-31,3224000000.0,26000000.0,3198000000.0,123.0,124.0,10-Q,2014-05-08,8,review
MRK,AvailableForSaleSecuritiesDebtMaturitiesAfterOneThroughFiveYearsFairValue,"Debt Securities, Available-for-Sale, Fair Value, Maturity, Allocated and Single Maturity Date, after Year One Through Five",USD,,2010-09-30,1600000000.0,1600000.0,1598400000.0,999.0,1000.0,10-Q,2010-11-08,39,high_priority
MRK,AvailableForSaleSecuritiesDebtSecuritiesCurrent,"Debt Securities, Available-for-sale, Current",USD,,2010-12-31,1300000.0,800000000.0,-798700000.0,-0.998375,0.001625,10-K,2011-02-28,39,review
MRK,AvailableForSaleSecuritiesDebtSecuritiesCurrent,"Debt Securities, Available-for-sale, Current",USD,,2011-03-31,1300000000.0,1300000.0,1298700000.0,999.0,1000.0,10-Q,2011-05-09,39,high_priority
MRK,BusinessCombinationConsiderationTransferredLiabilitiesIncurred,"Business Combination, Consideration Transferred, Liabilities Incurred",USD,2017-01-01,2017-12-31,3000000.0,733000000.0,-730000000.0,-0.9959072305593452,0.004092769440654843,10-K,2019-02-27,17,review
MRK,CashCashEquivalentsRestrictedCashAndRestrictedCashEquivalentsPeriodIncreaseDecreaseIncludingExchangeRateEffect,"Cash, Cash Equivalents, Restricted Cash and Restricted Cash Equivalents, Period Increase (Decrease), Including Exchange Rate Effect",USD,2021-01-01,2021-12-31,14000000.0,1893000000.0,-1879000000.0,-0.9926043317485472,0.007395668251452721,10-K,2024-02-26,39,review
MRK,ComprehensiveIncomeNetOfTax,"Comprehensive Income (Loss), Net of Tax, Attributable to Parent",USD,2023-01-01,2023-12-31,-28000000.0,4729000000.0,-4757000000.0,-1.0059209135123706,0.00592091351237048,10-K,2026-02-24,87,review
MRK,ComprehensiveIncomeNetOfTax,"Comprehensive Income (Loss), Net of Tax, Attributable to Parent",USD,2024-01-01,2024-03-31,4649000000.0,-28000000.0,4677000000.0,-167.03571428571428,166.03571428571428,10-Q,2025-05-02,87,review
MRK,DefinedBenefitPlanEffectOfOnePercentagePointDecreaseOnAccumulatedPostretirementBenefitObligation1,"Defined Benefit Plan, Effect of One Percentage Point Decrease on Accumulated Postretirement Benefit Obligation",USD,2013-01-01,2013-12-31,262000000.0,324.0,261999676.0,808640.975308642,808641.975308642,10-K,2014-02-27,7,high_priority
MRK,DefinedBenefitPlanEffectOfOnePercentagePointDecreaseOnServiceAndInterestCostComponents1,"Defined Benefit Plan, Effect of One Percentage Point Decrease on Service and Interest Cost Components",USD,2013-01-01,2013-12-31,30000000.0,30.0,29999970.0,999999.0,1000000.0,10-K,2014-02-27,7,high_priority
MRK,DefinedBenefitPlanEffectOfOnePercentagePointIncreaseOnAccumulatedPostretirementBenefitObligation,"Defined Benefit Plan, Effect of One Percentage Point Increase on Accumulated Postretirement Benefit Obligation",USD,2012-01-01,2012-12-31,396.0,381000000.0,-380999604.0,-0.9999989606299212,1.0393700787401575e-06,10-K,2013-02-28,9,high_priority
MRK,DefinedBenefitPlanEffectOfOnePercentagePointIncreaseOnAccumulatedPostretirementBenefitObligation,"Defined Benefit Plan, Effect of One Percentage Point Increase on Accumulated Postretirement Benefit Obligation",USD,2013-01-01,2013-12-31,316000000.0,396.0,315999604.0,797978.7979797979,797979.7979797979,10-K,2014-02-27,9,high_priority
MRK,DefinedBenefitPlanEffectOfOnePercentagePointIncreaseOnServiceAndInterestCostComponents,"Defined Benefit Plan, Effect of One Percentage Point Increase on Service and Interest Cost Components",USD,2012-01-01,2012-12-31,38.0,50000000.0,-49999962.0,-0.99999924,7.6e-07,10-K,2013-02-28,9,high_priority
MRK,DefinedBenefitPlanEffectOfOnePercentagePointIncreaseOnServiceAndInterestCostComponents,"Defined Benefit Plan, Effect of One Percentage Point Increase on Service and Interest Cost Components",USD,2013-01-01,2013-12-31,38000000.0,38.0,37999962.0,999999.0,1000000.0,10-K,2014-02-27,9,high_priority
MRK,EffectiveIncomeTaxRateReconciliationNondeductibleExpenseResearchAndDevelopment,"Effective Income Tax Rate Reconciliation, Nondeductible Expense, Research and Development, Percent",pure,2011-01-01,2011-12-31,-0.001,0.293,-0.294,-1.0034129692832765,0.003412969283276451,10-K,2013-02-28,14,review
MRK,EffectiveIncomeTaxRateReconciliationNondeductibleExpenseResearchAndDevelopment,"Effective Income Tax Rate Reconciliation, Nondeductible Expense, Research and Development, Percent",pure,2023-01-01,2023-06-30,1.019,0.005,1.014,202.8,203.79999999999998,10-Q,2024-08-05,14,review
MRK,EquitySecuritiesFvNiUnrealizedGainLoss,"Equity Securities, FV-NI, Unrealized Gain (Loss)",USD,2020-04-01,2020-06-30,464000000.0,-4000000.0,468000000.0,-117.0,116.0,10-Q,2021-08-09,48,review
MRK,FairValueMeasurementWithUnobservableInputsReconciliationRecurringBasisAssetTransfersNet,"Fair Value, Measurement with Unobservable Inputs Reconciliation, Recurring Basis, Asset, Transfers, Net",USD,2010-01-01,2010-06-30,-400000.0,41000000.0,-41400000.0,-1.0097560975609756,0.00975609756097561,10-Q,2010-08-06,7,review
MRK,ImpairmentOfIntangibleAssetsExcludingGoodwill,Impairment of Intangible Assets (Excluding Goodwill),USD,2023-01-01,2023-09-30,13000000.0,1749000000.0,-1736000000.0,-0.9925671812464265,0.007432818753573471,10-Q,2023-11-03,25,review
MRK,IncomeTaxReconciliationChangeInDeferredTaxAssetsValuationAllowance,"Effective Income Tax Rate Reconciliation, Change in Deferred Tax Assets Valuation Allowance, Amount",USD,2017-01-01,2017-12-31,632000000.0,-5000000.0,637000000.0,-127.4,126.4,10-K,2020-02-26,11,review
MRK,IncreaseDecreaseInAccruedLiabilities,Increase (Decrease) in Accrued Liabilities,USD,2010-01-01,2010-12-31,35000000.0,-4003000000.0,4038000000.0,-1.0087434424181863,0.00874344241818636,10-K,2013-02-28,17,review
MRK,IncreaseDecreaseInAccruedLiabilities,Increase (Decrease) in Accrued Liabilities,USD,2015-01-01,2015-12-31,-8000000.0,1635000000.0,-1643000000.0,-1.0048929663608563,0.004892966360856269,10-K,2018-02-27,17,review
MRK,IncreaseDecreaseInAccruedLiabilities,Increase (Decrease) in Accrued Liabilities,USD,2016-01-01,2016-12-31,-2018000000.0,-8000000.0,-2010000000.0,251.25,252.25,10-K,2019-02-27,17,review
MRK,IncreaseDecreaseInOperatingCapital,Increase (Decrease) in Operating Capital,USD,2010-01-01,2010-06-30,5000000.0,1062000000.0,-1057000000.0,-0.995291902071563,0.004708097928436911,10-Q,2011-08-08,52,review
MRK,IncreaseDecreaseInOperatingCapital,Increase (Decrease) in Operating Capital,USD,2010-01-01,2010-09-30,-782000000.0,5000000.0,-787000000.0,-157.4,156.4,10-Q,2011-11-08,52,review
MRK,IncreaseDecreaseInOtherOperatingLiabilities,Increase (Decrease) in Other Operating Liabilities,USD,2012-01-01,2012-12-31,-1747000000.0,-7000000.0,-1740000000.0,248.57142857142858,249.57142857142858,10-K,2015-02-27,23,review
MRK,LongTermDebtMaturitiesRepaymentsOfPrincipalInYearFive,"Long-Term Debt, Maturity, Year Five",USD,,2012-12-31,1100000000.0,893000000000.0,-891900000000.0,-0.9987681970884659,0.0012318029115341545,10-K,2013-02-28,15,review
MRK,LongTermDebtMaturitiesRepaymentsOfPrincipalInYearThree,"Long-Term Debt, Maturity, Year Three",USD,,2014-12-31,19000000.0,2400000000.0,-2381000000.0,-0.9920833333333333,0.007916666666666667,10-K,2015-02-27,15,review
MRK,LongTermDebtMaturitiesRepaymentsOfPrincipalInYearThree,"Long-Term Debt, Maturity, Year Three",USD,,2015-12-31,3000000000.0,19000000.0,2981000000.0,156.89473684210526,157.89473684210526,10-K,2016-02-26,15,review
MRK,MarketableSecuritiesCurrent,"Marketable Securities, Current",USD,,2020-03-31,7000000.0,774000000.0,-767000000.0,-0.9909560723514211,0.00904392764857881,10-Q,2020-05-06,59,review
MRK,MinorityInterestDecreaseFromDistributionsToNoncontrollingInterestHolders,"Noncontrolling Interest, Decrease from Distributions to Noncontrolling Interest Holders",USD,2010-01-01,2010-03-31,1000000.0,119000000.0,-118000000.0,-0.9915966386554622,0.008403361344537815,10-Q,2011-05-09,67,review
MRK,MinorityInterestDecreaseFromDistributionsToNoncontrollingInterestHolders,"Noncontrolling Interest, Decrease from Distributions to Noncontrolling Interest Holders",USD,2012-01-01,2012-03-31,1000000.0,120000000.0,-119000000.0,-0.9916666666666667,0.008333333333333333,10-Q,2013-05-09,67,review
MRK,MinorityInterestDecreaseFromDistributionsToNoncontrollingInterestHolders,"Noncontrolling Interest, Decrease from Distributions to Noncontrolling Interest Holders",USD,2013-01-01,2013-03-31,1000000.0,120000000.0,-119000000.0,-0.9916666666666667,0.008333333333333333,10-Q,2014-05-08,67,review
MRK,MinorityInterestDecreaseFromDistributionsToNoncontrollingInterestHolders,"Noncontrolling Interest, Decrease from Distributions to Noncontrolling Interest Holders",USD,2014-01-01,2014-03-31,1000000.0,120000000.0,-119000000.0,-0.9916666666666667,0.008333333333333333,10-Q,2015-05-07,67,review
MRK,OtherComprehensiveIncomeDefinedBenefitPlansAdjustmentNetOfTaxPortionAttributableToParent,"Other Comprehensive (Income) Loss, Defined Benefit Plan, after Tax and Reclassification Adjustment, Attributable to Parent",USD,2026-01-01,2026-03-31,-5000000.0,-828000000.0,823000000.0,-0.9939613526570048,0.006038647342995169,10-Q,2026-05-04,65,review
MRK,OtherComprehensiveIncomeForeignCurrencyTranslationAdjustmentTaxPortionAttributableToParent,"Other Comprehensive Income (Loss), Foreign Currency Translation Adjustment, Tax, Portion Attributable to Parent",USD,2011-01-01,2011-12-31,-1000000.0,-121000000.0,120000000.0,-0.9917355371900827,0.008264462809917356,10-K,2013-02-28,3,review
MRK,OtherComprehensiveIncomeLossBeforeReclassificationsNetOfTax,"Other Comprehensive Income (Loss), before Reclassifications, Net of Tax",USD,2013-01-01,2013-03-31,5000000.0,-1639000000.0,1644000000.0,-1.0030506406345332,0.003050640634533252,10-Q,2014-05-08,22,review
MRK,OtherComprehensiveIncomeLossBeforeReclassificationsNetOfTax,"Other Comprehensive Income (Loss), before Reclassifications, Net of Tax",USD,2013-01-01,2013-12-31,2282000000.0,10000000.0,2272000000.0,227.2,228.2,10-K,2015-02-27,22,review
MRK,OtherComprehensiveIncomeLossBeforeReclassificationsNetOfTax,"Other Comprehensive Income (Loss), before Reclassifications, Net of Tax",USD,2014-01-01,2014-03-31,16000000.0,2282000000.0,-2266000000.0,-0.992988606485539,0.007011393514460999,10-Q,2015-05-07,22,review
MRK,OtherComprehensiveIncomeLossNetOfTax,"Other Comprehensive Income (Loss), Net of Tax",USD,2013-01-01,2013-12-31,2485000000.0,-16000000.0,2501000000.0,-156.3125,155.3125,10-K,2016-02-26,89,review
MRK,OtherComprehensiveIncomeLossNetOfTax,"Other Comprehensive Income (Loss), Net of Tax",USD,2014-01-01,2014-03-31,18000000.0,2485000000.0,-2467000000.0,-0.9927565392354125,0.007243460764587525,10-Q,2015-05-07,89,review
MRK,OtherComprehensiveIncomeLossNetOfTax,"Other Comprehensive Income (Loss), Net of Tax",USD,2020-01-01,2020-06-30,-200000000.0,-2000000.0,-198000000.0,99.0,100.0,10-Q,2021-08-09,89,review
MRK,OtherComprehensiveIncomeLossNetOfTax,"Other Comprehensive Income (Loss), Net of Tax",USD,2021-01-01,2021-06-30,1557000000.0,12000000.0,1545000000.0,128.75,129.75,10-Q,2022-08-05,89,review
MRK,OtherComprehensiveIncomeLossNetOfTaxPeriodIncreaseDecrease,"Other Comprehensive Income (Loss), Net of Tax (Deprecated 2012-01-31)",USD,2009-01-01,2009-06-30,4100000.0,-1728000000.0,1732100000.0,-1.002372685185185,0.002372685185185185,10-Q,2010-08-06,14,review
MRK,OtherComprehensiveIncomeLossNetOfTaxPortionAttributableToParent,"Other Comprehensive Income (Loss), Net of Tax, Portion Attributable to Parent",USD,2020-01-01,2020-06-30,-200000000.0,-2000000.0,-198000000.0,99.0,100.0,10-Q,2021-08-09,73,review
MRK,OtherComprehensiveIncomeLossNetOfTaxPortionAttributableToParent,"Other Comprehensive Income (Loss), Net of Tax, Portion Attributable to Parent",USD,2021-04-01,2021-06-30,1545000000.0,12000000.0,1533000000.0,127.75,128.75,10-Q,2022-08-05,73,review
MRK,OtherComprehensiveIncomeLossPensionAndOtherPostretirementBenefitPlansAdjustmentNetOfTax,"Other Comprehensive (Income) Loss, Defined Benefit Plan, after Reclassification Adjustment, after Tax",USD,2014-01-01,2014-03-31,1000000.0,-2758000000.0,2759000000.0,-1.0003625815808557,0.00036258158085569254,10-Q,2015-05-07,34,high_priority
MRK,OtherComprehensiveIncomeLossPensionAndOtherPostretirementBenefitPlansAdjustmentNetOfTax,"Other Comprehensive (Income) Loss, Defined Benefit Plan, after Reclassification Adjustment, after Tax",USD,2014-01-01,2014-06-30,332000000.0,1000000.0,331000000.0,331.0,332.0,10-Q,2015-08-06,34,review
MRK,OtherNonoperatingIncomeExpense,Other Nonoperating Income (Expense),USD,2015-01-01,2015-03-31,-55000000.0,11613000000.0,-11668000000.0,-1.0047360716438474,0.004736071643847413,10-Q,2016-05-09,111,review
MRK,PaymentsToAcquireInvestments,Payments to Acquire Investments,USD,2022-01-01,2022-09-30,710000000.0,1000000.0,709000000.0,709.0,710.0,10-Q,2023-11-03,17,review
MRK,PaymentsToAcquireMarketableSecurities,Payments to Acquire Marketable Securities,USD,2022-01-01,2022-03-31,372000000.0,1000000.0,371000000.0,371.0,372.0,10-Q,2023-05-05,54,review
MRK,ProceedsFromIssuanceOfLongTermDebt,Proceeds from Issuance of Long-term Debt,USD,2010-01-01,2010-06-30,5300000.0,4228000000.0,-4222700000.0,-0.9987464522232734,0.0012535477767265848,10-Q,2010-08-06,49,review
MRK,ProceedsFromIssuanceOfLongTermDebt,Proceeds from Issuance of Long-term Debt,USD,2010-01-01,2010-12-31,1999000000.0,5300000.0,1993700000.0,376.1698113207547,377.1698113207547,10-K,2013-02-28,49,review
MRK,ProceedsFromIssuanceOfLongTermDebt,Proceeds from Issuance of Long-term Debt,USD,2014-01-01,2014-12-31,3146000000.0,1000000.0,3145000000.0,3145.0,3146.0,10-K,2017-02-28,49,high_priority
MRK,ProceedsFromIssuanceOfLongTermDebt,Proceeds from Issuance of Long-term Debt,USD,2016-01-01,2016-12-31,1079000000.0,8000000.0,1071000000.0,133.875,134.875,10-K,2019-02-27,49,review
MRK,ProceedsFromPaymentsForOtherFinancingActivities,Proceeds from (Payments for) Other Financing Activities,USD,2008-01-01,2008-06-30,-2000000.0,277000000.0,-279000000.0,-1.0072202166064983,0.007220216606498195,10-Q,2009-07-24,74,review
MRK,ProceedsFromRepaymentsOfShortTermDebt,Proceeds from (Repayments of) Short-term Debt,USD,2016-01-01,2016-09-30,909000000.0,-9000000.0,918000000.0,-102.0,101.0,10-Q,2017-11-07,63,review
MRK,ProceedsFromRepaymentsOfShortTermDebt,Proceeds from (Repayments of) Short-term Debt,USD,2017-01-01,2017-06-30,-24000000.0,3784000000.0,-3808000000.0,-1.0063424947145878,0.006342494714587738,10-Q,2018-08-07,63,review
MRK,ProceedsFromRepaymentsOfShortTermDebt,Proceeds from (Repayments of) Short-term Debt,USD,2018-01-01,2018-06-30,2069000000.0,-1000000.0,2070000000.0,-2070.0,2069.0,10-Q,2019-08-06,63,high_priority
MRK,ProceedsFromRepaymentsOfShortTermDebtMaturingInThreeMonthsOrLess,"Proceeds from (Repayments of) Short-term Debt, Maturing in Three Months or Less",USD,2008-01-01,2008-12-31,1860000000.0,11400000.0,1848600000.0,162.1578947368421,163.1578947368421,10-K,2011-02-28,11,review
MRK,ProceedsFromSaleMaturityAndCollectionsOfInvestments,"Proceeds from Sale, Maturity and Collection of Investments",USD,2022-01-01,2022-03-31,1000000.0,1026000000.0,-1025000000.0,-0.9990253411306043,0.0009746588693957114,10-Q,2023-05-05,61,high_priority
MRK,ProceedsFromSaleMaturityAndCollectionsOfInvestments,"Proceeds from Sale, Maturity and Collection of Investments",USD,2022-01-01,2022-06-30,374000000.0,1000000.0,373000000.0,373.0,374.0,10-Q,2023-08-07,61,review
MRK,ProceedsFromStockOptionsExercised,Proceeds from Stock Options Exercised,USD,2008-01-01,2008-06-30,4000000.0,898600000.0,-894600000.0,-0.9955486312040953,0.00445136879590474,10-Q,2009-07-24,74,review
MRK,ProceedsFromStockOptionsExercised,Proceeds from Stock Options Exercised,USD,2009-01-01,2009-03-31,400000.0,102000000.0,-101600000.0,-0.996078431372549,0.00392156862745098,10-Q,2010-05-07,74,review
MRK,ReclassificationFromAccumulatedOtherComprehensiveIncomeCurrentPeriodNetOfTax,"Reclassification from Accumulated Other Comprehensive Income, Current Period, Net of Tax",USD,2014-01-01,2014-03-31,-2000000.0,-203000000.0,201000000.0,-0.9901477832512315,0.009852216748768473,10-Q,2015-05-07,22,review
MRK,ReclassificationFromAociCurrentPeriodBeforeTaxAttributableToParent,"Reclassification from AOCI, Current Period, before Tax, Attributable to Parent",USD,2020-01-01,2020-03-31,-1000000.0,176000000.0,-177000000.0,-1.0056818181818181,0.005681818181818182,10-Q,2021-05-05,50,review
MRK,ReclassificationFromAociCurrentPeriodNetOfTaxAttributableToParent,"Reclassification from AOCI, Current Period, Net of Tax, Attributable to Parent",USD,2014-07-01,2014-09-30,-2000000.0,-203000000.0,201000000.0,-0.9901477832512315,0.009852216748768473,10-Q,2015-11-05,50,review
MRK,ReclassificationFromAociCurrentPeriodNetOfTaxAttributableToParent,"Reclassification from AOCI, Current Period, Net of Tax, Attributable to Parent",USD,2018-01-01,2018-03-31,-120000000.0,1000000.0,-121000000.0,-121.0,120.0,10-Q,2019-05-08,50,review
MRK,RepaymentsOfLongTermDebt,Repayments of Long-term Debt,USD,2009-01-01,2009-03-31,7500000.0,1392000000.0,-1384500000.0,-0.9946120689655172,0.005387931034482759,10-Q,2010-05-07,74,review
MRK,RepaymentsOfLongTermDebt,Repayments of Long-term Debt,USD,2011-01-01,2011-03-31,4000000.0,1341000000.0,-1337000000.0,-0.9970171513795675,0.002982848620432513,10-Q,2011-05-09,74,review
MRK,RepaymentsOfLongTermDebt,Repayments of Long-term Debt,USD,2011-01-01,2011-06-30,1265000000.0,4000000.0,1261000000.0,315.25,316.25,10-Q,2012-08-07,74,review
MRK,RepaymentsOfLongTermDebt,Repayments of Long-term Debt,USD,2012-01-01,2012-03-31,2000000.0,1547000000.0,-1545000000.0,-0.9987071751777634,0.001292824822236587,10-Q,2013-05-09,74,review
MRK,RepaymentsOfLongTermDebt,Repayments of Long-term Debt,USD,2014-01-01,2014-03-31,3000000.0,1775000000.0,-1772000000.0,-0.9983098591549295,0.0016901408450704226,10-Q,2015-05-07,74,review
MRK,RepaymentsOfLongTermDebt,Repayments of Long-term Debt,USD,2014-01-01,2014-12-31,6617000000.0,7000000.0,6610000000.0,944.2857142857143,945.2857142857143,10-K,2017-02-28,74,review
MRK,RepaymentsOfLongTermDebt,Repayments of Long-term Debt,USD,2023-01-01,2023-03-31,1000000.0,2251000000.0,-2250000000.0,-0.9995557529986673,0.000444247001332741,10-Q,2024-05-03,74,high_priority
MRK,RepaymentsOfLongTermDebt,Repayments of Long-term Debt,USD,2023-01-01,2023-06-30,1751000000.0,1000000.0,1750000000.0,1750.0,1751.0,10-Q,2024-08-05,74,high_priority
MRK,RestrictedCash,Restricted Cash,USD,,2019-12-31,258000000.0,2000000.0,256000000.0,128.0,129.0,10-K,2023-02-24,7,review
MRK,RestrictedCashAndCashEquivalents,Restricted Cash and Cash Equivalents,USD,,2019-12-31,258000000.0,2000000.0,256000000.0,128.0,129.0,10-Q,2020-11-05,35,review
MRK,ShareBasedCompensationArrangementByShareBasedPaymentAwardEquityInstrumentsOtherThanOptionsGrantsInPeriod,"Share-based Compensation Arrangement by Share-based Payment Award, Equity Instruments Other than Options, Grants in Period",shares,2012-01-01,2012-03-31,33000.0,8000000.0,-7967000.0,-0.995875,0.004125,10-Q,2013-05-09,27,review
MRK,ShareBasedCompensationArrangementByShareBasedPaymentAwardEquityInstrumentsOtherThanOptionsGrantsInPeriod,"Share-based Compensation Arrangement by Share-based Payment Award, Equity Instruments Other than Options, Grants in Period",shares,2012-01-01,2012-06-30,7000000.0,33000.0,6967000.0,211.12121212121212,212.12121212121212,10-Q,2013-08-07,27,review
MRK,ShareBasedCompensationArrangementByShareBasedPaymentAwardEquityInstrumentsOtherThanOptionsGrantsInPeriod,"Share-based Compensation Arrangement by Share-based Payment Award, Equity Instruments Other than Options, Grants in Period",shares,2013-01-01,2013-03-31,32000.0,7000000.0,-6968000.0,-0.9954285714285714,0.004571428571428572,10-Q,2014-05-08,27,review
MRK,ShareBasedCompensationArrangementByShareBasedPaymentAwardEquityInstrumentsOtherThanOptionsGrantsInPeriod,"Share-based Compensation Arrangement by Share-based Payment Award, Equity Instruments Other than Options, Grants in Period",shares,2013-01-01,2013-06-30,6000000.0,32000.0,5968000.0,186.5,187.5,10-Q,2014-08-07,27,review
MRK,ShareBasedCompensationArrangementByShareBasedPaymentAwardEquityInstrumentsOtherThanOptionsGrantsInPeriod,"Share-based Compensation Arrangement by Share-based Payment Award, Equity Instruments Other than Options, Grants in Period",shares,2014-01-01,2014-03-31,49000.0,6000000.0,-5951000.0,-0.9918333333333333,0.008166666666666666,10-Q,2015-05-07,27,review
MRK,ShareBasedCompensationArrangementByShareBasedPaymentAwardEquityInstrumentsOtherThanOptionsGrantsInPeriod,"Share-based Compensation Arrangement by Share-based Payment Award, Equity Instruments Other than Options, Grants in Period",shares,2014-01-01,2014-06-30,5000000.0,49000.0,4951000.0,101.04081632653062,102.04081632653062,10-Q,2015-08-06,27,review
MRK,ShareBasedCompensationArrangementByShareBasedPaymentAwardOptionsGrantsInPeriod,"Share-based Compensation Arrangement by Share-based Payment Award, Options, Grants in Period, Net of Forfeitures",shares,2011-01-01,2011-03-31,25000.0,7508000.0,-7483000.0,-0.9966702184336708,0.0033297815663292487,10-Q,2012-05-08,43,review
MRK,ShareBasedCompensationArrangementByShareBasedPaymentAwardOptionsGrantsInPeriod,"Share-based Compensation Arrangement by Share-based Payment Award, Options, Grants in Period, Net of Forfeitures",shares,2011-01-01,2011-06-30,8000000.0,25000.0,7975000.0,319.0,320.0,10-Q,2012-08-07,43,review
MRK,ShareBasedCompensationArrangementByShareBasedPaymentAwardOptionsGrantsInPeriod,"Share-based Compensation Arrangement by Share-based Payment Award, Options, Grants in Period, Net of Forfeitures",shares,2012-01-01,2012-03-31,19000.0,8209000.0,-8190000.0,-0.997685467170179,0.0023145328298209283,10-Q,2013-05-09,43,review
MRK,ShareBasedCompensationArrangementByShareBasedPaymentAwardOptionsGrantsInPeriod,"Share-based Compensation Arrangement by Share-based Payment Award, Options, Grants in Period, Net of Forfeitures",shares,2012-01-01,2012-06-30,7000000.0,19000.0,6981000.0,367.42105263157896,368.42105263157896,10-Q,2013-08-07,43,review
MRK,ShareBasedCompensationArrangementByShareBasedPaymentAwardOptionsOutstandingIntrinsicValue,"Share-based Compensation Arrangement by Share-based Payment Award, Options, Outstanding, Intrinsic Value",USD,,2011-12-31,910000000.0,771.0,909999229.0,1180284.3437094681,1180285.3437094681,10-K,2012-02-28,16,high_priority
MRK,ShareBasedCompensationArrangementByShareBasedPaymentAwardOptionsOutstandingIntrinsicValue,"Share-based Compensation Arrangement by Share-based Payment Award, Options, Outstanding, Intrinsic Value",USD,,2012-12-31,762000.0,910000000.0,-909238000.0,-0.9991626373626373,0.0008373626373626374,10-K,2013-02-28,16,high_priority
MRK,ShareBasedCompensationArrangementByShareBasedPaymentAwardOptionsOutstandingIntrinsicValue,"Share-based Compensation Arrangement by Share-based Payment Award, Options, Outstanding, Intrinsic Value",USD,,2015-12-31,785000000.0,1358000.0,783642000.0,577.0559646539028,578.0559646539028,10-K,2016-02-26,16,review
MRK,SharebasedCompensationArrangementBySharebasedPaymentAwardOptionsExercisableIntrinsicValue1,"Share-based Compensation Arrangement by Share-based Payment Award, Options, Exercisable, Intrinsic Value",USD,,2012-12-31,700000.0,706000000.0,-705300000.0,-0.9990084985835694,0.000991501416430595,10-K,2013-02-28,15,high_priority
MRK,SharebasedCompensationArrangementBySharebasedPaymentAwardOptionsExercisableIntrinsicValue1,"Share-based Compensation Arrangement by Share-based Payment Award, Options, Exercisable, Intrinsic Value",USD,,2015-12-31,765000000.0,1257000.0,763743000.0,607.5918854415274,608.5918854415274,10-K,2016-02-26,15,review
MRK,ShortTermInvestments,Short-term Investments,USD,,2009-06-30,1411000000.0,5000000.0,1406000000.0,281.2,282.2,10-Q,2009-07-24,10,review
MRK,SignificantChangeInUnrecognizedTaxBenefitsIsReasonablyPossibleEstimatedRangeOfChangeUpperBound,"Significant (Increase) Decrease in Unrecognized Tax Benefits is Reasonably Possible, Estimated Range of Change, Upper Bound (Deprecated 2015-01-31)",USD,,2011-12-31,600000000000.0,1300000000.0,598700000000.0,460.53846153846155,461.53846153846155,10-K,2012-02-28,6,review
MRK,SignificantChangeInUnrecognizedTaxBenefitsIsReasonablyPossibleEstimatedRangeOfChangeUpperBound,"Significant (Increase) Decrease in Unrecognized Tax Benefits is Reasonably Possible, Estimated Range of Change, Upper Bound (Deprecated 2015-01-31)",USD,,2012-12-31,900000000.0,600000000000.0,-599100000000.0,-0.9985,0.0015,10-K,2013-02-28,6,review
MRK,UnrecognizedTaxBenefitsDecreasesResultingFromPriorPeriodTaxPositions,"Unrecognized Tax Benefits, Decrease Resulting from Prior Period Tax Positions",USD,2020-01-01,2020-12-31,4000000.0,454000000.0,-450000000.0,-0.9911894273127754,0.00881057268722467,10-K,2023-02-24,21,review
MRK,WeightedAverageNumberDilutedSharesOutstandingAdjustment,Weighted Average Number Diluted Shares Outstanding Adjustment,shares,2010-01-01,2010-12-31,25.0,24000000.0,-23999975.0,-0.9999989583333333,1.0416666666666667e-06,10-K,2013-02-28,105,high_priority
MRK,WeightedAverageNumberDilutedSharesOutstandingAdjustment,Weighted Average Number Diluted Shares Outstanding Adjustment,shares,2011-01-01,2011-03-31,20000000.0,25.0,19999975.0,799999.0,800000.0,10-Q,2012-05-08,105,high_priority
MRK,WeightedAverageNumberOfDilutedSharesOutstanding,"Weighted Average Number of Shares Outstanding, Diluted",shares,2010-01-01,2010-12-31,3120.0,3102000000.0,-3101996880.0,-0.9999989941972921,1.0058027079303676e-06,10-K,2013-02-28,105,high_priority
MRK,WeightedAverageNumberOfDilutedSharesOutstanding,"Weighted Average Number of Shares Outstanding, Diluted",shares,2011-01-01,2011-03-31,3104000000.0,3120.0,3103996880.0,994870.7948717949,994871.7948717949,10-Q,2012-05-08,105,high_priority
MRK,WeightedAverageNumberOfSharesOutstandingBasic,"Weighted Average Number of Shares Outstanding, Basic",shares,2010-01-01,2010-12-31,3095.0,3078000000.0,-3077996905.0,-0.9999989944769331,1.0055230669265757e-06,10-K,2013-02-28,105,high_priority
MRK,WeightedAverageNumberOfSharesOutstandingBasic,"Weighted Average Number of Shares Outstanding, Basic",shares,2011-01-01,2011-03-31,3084000000.0,3095.0,3083996905.0,996444.8804523424,996445.8804523424,10-Q,2012-05-08,105,high_priority
MS,AccumulatedOtherComprehensiveIncomeLossNetOfTax,"Accumulated Other Comprehensive Income (Loss), Net of Tax",USD,,2020-06-30,1000000.0,2095000000.0,-2094000000.0,-0.9995226730310263,0.00047732696897374703,10-Q,2020-08-04,66,high_priority
MS,AccumulatedOtherComprehensiveIncomeLossNetOfTax,"Accumulated Other Comprehensive Income (Loss), Net of Tax",USD,,2020-09-30,-537000000.0,1000000.0,-538000000.0,-538.0,537.0,10-Q,2020-11-03,66,review
MS,AvailableForSaleSecuritiesGrossRealizedGains,"Available-for-sale Securities, Gross Realized Gains",USD,2011-12-31,2012-03-31,1000000.0,145000000.0,-144000000.0,-0.993103448275862,0.006896551724137931,10-Q,2012-05-07,54,review
MS,CashAndCashEquivalentsPeriodIncreaseDecrease,"Cash and Cash Equivalents, Period Increase (Decrease)",USD,2008-12-01,2008-12-31,16000000.0,53056000000.0,-53040000000.0,-0.9996984318455971,0.00030156815440289503,10-K,2011-02-28,52,high_priority
MS,CashAndCashEquivalentsPeriodIncreaseDecrease,"Cash and Cash Equivalents, Period Increase (Decrease)",USD,2009-01-01,2009-03-31,-30129000000.0,16000000.0,-30145000000.0,-1884.0625,1883.0625,10-Q,2010-05-07,52,high_priority
MS,ComprehensiveIncomeNetOfTax,"Comprehensive Income (Loss), Net of Tax, Attributable to Parent",USD,2011-12-31,2012-03-31,3000000.0,4420000000.0,-4417000000.0,-0.9993212669683258,0.0006787330316742081,10-Q,2012-05-07,120,high_priority
MS,ComprehensiveIncomeNetOfTax,"Comprehensive Income (Loss), Net of Tax, Attributable to Parent",USD,2012-04-01,2012-06-30,431000000.0,3000000.0,428000000.0,142.66666666666666,143.66666666666666,10-Q,2013-08-02,120,review
MS,DeferredFederalIncomeTaxExpenseBenefit,Deferred Federal Income Tax Expense (Benefit),USD,2013-01-01,2013-12-31,-3000000.0,-748000000.0,745000000.0,-0.9959893048128342,0.004010695187165776,10-K,2016-02-23,19,review
MS,DeferredIncomeTaxExpenseBenefit,Deferred Income Tax Expense (Benefit),USD,2022-01-01,2022-12-31,-849000000.0,4000000.0,-853000000.0,-213.25,212.25,10-K,2025-02-21,20,review
MS,DeferredIncomeTaxesAndTaxCredits,Deferred Income Taxes and Tax Credits,USD,2022-01-01,2022-12-31,-849000000.0,4000000.0,-853000000.0,-213.25,212.25,10-K,2025-02-21,21,review
MS,DerivativeCollateralRightToReclaimCash,"Derivative, Collateral, Right to Reclaim Cash",USD,,2015-09-30,2000000.0,228000000.0,-226000000.0,-0.9912280701754386,0.008771929824561403,10-Q,2015-11-03,38,review
MS,DerivativeFairValueOfDerivativeAssetAmountNotOffsetAgainstCollateral,"Derivative Asset, Fair Value, Amount Not Offset Against Collateral",USD,,2010-12-31,51292000000.0,400000000.0,50892000000.0,127.23,128.23,10-K,2012-02-27,21,review
MS,DerivativeFairValueOfDerivativeAssetAmountNotOffsetAgainstCollateral,"Derivative Asset, Fair Value, Amount Not Offset Against Collateral",USD,,2011-03-31,419000000.0,51292000000.0,-50873000000.0,-0.9918310847695547,0.008168915230445294,10-Q,2011-05-09,21,review
MS,DerivativeFairValueOfDerivativeAssetAmountNotOffsetAgainstCollateral,"Derivative Asset, Fair Value, Amount Not Offset Against Collateral",USD,,2011-12-31,48064000000.0,212000000.0,47852000000.0,225.71698113207546,226.71698113207546,10-K,2013-02-26,21,review
MS,DerivativeFairValueOfDerivativeAssetAmountNotOffsetAgainstCollateral,"Derivative Asset, Fair Value, Amount Not Offset Against Collateral",USD,,2012-12-31,232000000.0,34568000000.0,-34336000000.0,-0.9932885906040269,0.006711409395973154,10-K,2014-02-25,21,review
MS,DerivativeFairValueOfDerivativeAssetAmountNotOffsetAgainstCollateral,"Derivative Asset, Fair Value, Amount Not Offset Against Collateral",USD,,2013-12-31,703018000000.0,79000000.0,702939000000.0,8897.962025316456,8898.962025316456,10-K,2015-03-02,21,high_priority
MS,DerivativeFairValueOfDerivativeLiabilityAmountNotOffsetAgainstCollateral,"Derivative Liability, Fair Value, Amount Not Offset Against Collateral",USD,,2010-12-31,47802000000.0,171000000.0,47631000000.0,278.5438596491228,279.5438596491228,10-K,2012-02-27,21,review
MS,DerivativeFairValueOfDerivativeLiabilityAmountNotOffsetAgainstCollateral,"Derivative Liability, Fair Value, Amount Not Offset Against Collateral",USD,,2011-03-31,105000000.0,47802000000.0,-47697000000.0,-0.9978034391866449,0.0021965608133550896,10-Q,2011-05-09,21,review
MS,DerivativeFairValueOfDerivativeLiabilityAmountNotOffsetAgainstCollateral,"Derivative Liability, Fair Value, Amount Not Offset Against Collateral",USD,,2011-12-31,46453000000.0,19000000.0,46434000000.0,2443.8947368421054,2444.8947368421054,10-K,2013-02-26,21,high_priority
MS,DerivativeFairValueOfDerivativeLiabilityAmountNotOffsetAgainstCollateral,"Derivative Liability, Fair Value, Amount Not Offset Against Collateral",USD,,2012-12-31,87000000.0,35033000000.0,-34946000000.0,-0.9975166271800874,0.0024833728199126536,10-K,2014-02-25,21,review
MS,DerivativeFairValueOfDerivativeLiabilityAmountNotOffsetAgainstCollateral,"Derivative Liability, Fair Value, Amount Not Offset Against Collateral",USD,,2013-12-31,685871000000.0,200000000.0,685671000000.0,3428.355,3429.355,10-K,2015-03-02,21,high_priority
MS,DiscontinuedOperationGainLossFromDisposalOfDiscontinuedOperationBeforeIncomeTax,"Discontinued Operation, Gain (Loss) from Disposal of Discontinued Operation, before Income Tax",USD,2010-12-29,2011-06-30,6000000.0,606000000.0,-600000000.0,-0.9900990099009901,0.009900990099009901,10-Q,2011-08-08,29,review
MS,DiscontinuedOperationTaxEffectOfDiscontinuedOperation,"Discontinued Operation, Tax Effect of Discontinued Operation",USD,2008-10-01,2008-12-31,2000000.0,464000000.0,-462000000.0,-0.9956896551724138,0.004310344827586207,10-K,2011-02-28,70,review
MS,FinancialInstrumentsOwnedAndPledgedAsCollateralAtFairValue,"Financial Instruments, Owned and Pledged as Collateral, at Fair Value",USD,,2010-03-31,128000000.0,101000000000.0,-100872000000.0,-0.9987326732673267,0.0012673267326732674,10-Q,2010-05-07,35,review
MS,FinancialInstrumentsOwnedAndPledgedAsCollateralAtFairValue,"Financial Instruments, Owned and Pledged as Collateral, at Fair Value",USD,,2010-06-30,124000000000.0,128000000.0,123872000000.0,967.75,968.75,10-Q,2010-08-09,35,review
MS,GoodwillAcquiredDuringPeriod,"Goodwill, Acquired During Period",USD,2014-01-01,2014-12-31,7000000.0,5346000000.0,-5339000000.0,-0.9986906098017209,0.001309390198279087,10-K,2016-02-23,9,review
MS,HeldToMaturitySecuritiesAccumulatedUnrecognizedHoldingLoss,"Debt Securities, Held-to-maturity, Accumulated Unrecognized Loss",USD,,2021-03-31,1353000000.0,10000000.0,1343000000.0,134.3,135.3,10-Q,2021-05-03,39,review
MS,IncomeLossFromContinuingOperationsIncludingPortionAttributableToNoncontrollingInterest,"Income (Loss) from Continuing Operations, Net of Tax, Including Portion Attributable to Noncontrolling Interest",USD,2009-01-01,2009-03-31,1000000.0,-1269000000.0,1270000000.0,-1.0007880220646177,0.0007880220646178094,10-K,2011-02-28,93,high_priority
MS,IncomeLossFromContinuingOperationsIncludingPortionAttributableToNoncontrollingInterest,"Income (Loss) from Continuing Operations, Net of Tax, Including Portion Attributable to Noncontrolling Interest",USD,2009-01-01,2009-06-30,-300000000.0,1000000.0,-301000000.0,-301.0,300.0,10-Q,2010-08-09,93,review
MS,IncomeLossFromDiscontinuedOperationsNetOfTaxAttributableToReportingEntity,"Income (Loss) from Discontinued Operations, Net of Tax, Attributable to Parent",USD,2011-01-01,2011-03-31,2000000.0,234000000.0,-232000000.0,-0.9914529914529915,0.008547008547008548,10-Q,2011-05-09,50,review
MS,IncomeTaxExpenseBenefit,Income Tax Expense (Benefit),USD,2007-12-01,2008-11-30,16000000.0,2974000000.0,-2958000000.0,-0.9946200403496974,0.005379959650302623,10-K,2011-02-28,133,review
MS,IncomeTaxesPaidNet,"Income Taxes Paid, Net",USD,2013-01-01,2013-12-31,930000000.0,2000000.0,928000000.0,464.0,465.0,10-K,2016-02-23,49,review
MS,IncreaseDecreaseInPayablesUnderRepurchaseAgreements,Increase (Decrease) in Payables under Repurchase Agreements,USD,2009-01-01,2009-09-30,55131000000.0,-278000000.0,55409000000.0,-199.31294964028777,198.31294964028777,10-Q,2009-11-09,81,review
MS,IncreaseDecreaseInPayablesUnderRepurchaseAgreements,Increase (Decrease) in Payables under Repurchase Agreements,USD,2023-01-01,2023-12-31,117000000.0,14127000000.0,-14010000000.0,-0.9917179868337227,0.008282013166277342,10-K,2026-02-19,81,review
MS,IncreaseDecreaseInPayablesUnderRepurchaseAgreements,Increase (Decrease) in Payables under Repurchase Agreements,USD,2024-01-01,2024-03-31,19753000000.0,117000000.0,19636000000.0,167.82905982905982,168.82905982905982,10-Q,2025-05-05,81,review
MS,IncreaseDecreaseInReceivables,Increase (Decrease) in Receivables,USD,2019-01-01,2019-09-30,5135000000.0,-48000000.0,5183000000.0,-107.97916666666667,106.97916666666667,10-Q,2020-11-03,81,review
MS,IncreaseDecreaseInReceivables,Increase (Decrease) in Receivables,USD,2020-01-01,2020-03-31,23619000000.0,-233000000.0,23852000000.0,-102.36909871244636,101.36909871244636,10-Q,2021-05-03,81,review
MS,IncreaseDecreaseInSecuritiesBorrowed,Increase (Decrease) in Securities Borrowed,USD,2020-01-01,2020-06-30,285000000.0,-34249000000.0,34534000000.0,-1.0083214108441123,0.008321410844112236,10-Q,2021-08-02,81,review
MS,IncreaseDecreaseInSecuritiesLoanedTransactions,Increase (Decrease) in Securities Loaned Transactions,USD,2008-12-01,2008-12-31,-241000000.0,-95602000000.0,95361000000.0,-0.9974791322357273,0.002520867764272714,10-K,2011-02-28,81,review
MS,InterestExpenseOther,"Interest Expense, Other",USD,2008-12-01,2008-12-31,120000000.0,27067000000.0,-26947000000.0,-0.9955665570621052,0.004433442937894854,10-K,2011-02-28,18,review
MS,InterestIncomeExpenseNet,"Interest Income (Expense), Net",USD,2010-12-30,2011-03-31,6000000.0,898000000.0,-892000000.0,-0.9933184855233853,0.0066815144766146995,10-Q,2012-05-07,132,review
MS,MinorityInterestPeriodIncreaseDecrease,"Noncontrolling Interest, Period Increase (Decrease)",USD,2007-12-01,2008-11-30,-813000000.0,-6000000.0,-807000000.0,134.5,135.5,10-K,2011-02-28,20,review
MS,NetCashProvidedByUsedInInvestingActivities,Net Cash Provided by (Used in) Investing Activities,USD,2022-01-01,2022-03-31,158000000.0,-49897000000.0,50055000000.0,-1.0031665230374571,0.0031665230374571616,10-Q,2023-05-02,71,review
MS,NetCashProvidedByUsedInOperatingActivities,Net Cash Provided by (Used in) Operating Activities,USD,2017-01-01,2017-06-30,-14159000000.0,90000000.0,-14249000000.0,-158.32222222222222,157.32222222222222,10-Q,2018-08-03,69,review
MS,NetCashProvidedByUsedInOperatingActivities,Net Cash Provided by (Used in) Operating Activities,USD,2018-01-01,2018-06-30,-81000000.0,12648000000.0,-12729000000.0,-1.006404174573055,0.006404174573055028,10-Q,2019-08-05,69,review
MS,NetCashProvidedByUsedInOperatingActivities,Net Cash Provided by (Used in) Operating Activities,USD,2018-01-01,2018-09-30,14484000000.0,-81000000.0,14565000000.0,-179.8148148148148,178.8148148148148,10-Q,2019-11-05,69,review
MS,NetCashProvidedByUsedInOperatingActivities,Net Cash Provided by (Used in) Operating Activities,USD,2020-01-01,2020-12-31,-25231000000.0,159000000.0,-25390000000.0,-159.68553459119497,158.68553459119497,10-K,2023-02-24,69,review
MS,NetCashProvidedByUsedInOperatingActivities,Net Cash Provided by (Used in) Operating Activities,USD,2022-01-01,2022-03-31,239000000.0,33971000000.0,-33732000000.0,-0.9929645874422302,0.007035412557769863,10-Q,2023-05-02,69,review
MS,OtherComprehensiveIncomeForeignCurrencyTransactionAndTranslationAdjustmentNetOfTaxPortionAttributableToParent,"Other Comprehensive Income (Loss), Foreign Currency Transaction and Translation Adjustment, Net of Tax, Portion Attributable to Parent",USD,2012-01-01,2012-03-31,2000000.0,251000000.0,-249000000.0,-0.9920318725099602,0.00796812749003984,10-Q,2013-05-07,19,review
MS,OtherComprehensiveIncomeForeignCurrencyTransactionAndTranslationAdjustmentNetOfTaxPortionAttributableToParent,"Other Comprehensive Income (Loss), Foreign Currency Transaction and Translation Adjustment, Net of Tax, Portion Attributable to Parent",USD,2013-01-01,2013-03-31,1000000.0,-260000000.0,261000000.0,-1.0038461538461538,0.0038461538461538464,10-Q,2013-05-07,19,review
MS,OtherComprehensiveIncomeLossAvailableForSaleSecuritiesAdjustmentNetOfTax,"OCI, Debt Securities, Available-for-Sale, Gain (Loss), after Adjustment and Tax",USD,2021-04-01,2021-06-30,-7000000.0,-783000000.0,776000000.0,-0.9910600255427842,0.008939974457215836,10-Q,2022-08-05,70,review
MS,OtherComprehensiveIncomeLossForeignCurrencyTransactionAndTranslationAdjustmentNetOfTax,"Other Comprehensive Income (Loss), Foreign Currency Transaction and Translation Adjustment, Net of Tax",USD,2020-01-01,2020-09-30,-1000000.0,110000000.0,-111000000.0,-1.009090909090909,0.00909090909090909,10-Q,2021-11-03,88,review
MS,OtherComprehensiveIncomeLossForeignCurrencyTransactionAndTranslationAdjustmentNetOfTax,"Other Comprehensive Income (Loss), Foreign Currency Transaction and Translation Adjustment, Net of Tax",USD,2020-01-01,2020-12-31,170000000.0,-1000000.0,171000000.0,-171.0,170.0,10-K,2023-02-24,88,review
MS,OtherComprehensiveIncomeLossPensionAndOtherPostretirementBenefitPlansAdjustmentBeforeReclassificationAdjustmentsAndTax,"Other Comprehensive (Income) Loss, Defined Benefit Plan, before Reclassification Adjustment and Tax",USD,2016-01-01,2016-03-31,1000000.0,-202000000.0,203000000.0,-1.004950495049505,0.0049504950495049506,10-Q,2017-05-04,21,review
MS,OtherComprehensiveIncomeLossPensionAndOtherPostretirementBenefitPlansAdjustmentBeforeReclassificationAdjustmentsNetOfTax,"Other Comprehensive (Income) Loss, Defined Benefit Plan, before Reclassification Adjustment, after Tax",USD,2019-01-01,2019-03-31,1000000.0,-119000000.0,120000000.0,-1.0084033613445378,0.008403361344537815,10-Q,2019-05-03,21,review
MS,OtherComprehensiveIncomeLossPensionAndOtherPostretirementBenefitPlansAdjustmentNetOfTax,"Other Comprehensive (Income) Loss, Defined Benefit Plan, after Reclassification Adjustment, after Tax",USD,2013-01-01,2013-03-31,-1000000.0,260000000.0,-261000000.0,-1.0038461538461538,0.0038461538461538464,10-Q,2014-05-06,82,review
MS,OtherComprehensiveIncomeLossPensionAndOtherPostretirementBenefitPlansAdjustmentNetOfTax,"Other Comprehensive (Income) Loss, Defined Benefit Plan, after Reclassification Adjustment, after Tax",USD,2016-01-01,2016-03-31,-1000000.0,-138000000.0,137000000.0,-0.9927536231884058,0.007246376811594203,10-Q,2017-05-04,82,review
MS,OtherComprehensiveIncomeLossPensionAndOtherPostretirementBenefitPlansAdjustmentNetOfTax,"Other Comprehensive (Income) Loss, Defined Benefit Plan, after Reclassification Adjustment, after Tax",USD,2016-01-01,2016-12-31,100000000.0,1000000.0,99000000.0,99.0,100.0,10-K,2019-02-26,82,review
MS,OtherComprehensiveIncomeLossPensionAndOtherPostretirementBenefitPlansAdjustmentNetOfTax,"Other Comprehensive (Income) Loss, Defined Benefit Plan, after Reclassification Adjustment, after Tax",USD,2019-01-01,2019-03-31,-1000000.0,-137000000.0,136000000.0,-0.9927007299270073,0.0072992700729927005,10-Q,2020-05-05,82,review
MS,OtherComprehensiveIncomeMinimumPensionLiabilityNetAdjustmentNetOfTax,"Other Comprehensive Income (Loss), Minimum Pension Liability Net Adjustment, Net of Tax (Deprecated 2012-01-31)",USD,2011-01-01,2011-12-31,-251000000.0,-1000000.0,-250000000.0,250.0,251.0,10-K,2013-02-26,25,review
MS,OtherComprehensiveIncomeMinimumPensionLiabilityNetAdjustmentNetOfTax,"Other Comprehensive Income (Loss), Minimum Pension Liability Net Adjustment, Net of Tax (Deprecated 2012-01-31)",USD,2011-12-31,2012-03-31,-2000000.0,-251000000.0,249000000.0,-0.9920318725099602,0.00796812749003984,10-Q,2012-05-07,25,review
MS,OtherComprehensiveIncomeMinimumPensionLiabilityNetAdjustmentTax,"Other Comprehensive Income (Loss), Minimum Pension Liability Net Adjustment, Tax (Deprecated 2012-01-31)",USD,2011-01-01,2011-12-31,153000000.0,1000000.0,152000000.0,152.0,153.0,10-K,2013-02-26,21,review
MS,OtherInterestAndDividendIncome,Other Interest and Dividend Income,USD,2008-12-01,2008-12-31,280000000.0,28930000000.0,-28650000000.0,-0.9903214656066367,0.00967853439336329,10-K,2011-02-28,59,review
MS,OtherNoninterestExpense,Other Noninterest Expense,USD,2008-12-01,2008-12-31,23000000.0,2612000000.0,-2589000000.0,-0.9911944869831547,0.00880551301684533,10-K,2011-02-28,120,review
MS,PaymentsForProceedsFromProductiveAssets,Payments for (Proceeds from) Productive Assets,USD,2014-01-01,2014-03-31,-2000000.0,1316000000.0,-1318000000.0,-1.0015197568389058,0.001519756838905775,10-Q,2015-05-04,81,review
MS,PaymentsForProceedsFromProductiveAssets,Payments for (Proceeds from) Productive Assets,USD,2014-01-01,2014-06-30,413000000.0,-2000000.0,415000000.0,-207.5,206.5,10-Q,2015-08-04,81,review
MS,PaymentsForRepurchaseOfCommonStock,Payments for Repurchase of Common Stock,USD,2008-12-01,2008-12-31,3000000.0,1117000000.0,-1114000000.0,-0.9973142345568488,0.0026857654431512983,10-K,2011-02-28,31,review
MS,PaymentsOfDividendsMinorityInterest,"Payments of Ordinary Dividends, Noncontrolling Interest",USD,2011-12-31,2012-03-31,7000000.0,791000000.0,-784000000.0,-0.9911504424778761,0.008849557522123894,10-Q,2012-05-07,36,review
MS,ProceedsFromIssuanceOfCommonStock,Proceeds from Issuance of Common Stock,USD,2009-01-01,2009-12-31,6255000000.0,41000000.0,6214000000.0,151.5609756097561,152.5609756097561,10-K,2012-02-27,21,review
MS,ProceedsFromIssuanceOfCommonStock,Proceeds from Issuance of Common Stock,USD,2010-01-01,2010-03-31,1000000.0,6255000000.0,-6254000000.0,-0.9998401278976818,0.0001598721023181455,10-Q,2011-05-09,21,high_priority
MS,ProceedsFromIssuanceOfCommonStock,Proceeds from Issuance of Common Stock,USD,2009-12-30,2010-09-30,5581000000.0,2000000.0,5579000000.0,2789.5,2790.5,10-Q,2010-11-08,21,high_priority
MS,ProvisionForLoanAndLeaseLosses,Provision for Loan and Lease Losses,USD,2012-01-01,2012-12-31,155000000.0,1000000.0,154000000.0,154.0,155.0,10-K,2015-03-02,39,review
MS,ProvisionForLoanLeaseAndOtherLosses,"Provision for Loan, Lease, and Other Losses",USD,2016-07-01,2016-09-30,1000000.0,131000000.0,-130000000.0,-0.9923664122137404,0.007633587786259542,10-Q,2017-11-03,44,review
MS,ProvisionForLoanLeaseAndOtherLosses,"Provision for Loan, Lease, and Other Losses",USD,2016-01-01,2016-09-30,129000000.0,1000000.0,128000000.0,128.0,129.0,10-Q,2017-11-03,44,review
MS,ShareBasedCompensationArrangementByShareBasedPaymentAwardOptionsExercisesInPeriodTotalIntrinsicValue,"Share-based Compensation Arrangement by Share-based Payment Award, Options, Exercises in Period, Intrinsic Value",USD,2014-01-01,2014-12-31,2000000.0,211000000.0,-209000000.0,-0.990521327014218,0.009478672985781991,10-K,2017-02-27,4,review
MS,StockIssuedDuringPeriodValueNewIssues,"Stock Issued During Period, Value, New Issues",USD,2009-01-01,2009-06-30,41000000.0,9000000000.0,-8959000000.0,-0.9954444444444445,0.004555555555555556,10-Q,2009-08-07,7,review
MS,StockIssuedDuringPeriodValueNewIssues,"Stock Issued During Period, Value, New Issues",USD,2009-01-01,2009-12-31,6212000000.0,41000000.0,6171000000.0,150.5121951219512,151.5121951219512,10-K,2012-02-27,7,review
MS,StockRepurchasedDuringPeriodValue,"Stock Repurchased During Period, Value",USD,2008-12-01,2008-12-31,3000000.0,1828000000.0,-1825000000.0,-0.9983588621444202,0.0016411378555798686,10-K,2011-02-28,83,review
MS,StockRepurchasedDuringPeriodValue,"Stock Repurchased During Period, Value",USD,2016-07-01,2016-09-30,2000000.0,2500000000.0,-2498000000.0,-0.9992,0.0008,10-K,2018-02-27,83,high_priority
MS,StockRepurchasedDuringPeriodValue,"Stock Repurchased During Period, Value",USD,2016-01-01,2016-12-31,3500000000.0,2000000.0,3498000000.0,1749.0,1750.0,10-K,2018-02-27,83,high_priority
MS,StockholdersEquityOther,"Stockholders' Equity, Other",USD,2011-01-01,2011-12-31,772000000.0,-5000000.0,777000000.0,-155.4,154.4,10-K,2014-02-25,33,review
MS,StockholdersEquityOther,"Stockholders' Equity, Other",USD,2013-01-01,2013-03-31,6000000.0,-927000000.0,933000000.0,-1.006472491909385,0.006472491909385114,10-Q,2014-05-06,33,review
MS,TimeDepositMaturitiesYearThree,"Time Deposit Maturities, Year Three",USD,,2018-03-31,747000000.0,6000000.0,741000000.0,123.5,124.5,10-Q,2018-05-04,42,review
MS,UnrealizedGainLossOnSecurities,Unrealized Gain (Loss) on Securities,USD,2011-12-31,2012-03-31,1000000.0,143000000.0,-142000000.0,-0.993006993006993,0.006993006993006993,10-Q,2012-05-07,35,review
MSFT,CashAndCashEquivalentsPeriodIncreaseDecrease,"Cash and Cash Equivalents, Period Increase (Decrease)",USD,2016-01-01,2016-03-31,-15000000.0,1575000000.0,-1590000000.0,-1.0095238095238095,0.009523809523809525,10-Q,2017-04-27,67,review
MSFT,DeferredFederalIncomeTaxExpenseBenefit,Deferred Federal Income Tax Expense (Benefit),USD,2021-07-01,2022-06-30,-4815000000.0,25000000.0,-4840000000.0,-193.6,192.6,10-K,2024-07-30,11,review
MSFT,DeferredIncomeTaxExpenseBenefit,Deferred Income Tax Expense (Benefit),USD,2011-07-01,2011-09-30,402000000.0,2000000.0,400000000.0,200.0,201.0,10-Q,2012-10-18,107,review
MSFT,DeferredIncomeTaxExpenseBenefit,Deferred Income Tax Expense (Benefit),USD,2016-10-01,2016-12-31,5000000.0,540000000.0,-535000000.0,-0.9907407407407407,0.009259259259259259,10-Q,2018-01-31,107,review
MSFT,DeferredIncomeTaxExpenseBenefit,Deferred Income Tax Expense (Benefit),USD,2016-07-01,2016-12-31,545000000.0,5000000.0,540000000.0,108.0,109.0,10-Q,2018-01-31,107,review
MSFT,DeferredIncomeTaxesAndTaxCredits,Deferred Income Taxes and Tax Credits,USD,2010-07-01,2011-06-30,2000000.0,-220000000.0,222000000.0,-1.009090909090909,0.00909090909090909,10-K,2013-07-30,13,review
MSFT,DeferredIncomeTaxesAndTaxCredits,Deferred Income Taxes and Tax Credits,USD,2011-07-01,2012-06-30,954000000.0,2000000.0,952000000.0,476.0,477.0,10-K,2013-07-30,13,review
MSFT,DeferredIncomeTaxesAndTaxCredits,Deferred Income Taxes and Tax Credits,USD,2023-07-01,2024-06-30,-4738000000.0,-19000000.0,-4719000000.0,248.3684210526316,249.3684210526316,10-K,2026-07-29,13,review
MSFT,DeferredStateAndLocalIncomeTaxExpenseBenefit,Deferred State and Local Income Tax Expense (Benefit),USD,2019-07-01,2020-06-30,-6000000.0,-1010000000.0,1004000000.0,-0.994059405940594,0.005940594059405941,10-K,2022-07-28,11,review
MSFT,DerivativeInstrumentsNotDesignatedAsHedgingInstrumentsGainLossNet,"Derivative Instruments Not Designated as Hedging Instruments, Gain (Loss), Net",USD,2015-07-01,2015-09-30,3000000.0,-703000000.0,706000000.0,-1.004267425320057,0.004267425320056899,10-Q,2016-10-20,61,review
MSFT,ForeignCurrencyCashFlowHedgeGainLossToBeReclassifiedDuringNext12Months,Foreign Currency Cash Flow Hedge Gain (Loss) to be Reclassified During Next 12 Months,USD,,2010-09-30,-3000000.0,496000000.0,-499000000.0,-1.0060483870967742,0.006048387096774193,10-Q,2010-10-28,36,review
MSFT,GainLossOnDerivativeInstrumentsNetPretax,"Gain (Loss) on Derivative Instruments, Net, Pretax",USD,2009-07-01,2009-09-30,-4000000.0,-558000000.0,554000000.0,-0.992831541218638,0.007168458781362007,10-Q,2010-10-28,101,review
MSFT,GainLossOnInvestments,Gain (Loss) on Investments,USD,2011-07-01,2011-09-30,3000000.0,439000000.0,-436000000.0,-0.9931662870159453,0.00683371298405467,10-Q,2012-10-18,104,review
MSFT,GainLossOnInvestments,Gain (Loss) on Investments,USD,2011-07-01,2011-12-31,318000000.0,3000000.0,315000000.0,105.0,106.0,10-Q,2013-01-24,104,review
MSFT,GainLossOnInvestments,Gain (Loss) on Investments,USD,2015-07-01,2015-09-30,2000000.0,716000000.0,-714000000.0,-0.9972067039106145,0.002793296089385475,10-Q,2016-10-20,104,review
MSFT,GoodwillAcquiredDuringPeriod,"Goodwill, Acquired During Period",USD,2011-07-01,2012-03-31,7176000000.0,7000000.0,7169000000.0,1024.142857142857,1025.142857142857,10-Q,2012-04-19,72,high_priority
MSFT,GoodwillAcquiredDuringPeriod,"Goodwill, Acquired During Period",USD,2016-07-01,2016-12-31,16830000000.0,16000000.0,16814000000.0,1050.875,1051.875,10-Q,2017-01-26,72,high_priority
MSFT,GoodwillAcquiredDuringPeriod,"Goodwill, Acquired During Period",USD,2017-07-01,2017-09-30,125000000.0,17236000000.0,-17111000000.0,-0.9927477372940358,0.007252262705964261,10-Q,2017-10-26,72,review
MSFT,GoodwillAcquiredDuringPeriod,"Goodwill, Acquired During Period",USD,2022-07-01,2022-09-30,19000000.0,18126000000.0,-18107000000.0,-0.9989517819706499,0.0010482180293501049,10-Q,2022-10-25,72,review
MSFT,GoodwillOtherChanges,"Goodwill, Other Changes (Deprecated 2016-01-31)",USD,2011-07-01,2012-06-30,6327000000.0,59000000.0,6268000000.0,106.23728813559322,107.23728813559322,10-K,2013-07-30,23,review
MSFT,GoodwillOtherChanges,"Goodwill, Other Changes (Deprecated 2016-01-31)",USD,2012-07-01,2012-09-30,-41000000.0,6327000000.0,-6368000000.0,-1.0064801643749013,0.006480164374901217,10-Q,2012-10-18,23,review
MSFT,GoodwillOtherIncreaseDecrease,"Goodwill, Other Increase (Decrease)",USD,2019-07-01,2019-12-31,1000000.0,-129000000.0,130000000.0,-1.0077519379844961,0.007751937984496124,10-Q,2020-01-29,42,review
MSFT,GoodwillOtherIncreaseDecrease,"Goodwill, Other Increase (Decrease)",USD,2019-07-01,2020-03-31,-262000000.0,1000000.0,-263000000.0,-263.0,262.0,10-Q,2020-04-29,42,review
MSFT,IncomeTaxExpenseBenefit,Income Tax Expense (Benefit),USD,2021-07-01,2021-09-30,19000000.0,9831000000.0,-9812000000.0,-0.9980673380124098,0.0019326619875902756,10-Q,2022-10-25,109,review
MSFT,IncomeTaxExpenseBenefit,Income Tax Expense (Benefit),USD,2021-07-01,2021-12-31,3769000000.0,19000000.0,3750000000.0,197.3684210526316,198.3684210526316,10-Q,2023-01-24,109,review
MSFT,IncreaseDecreaseInAccountsPayable,Increase (Decrease) in Accounts Payable,USD,2019-07-01,2020-06-30,3018000000.0,-8000000.0,3026000000.0,-378.25,377.25,10-K,2022-07-28,103,review
MSFT,IncreaseDecreaseInCashCollateralForLoanedSecurities,Increase (Decrease) in Cash Collateral for Loaned Securities,USD,2012-01-01,2012-03-31,361000000.0,3000000.0,358000000.0,119.33333333333333,120.33333333333333,10-Q,2012-04-19,22,review
MSFT,IncreaseDecreaseInCollateralHeldUnderSecuritiesLending,Increase (Decrease) in Collateral Held under Securities Lending,USD,2011-07-01,2012-03-31,-3000000.0,358000000.0,-361000000.0,-1.0083798882681565,0.008379888268156424,10-Q,2013-04-18,50,review
MSFT,IncreaseDecreaseInCollateralHeldUnderSecuritiesLending,Increase (Decrease) in Collateral Held under Securities Lending,USD,2012-01-01,2012-03-31,-361000000.0,-3000000.0,-358000000.0,119.33333333333333,120.33333333333333,10-Q,2013-04-18,50,review
MSFT,IncreaseDecreaseInContractWithCustomerLiability,"Increase (Decrease) in Contract with Customer, Liability",USD,2019-01-01,2019-03-31,20000000.0,-2122000000.0,2142000000.0,-1.0094250706880301,0.00942507068803016,10-Q,2020-04-29,56,review
MSFT,IncreaseDecreaseInContractWithCustomerLiability,"Increase (Decrease) in Contract with Customer, Liability",USD,2018-07-01,2019-03-31,-4543000000.0,20000000.0,-4563000000.0,-228.15,227.15,10-Q,2020-04-29,56,review
MSFT,IncreaseDecreaseInDeferredRevenue,Increase (Decrease) in Deferred Revenue,USD,2016-07-01,2017-06-30,67711000000.0,-45000000.0,67756000000.0,-1505.6888888888889,1504.6888888888889,10-K,2017-08-02,49,high_priority
MSFT,IncreaseDecreaseInOtherCurrentAssets,Increase (Decrease) in Other Current Assets,USD,2018-07-01,2019-06-30,1718000000.0,14000000.0,1704000000.0,121.71428571428571,122.71428571428571,10-K,2021-07-29,98,review
MSFT,IncreaseDecreaseInOtherCurrentLiabilities,Increase (Decrease) in Other Current Liabilities,USD,2013-07-01,2014-03-31,3000000.0,870000000.0,-867000000.0,-0.996551724137931,0.0034482758620689655,10-Q,2015-04-23,98,review
MSFT,IncreaseDecreaseInOtherCurrentLiabilities,Increase (Decrease) in Other Current Liabilities,USD,2013-07-01,2014-06-30,1075000000.0,3000000.0,1072000000.0,357.3333333333333,358.3333333333333,10-K,2016-07-28,98,review
MSFT,IncreaseDecreaseInOtherNoncurrentLiabilities,Increase (Decrease) in Other Noncurrent Liabilities,USD,2016-07-01,2017-03-31,1000000.0,283000000.0,-282000000.0,-0.9964664310954063,0.0035335689045936395,10-Q,2018-04-26,98,review
MSFT,IncreaseDecreaseInOtherNoncurrentLiabilities,Increase (Decrease) in Other Noncurrent Liabilities,USD,2016-07-01,2017-06-30,-118000000.0,1000000.0,-119000000.0,-119.0,118.0,10-K,2019-08-01,98,review
MSFT,NetCashProvidedByUsedInInvestingActivities,Net Cash Provided by (Used in) Investing Activities,USD,2020-01-01,2020-03-31,51000000.0,-7812000000.0,7863000000.0,-1.0065284178187404,0.006528417818740399,10-Q,2021-04-27,91,review
MSFT,NetCashProvidedByUsedInInvestingActivities,Net Cash Provided by (Used in) Investing Activities,USD,2019-07-01,2020-03-31,-7761000000.0,51000000.0,-7812000000.0,-153.1764705882353,152.1764705882353,10-Q,2021-04-27,91,review
MSFT,NetCashProvidedByUsedInInvestingActivities,Net Cash Provided by (Used in) Investing Activities,USD,2023-10-01,2023-12-31,-71925000000.0,503000000.0,-72428000000.0,-143.99204771371768,142.99204771371768,10-Q,2025-01-29,91,review
MSFT,NonoperatingIncomeExpense,Nonoperating Income (Expense),USD,2008-07-01,2008-09-30,-8000000.0,1543000000.0,-1551000000.0,-1.0051847051198963,0.005184705119896306,10-Q,2009-10-23,109,review
MSFT,NonoperatingIncomeExpense,Nonoperating Income (Expense),USD,2012-10-01,2012-12-31,-1000000.0,225000000.0,-226000000.0,-1.0044444444444445,0.0044444444444444444,10-Q,2014-01-23,109,review
MSFT,OtherNonoperatingIncomeExpense,Other Nonoperating Income (Expense),USD,2012-07-01,2012-09-30,202000000.0,1000000.0,201000000.0,201.0,202.0,10-Q,2013-10-24,104,review
MSFT,PaymentsForRepurchaseOfCommonStock,Payments for Repurchase of Common Stock,USD,2009-01-01,2009-03-31,18000000.0,9331000000.0,-9313000000.0,-0.9980709463080055,0.0019290536919944273,10-Q,2010-04-22,109,review
MSFT,PaymentsForRepurchaseOfCommonStock,Payments for Repurchase of Common Stock,USD,2008-07-01,2009-06-30,9353000000.0,18000000.0,9335000000.0,518.6111111111111,519.6111111111111,10-K,2011-07-28,109,review
MSFT,ProceedsFromDebtMaturingInMoreThanThreeMonths,"Proceeds from Debt, Maturing in More than Three Months",USD,2015-10-01,2015-12-31,13128000000.0,121000000.0,13007000000.0,107.49586776859505,108.49586776859505,10-Q,2017-01-26,72,review
MSFT,ProceedsFromDebtMaturingInMoreThanThreeMonths,"Proceeds from Debt, Maturing in More than Three Months",USD,2016-01-01,2016-03-31,25000000.0,13274000000.0,-13249000000.0,-0.9981166189543469,0.0018833810456531565,10-Q,2017-04-27,72,review
MSFT,ProceedsFromDebtMaturingInMoreThanThreeMonths,"Proceeds from Debt, Maturing in More than Three Months",USD,2015-07-01,2016-06-30,13884000000.0,25000000.0,13859000000.0,554.36,555.36,10-K,2018-08-03,72,review
MSFT,RepaymentsOfDebtMaturingInMoreThanThreeMonths,"Repayments of Debt, Maturing in More than Three Months",USD,2019-10-01,2019-12-31,18000000.0,2500000000.0,-2482000000.0,-0.9928,0.0072,10-Q,2021-01-26,91,review
MSFT,RepaymentsOfDebtMaturingInMoreThanThreeMonths,"Repayments of Debt, Maturing in More than Three Months",USD,2019-07-01,2019-12-31,2518000000.0,18000000.0,2500000000.0,138.88888888888889,139.88888888888889,10-Q,2021-01-26,91,review
NKE,AntidilutiveSecuritiesExcludedFromComputationOfEarningsPerShareAmount,"Antidilutive Securities Excluded from Computation of Earnings Per Share, Amount",shares,2012-06-01,2012-08-31,27300000.0,200000.0,27100000.0,135.5,136.5,10-Q,2013-10-07,55,review
NKE,AntidilutiveSecuritiesExcludedFromComputationOfEarningsPerShareAmount,"Antidilutive Securities Excluded from Computation of Earnings Per Share, Amount",shares,2012-06-01,2013-05-31,100000.0,14500000.0,-14400000.0,-0.993103448275862,0.006896551724137931,10-K,2014-07-25,55,review
NKE,CashAndCashEquivalentsPeriodIncreaseDecrease,"Cash and Cash Equivalents, Period Increase (Decrease)",USD,2015-06-01,2015-11-30,-1000000.0,-606000000.0,605000000.0,-0.9983498349834984,0.0016501650165016502,10-Q,2017-01-05,49,review
NKE,CashAndCashEquivalentsPeriodIncreaseDecrease,"Cash and Cash Equivalents, Period Increase (Decrease)",USD,2015-06-01,2016-02-29,-808000000.0,-1000000.0,-807000000.0,807.0,808.0,10-Q,2017-04-04,49,review
NKE,DerivativeNetLiabilityPositionAggregateFairValue,"Derivative, Net Liability Position, Aggregate Fair Value",USD,,2020-05-31,137000000.0,1000000.0,136000000.0,136.0,137.0,10-K,2020-07-24,42,review
NKE,DisposalGroupIncludingDiscontinuedOperationInventory,"Disposal Group, Including Discontinued Operation, Inventory (Deprecated 2014-01-31)",USD,,2013-02-28,1000000.0,130000000.0,-129000000.0,-0.9923076923076923,0.007692307692307693,10-Q,2013-04-04,4,review
NKE,OtherComprehensiveIncomeLossNetOfTax,"Other Comprehensive Income (Loss), Net of Tax",USD,2017-09-01,2017-11-30,-1000000.0,-374000000.0,373000000.0,-0.9973262032085561,0.00267379679144385,10-Q,2019-01-08,48,review
NKE,OtherComprehensiveIncomeLossNetOfTaxPortionAttributableToParent,"Other Comprehensive Income (Loss), Net of Tax, Portion Attributable to Parent",USD,2017-09-01,2017-11-30,-1000000.0,-531000000.0,530000000.0,-0.9981167608286252,0.0018832391713747645,10-Q,2019-01-08,90,review
NKE,OtherComprehensiveIncomeLossNetOfTaxPortionAttributableToParent,"Other Comprehensive Income (Loss), Net of Tax, Portion Attributable to Parent",USD,2017-06-01,2017-11-30,-374000000.0,-1000000.0,-373000000.0,373.0,374.0,10-Q,2019-01-08,90,review
NKE,OtherComprehensiveIncomeLossReclassificationAdjustmentOnDerivativesIncludedInNetIncomeNetOfTax,"Other Comprehensive Income (Loss), Reclassification Adjustment on Derivatives Included in Net Income, Net of Tax (Deprecated 2013-01-31)",USD,2013-06-01,2013-08-31,-1000000.0,-105000000.0,104000000.0,-0.9904761904761905,0.009523809523809525,10-Q,2013-10-07,16,review
NKE,PaymentsForProceedsFromOtherInvestingActivities,Payments for (Proceeds from) Other Investing Activities,USD,2020-06-01,2020-11-30,-256000000.0,-2000000.0,-254000000.0,127.0,128.0,10-Q,2022-01-06,64,review
NKE,ProceedsFromMaturitiesPrepaymentsAndCallsOfAvailableForSaleSecurities,"Proceeds from Maturities, Prepayments and Calls of Debt Securities, Available-for-sale",USD,2019-06-01,2019-08-31,16000000.0,1715000000.0,-1699000000.0,-0.99067055393586,0.009329446064139942,10-Q,2020-10-08,65,review
NKE,ProceedsFromRepaymentsOfNotesPayable,Proceeds from (Repayments of) Notes Payable,USD,2017-06-01,2017-11-30,904000000.0,9000000.0,895000000.0,99.44444444444444,100.44444444444444,10-Q,2019-01-08,72,review
NKE,ProceedsFromSaleOfPropertyPlantAndEquipment,"Proceeds from Sale of Property, Plant, and Equipment",USD,2009-06-01,2009-08-31,300000.0,33000000.0,-32700000.0,-0.990909090909091,0.00909090909090909,10-Q,2009-10-08,45,review
NKE,RepaymentsOfLongTermDebt,Repayments of Long-term Debt,USD,2015-06-01,2015-11-30,103000000.0,1000000.0,102000000.0,102.0,103.0,10-Q,2017-01-05,45,review
NKE,ShortTermBorrowings,Short-term Debt,USD,,2018-02-28,11000000.0,1229000000.0,-1218000000.0,-0.9910496338486574,0.008950366151342554,10-Q,2018-04-05,68,review
NVDA,AntidilutiveSecuritiesExcludedFromComputationOfEarningsPerShareAmount,"Antidilutive Securities Excluded from Computation of Earnings Per Share, Amount",shares,2023-01-30,2023-04-30,4000000.0,400000000.0,-396000000.0,-0.99,0.01,10-Q,2024-05-29,100,review
NVDA,CapitalLeasesFutureMinimumPaymentsDueInFiveYears,"Capital Leases, Future Minimum Payments Due in Five Years",USD,,2015-01-25,26000.0,5767000.0,-5741000.0,-0.9954915900814982,0.00450840991850182,10-K,2015-03-12,5,review
NVDA,CapitalLeasesFutureMinimumPaymentsDueThereafter,"Capital Leases, Future Minimum Payments Due Thereafter",USD,,2014-01-26,26000.0,5461000.0,-5435000.0,-0.9952389672221205,0.004761032777879509,10-K,2014-03-13,5,review
NVDA,CashAndCashEquivalentsPeriodIncreaseDecrease,"Cash and Cash Equivalents, Period Increase (Decrease)",USD,2010-02-01,2010-05-02,41000.0,29533000.0,-29492000.0,-0.9986117224799377,0.0013882775200623032,10-Q,2011-05-27,46,review
NVDA,CashAndCashEquivalentsPeriodIncreaseDecrease,"Cash and Cash Equivalents, Period Increase (Decrease)",USD,2010-02-01,2010-08-01,-70218000.0,41000.0,-70259000.0,-1713.6341463414635,1712.6341463414635,10-Q,2011-08-25,46,high_priority
NVDA,CashAndCashEquivalentsPeriodIncreaseDecrease,"Cash and Cash Equivalents, Period Increase (Decrease)",USD,2012-01-30,2012-04-29,-298741000.0,2515000.0,-301256000.0,-119.78369781312128,118.78369781312128,10-Q,2013-05-22,46,review
NVDA,CommonStockSharesAuthorized,"Common Stock, Shares Authorized",shares,,2010-08-01,2000000.0,2000000000.0,-1998000000.0,-0.999,0.001,10-Q,2010-08-30,51,high_priority
NVDA,CommonStockSharesAuthorized,"Common Stock, Shares Authorized",shares,,2010-10-31,2000000000.0,2000000.0,1998000000.0,999.0,1000.0,10-Q,2010-12-07,51,high_priority
NVDA,CurrentFederalTaxExpenseBenefit,Current Federal Tax Expense (Benefit),USD,2018-01-29,2019-01-27,1000000.0,464000000.0,-463000000.0,-0.9978448275862069,0.0021551724137931034,10-K,2021-02-26,18,review
NVDA,DebtConversionConvertedInstrumentSharesIssued1,"Debt Conversion, Converted Instrument, Shares Issued",shares,2016-02-01,2016-10-30,15000000.0,5446.0,14994554.0,2753.315093646713,2754.315093646713,10-Q,2016-11-22,9,high_priority
NVDA,DebtConversionConvertedInstrumentSharesIssued1,"Debt Conversion, Converted Instrument, Shares Issued",shares,2018-01-29,2018-04-29,74000.0,33000000.0,-32926000.0,-0.9977575757575757,0.0022424242424242424,10-Q,2018-05-22,9,review
NVDA,DebtInstrumentFaceAmount,"Debt Instrument, Face Amount",USD,,2018-04-29,1500000000.0,15000000.0,1485000000.0,99.0,100.0,10-Q,2018-05-22,18,review
NVDA,DeferredFederalIncomeTaxExpenseBenefit,Deferred Federal Income Tax Expense (Benefit),USD,2019-01-28,2020-01-26,2000000.0,-315000000.0,317000000.0,-1.0063492063492063,0.006349206349206349,10-K,2022-03-18,18,review
NVDA,DeferredFederalIncomeTaxExpenseBenefit,Deferred Federal Income Tax Expense (Benefit),USD,2020-01-27,2021-01-31,-246000000.0,2000000.0,-248000000.0,-124.0,123.0,10-K,2023-02-24,18,review
NVDA,DeferredForeignIncomeTaxExpenseBenefit,Deferred Foreign Income Tax Expense (Benefit),USD,2023-01-30,2024-01-28,216000000.0,1000000.0,215000000.0,215.0,216.0,10-K,2026-02-25,18,review
NVDA,DeferredRevenueNoncurrent,"Deferred Revenue, Noncurrent",USD,,2012-01-29,200370000.0,1534000.0,198836000.0,129.619295958279,130.619295958279,10-K,2013-03-12,35,review
NVDA,DeferredRevenueNoncurrent,"Deferred Revenue, Noncurrent",USD,,2013-01-27,236152000.0,2190000.0,233962000.0,106.83196347031964,107.83196347031964,10-K,2014-03-13,35,review
NVDA,EffectiveIncomeTaxRateContinuingOperations,"Effective Income Tax Rate Reconciliation, Percent",pure,2022-01-31,2022-07-31,0.003,0.38,-0.377,-0.9921052631578947,0.007894736842105263,10-Q,2023-08-28,104,review
NVDA,EquitySecuritiesFvNi,"Equity Securities, FV-NI",USD,,2026-01-25,12886000000.0,128000000.0,12758000000.0,99.671875,100.671875,10-Q,2026-08-26,6,review
NVDA,ExtinguishmentOfDebtAmount,"Extinguishment of Debt, Amount",USD,2016-08-01,2016-10-30,444000000.0,200000.0,443800000.0,2219.0,2220.0,10-Q,2016-11-22,9,high_priority
NVDA,ExtinguishmentOfDebtAmount,"Extinguishment of Debt, Amount",USD,2018-01-29,2018-04-29,2000000.0,812000000.0,-810000000.0,-0.9975369458128078,0.0024630541871921183,10-Q,2018-05-22,9,review
NVDA,FiniteLivedIntangibleAssetsAmortizationExpenseAfterYearFive,"Finite-Lived Intangible Asset, Expected Amortization, after Year Five",USD,,2021-01-31,757000000.0,2000000.0,755000000.0,377.5,378.5,10-K,2021-02-26,21,review
NVDA,GoodwillAcquiredDuringPeriod,"Goodwill, Acquired During Period",USD,2020-04-27,2020-07-26,3560000000.0,10000000.0,3550000000.0,355.0,356.0,10-Q,2020-08-19,11,review
NVDA,GoodwillPeriodIncreaseDecrease,"Goodwill, Period Increase (Decrease)",USD,2026-01-26,2026-04-26,62000000.0,15600000000.0,-15538000000.0,-0.9960256410256411,0.0039743589743589745,10-Q,2026-05-20,24,review
NVDA,GuaranteeObligationsMaximumExposure,"Guarantor Obligations, Maximum Exposure, Undiscounted",USD,,2026-07-26,108500000000.0,860000000.0,107640000000.0,125.16279069767442,126.16279069767442,10-Q,2026-08-26,2,review
NVDA,IncomeTaxExpenseBenefit,Income Tax Expense (Benefit),USD,2015-01-26,2016-01-31,129000000.0,-1000000.0,130000000.0,-130.0,129.0,10-K,2018-02-28,112,review
NVDA,IncreaseDecreaseInInventories,Increase (Decrease) in Inventories,USD,2018-01-29,2018-07-29,295000000.0,2000000.0,293000000.0,146.5,147.5,10-Q,2019-08-15,75,review
NVDA,IncreaseDecreaseInOtherNoncurrentLiabilities,Increase (Decrease) in Other Noncurrent Liabilities,USD,2018-01-29,2019-01-27,2000000.0,481000000.0,-479000000.0,-0.9958419958419958,0.004158004158004158,10-K,2021-02-26,37,review
NVDA,IncreaseDecreaseInPrepaidDeferredExpenseAndOtherAssets,Increase (Decrease) in Prepaid Expense and Other Assets,USD,2012-01-30,2012-04-29,-48100000.0,35000.0,-48135000.0,-1375.2857142857142,1374.2857142857142,10-Q,2013-05-22,61,high_priority
NVDA,IncreaseDecreaseInPrepaidDeferredExpenseAndOtherAssets,Increase (Decrease) in Prepaid Expense and Other Assets,USD,2021-02-01,2021-05-02,-2000000.0,394000000.0,-396000000.0,-1.0050761421319796,0.005076142131979695,10-Q,2022-05-27,61,review
NVDA,MarketableSecurities,Marketable Securities,USD,,2019-10-27,4000000.0,1370000000.0,-1366000000.0,-0.997080291970803,0.00291970802919708,10-Q,2019-11-14,30,review
NVDA,MarketableSecurities,Marketable Securities,USD,,2020-04-26,860000000.0,1000000.0,859000000.0,859.0,860.0,10-Q,2020-05-21,30,review
NVDA,MarketableSecuritiesCurrent,"Marketable Securities, Current",USD,,2019-10-27,4000000.0,1370000000.0,-1366000000.0,-0.997080291970803,0.00291970802919708,10-Q,2019-11-14,67,review
NVDA,MarketableSecuritiesCurrent,"Marketable Securities, Current",USD,,2020-04-26,860000000.0,1000000.0,859000000.0,859.0,860.0,10-Q,2020-05-21,67,review
NVDA,OtherComprehensiveIncomeAvailableforsaleSecuritiesAdjustmentNetOfTaxPortionAttributableToParent,"Other Comprehensive Income (Loss), Available-for-sale Securities Adjustment, Net of Tax, Portion Attributable to Parent",USD,2025-01-27,2025-04-27,139000000.0,1000000.0,138000000.0,138.0,139.0,10-Q,2026-05-20,44,review
NVDA,OtherComprehensiveIncomeLossNetOfTax,"Other Comprehensive Income (Loss), Net of Tax",USD,2013-07-29,2013-10-27,-35000.0,-4396000.0,4361000.0,-0.9920382165605095,0.007961783439490446,10-Q,2014-11-19,80,review
NVDA,OtherComprehensiveIncomeLossNetOfTax,"Other Comprehensive Income (Loss), Net of Tax",USD,2013-01-28,2013-10-27,-4119000.0,-35000.0,-4084000.0,116.68571428571428,117.68571428571428,10-Q,2014-11-19,80,review
NVDA,OtherComprehensiveIncomeLossNetOfTax,"Other Comprehensive Income (Loss), Net of Tax",USD,2025-01-27,2025-04-27,158000000.0,1000000.0,157000000.0,157.0,158.0,10-Q,2025-05-28,80,review
NVDA,OtherComprehensiveIncomeLossNetOfTaxPortionAttributableToParent,"Other Comprehensive Income (Loss), Net of Tax, Portion Attributable to Parent",USD,2025-01-27,2025-04-27,158000000.0,1000000.0,157000000.0,157.0,158.0,10-Q,2026-05-20,18,review
NVDA,OtherComprehensiveIncomeReclassificationAdjustmentForSaleOfSecuritiesIncludedInNetIncomeTax,"Other Comprehensive Income (Loss), Reclassification Adjustment for Sale of Securities Included in Net Income, Tax (Deprecated 2012-01-31)",USD,2009-01-26,2010-01-31,598.0,135000.0,-134402.0,-0.9955703703703703,0.00442962962962963,10-K,2012-03-13,6,review
NVDA,OtherComprehensiveIncomeReclassificationAdjustmentForSaleOfSecuritiesIncludedInNetIncomeTax,"Other Comprehensive Income (Loss), Reclassification Adjustment for Sale of Securities Included in Net Income, Tax (Deprecated 2012-01-31)",USD,2010-02-01,2011-01-30,528000.0,598.0,527402.0,881.9431438127091,882.9431438127091,10-K,2013-03-12,6,review
NVDA,OtherComprehensiveIncomeUnrealizedHoldingGainLossOnSecuritiesArisingDuringPeriodNetOfTax,"OCI, Debt Securities, Available-for-Sale, Unrealized Holding Gain (Loss), before Adjustment, after Tax",USD,2013-07-29,2013-10-27,8000.0,-2978000.0,2986000.0,-1.002686366689053,0.002686366689053056,10-Q,2014-11-19,101,review
NVDA,OtherComprehensiveIncomeUnrealizedHoldingGainLossOnSecuritiesArisingDuringPeriodNetOfTax,"OCI, Debt Securities, Available-for-Sale, Unrealized Holding Gain (Loss), before Adjustment, after Tax",USD,2013-01-28,2014-01-26,-5000000.0,8000.0,-5008000.0,-626.0,625.0,10-K,2016-03-17,101,review
NVDA,OtherComprehensiveIncomeUnrealizedHoldingGainLossOnSecuritiesArisingDuringPeriodNetOfTax,"OCI, Debt Securities, Available-for-Sale, Unrealized Holding Gain (Loss), before Adjustment, after Tax",USD,2025-01-27,2025-04-27,139000000.0,1000000.0,138000000.0,138.0,139.0,10-Q,2025-05-28,101,review
NVDA,OtherComprehensiveIncomeUnrealizedHoldingGainLossOnSecuritiesArisingDuringPeriodTax,"OCI, Debt Securities, Available-for-Sale, Unrealized Holding Gain (Loss), before Adjustment, Tax",USD,2009-01-26,2010-01-31,484.0,2054000.0,-2053516.0,-0.9997643622200584,0.0002356377799415774,10-K,2012-03-13,18,high_priority
NVDA,OtherComprehensiveIncomeUnrealizedHoldingGainLossOnSecuritiesArisingDuringPeriodTax,"OCI, Debt Securities, Available-for-Sale, Unrealized Holding Gain (Loss), before Adjustment, Tax",USD,2010-02-01,2011-01-30,-306000.0,484.0,-306484.0,-633.2314049586777,632.2314049586777,10-K,2013-03-12,18,review
NVDA,OtherNonoperatingIncomeExpense,Other Nonoperating Income (Expense),USD,2009-01-26,2009-04-26,20000.0,-14707000.0,14727000.0,-1.0013598966478547,0.001359896647854763,10-Q,2010-05-21,112,review
NVDA,OtherNonoperatingIncomeExpense,Other Nonoperating Income (Expense),USD,2009-01-25,2009-07-26,-2753000.0,20000.0,-2773000.0,-138.65,137.65,10-Q,2009-08-20,112,review
NVDA,OtherNonoperatingIncomeExpense,Other Nonoperating Income (Expense),USD,2025-07-28,2025-10-26,1363000000.0,-11000000.0,1374000000.0,-124.9090909090909,123.9090909090909,10-Q,2025-11-19,112,review
NVDA,OtherNonrecurringExpense,Other Nonrecurring Expense,USD,2013-01-28,2014-01-26,38000.0,20127000.0,-20089000.0,-0.9981119888706712,0.0018880111293287623,10-K,2015-03-12,5,review
NVDA,PaymentsToAcquireAvailableForSaleSecuritiesDebt,"Payments to Acquire Debt Securities, Available-for-sale",USD,2018-01-29,2018-04-29,3705000000.0,36000000.0,3669000000.0,101.91666666666667,102.91666666666667,10-Q,2019-05-16,37,review
NVDA,PaymentsToAcquireBusinessesNetOfCashAcquired,"Payments to Acquire Businesses, Net of Cash Acquired",USD,2020-01-27,2020-07-26,7171000000.0,34000000.0,7137000000.0,209.91176470588235,210.91176470588235,10-Q,2021-08-20,54,review
NVDA,PaymentsToAcquireMarketableSecurities,Payments to Acquire Marketable Securities,USD,2018-01-29,2018-04-29,3705000000.0,36000000.0,3669000000.0,101.91666666666667,102.91666666666667,10-Q,2018-05-22,42,review
NVDA,ProceedsFromSaleOfAvailableForSaleSecuritiesDebt,"Proceeds from Sale of Debt Securities, Available-for-sale",USD,2019-01-28,2019-07-28,3152000000.0,26000000.0,3126000000.0,120.23076923076923,121.23076923076923,10-Q,2020-08-19,37,review
NVDA,ProceedsFromSaleOfAvailableForSaleSecuritiesDebt,"Proceeds from Sale of Debt Securities, Available-for-sale",USD,2020-01-27,2020-04-26,1000000.0,3365000000.0,-3364000000.0,-0.999702823179792,0.00029717682020802375,10-Q,2021-05-26,37,high_priority
NVDA,ProceedsFromSaleOfAvailableForSaleSecuritiesDebt,"Proceeds from Sale of Debt Securities, Available-for-sale",USD,2020-01-27,2020-07-26,259000000.0,1000000.0,258000000.0,258.0,259.0,10-Q,2021-08-20,37,review
NVDA,ProceedsFromSaleOfAvailableForSaleSecuritiesDebt,"Proceeds from Sale of Debt Securities, Available-for-sale",USD,2026-01-26,2026-04-26,25000000.0,15157000000.0,-15132000000.0,-0.9983505970838557,0.0016494029161443558,10-Q,2026-05-20,37,review
NVDA,ProductWarrantyAccrualWarrantiesIssued,"Standard and Extended Product Warranty Accrual, Increase for Warranties Issued",USD,2009-07-27,2009-10-25,1366000.0,167864000.0,-166498000.0,-0.9918624600867368,0.008137539913263117,10-Q,2010-12-07,83,review
NVDA,ProductWarrantyAccrualWarrantiesIssued,"Standard and Extended Product Warranty Accrual, Increase for Warranties Issued",USD,2009-01-26,2009-10-25,169230000.0,1366000.0,167864000.0,122.88726207906296,123.88726207906296,10-Q,2010-12-07,83,review
NVDA,ProductWarrantyAccrualWarrantiesIssued,"Standard and Extended Product Warranty Accrual, Increase for Warranties Issued",USD,2010-02-01,2010-05-02,1170000.0,170715000.0,-169545000.0,-0.9931464721904929,0.006853527809507073,10-Q,2011-05-27,83,review
NVDA,ProductWarrantyAccrualWarrantiesIssued,"Standard and Extended Product Warranty Accrual, Increase for Warranties Issued",USD,2010-02-01,2010-08-01,191098000.0,1170000.0,189928000.0,162.33162393162394,163.33162393162394,10-Q,2011-08-25,83,review
NVDA,ProductWarrantyAccrualWarrantiesIssued,"Standard and Extended Product Warranty Accrual, Increase for Warranties Issued",USD,2010-08-02,2010-10-31,1363000.0,189928000.0,-188565000.0,-0.9928235963101807,0.0071764036898193,10-Q,2011-11-22,83,review
NVDA,ProductWarrantyAccrualWarrantiesIssued,"Standard and Extended Product Warranty Accrual, Increase for Warranties Issued",USD,2010-02-01,2010-10-31,192461000.0,1363000.0,191098000.0,140.2039618488628,141.2039618488628,10-Q,2011-11-22,83,review
NVDA,ProductWarrantyAccrualWarrantiesIssued,"Standard and Extended Product Warranty Accrual, Increase for Warranties Issued",USD,2011-01-31,2011-05-01,1406000.0,194108000.0,-192702000.0,-0.9927566097224225,0.007243390277577431,10-Q,2012-05-23,83,review
NVDA,RepaymentsOfConvertibleDebt,Repayments of Convertible Debt,USD,2018-01-29,2018-04-29,2000000.0,812000000.0,-810000000.0,-0.9975369458128078,0.0024630541871921183,10-Q,2019-05-16,20,review
NVDA,RestructuringCharges,Restructuring Charges,USD,2016-02-01,2016-05-01,1000000.0,131000000.0,-130000000.0,-0.9923664122137404,0.007633587786259542,10-Q,2017-05-23,25,review
NVDA,ShareBasedCompensationArrangementByShareBasedPaymentAwardEquityInstrumentsOtherThanOptionsForfeitedInPeriod,"Share-based Compensation Arrangement by Share-based Payment Award, Equity Instruments Other than Options, Forfeited in Period",shares,2010-02-01,2010-08-01,-276.0,-181987.0,181711.0,-0.9984834081555276,0.0015165918444724074,10-Q,2010-08-30,42,review
NVDA,ShareBasedCompensationArrangementByShareBasedPaymentAwardEquityInstrumentsOtherThanOptionsForfeitedInPeriod,"Share-based Compensation Arrangement by Share-based Payment Award, Equity Instruments Other than Options, Forfeited in Period",shares,2010-02-01,2010-10-31,-509000.0,-276.0,-508724.0,1843.2028985507247,1844.2028985507247,10-Q,2010-12-07,42,high_priority
NVDA,ShareBasedCompensationArrangementByShareBasedPaymentAwardEquityInstrumentsOtherThanOptionsGrantsInPeriod,"Share-based Compensation Arrangement by Share-based Payment Award, Equity Instruments Other than Options, Grants in Period",shares,2009-07-27,2009-10-25,2700000.0,200.0,2699800.0,13499.0,13500.0,10-Q,2010-12-07,60,high_priority
NVDA,ShareBasedCompensationArrangementByShareBasedPaymentAwardEquityInstrumentsOtherThanOptionsNonvestedNumber,"Share-based Compensation Arrangement by Share-based Payment Award, Equity Instruments Other than Options, Nonvested, Number",shares,,2010-08-01,8586.0,7488512.0,-7479926.0,-0.9988534437816218,0.0011465562183782306,10-Q,2010-08-30,36,review
NVDA,ShareBasedCompensationArrangementByShareBasedPaymentAwardEquityInstrumentsOtherThanOptionsNonvestedNumber,"Share-based Compensation Arrangement by Share-based Payment Award, Equity Instruments Other than Options, Nonvested, Number",shares,,2010-10-31,10569000.0,8586.0,10560414.0,1229.9573724668064,1230.9573724668064,10-Q,2010-12-07,36,high_priority
NVDA,ShareBasedCompensationArrangementByShareBasedPaymentAwardEquityInstrumentsOtherThanOptionsVestedInPeriod,"Share-based Compensation Arrangement by Share-based Payment Award, Equity Instruments Other than Options, Vested in Period",shares,2010-02-01,2010-10-31,-3216000.0,-1558.0,-3214442.0,2063.1848523748395,2064.1848523748395,10-Q,2010-12-07,46,high_priority
NVDA,ShareBasedCompensationArrangementByShareBasedPaymentAwardNumberOfSharesAvailableForGrant,"Share-based Compensation Arrangement by Share-based Payment Award, Number of Shares Available for Grant",shares,,2010-08-01,39581.0,44016042.0,-43976461.0,-0.9991007596730301,0.0008992403269698807,10-Q,2010-08-30,19,high_priority
NVDA,ShareBasedCompensationArrangementByShareBasedPaymentAwardNumberOfSharesAvailableForGrant,"Share-based Compensation Arrangement by Share-based Payment Award, Number of Shares Available for Grant",shares,,2010-10-31,33424000.0,39581.0,33384419.0,843.4455673176524,844.4455673176524,10-Q,2010-12-07,19,review
NVDA,ShareBasedCompensationArrangementByShareBasedPaymentAwardOptionsExercisesInPeriod,"Share-based Compensation Arrangement by Share-based Payment Award, Options, Exercises in Period (Deprecated 2011-01-31)",shares,2010-02-01,2010-08-01,-8142.0,-17099663.0,17091521.0,-0.9995238502653532,0.0004761497346468173,10-Q,2010-08-30,7,high_priority
NVDA,ShareBasedCompensationArrangementByShareBasedPaymentAwardOptionsExercisesInPeriod,"Share-based Compensation Arrangement by Share-based Payment Award, Options, Exercises in Period (Deprecated 2011-01-31)",shares,2010-02-01,2010-10-31,-9454000.0,-8142.0,-9445858.0,1160.1397690985016,1161.1397690985016,10-Q,2010-12-07,7,high_priority
NVDA,ShareBasedCompensationArrangementByShareBasedPaymentAwardOptionsForfeituresInPeriod,"Share-based Compensation Arrangement by Share-based Payment Award, Options, Forfeitures in Period",shares,2010-02-01,2010-08-01,-919.0,-1175541.0,1174622.0,-0.999218232286241,0.0007817677137590267,10-Q,2010-08-30,29,high_priority
NVDA,ShareBasedCompensationArrangementByShareBasedPaymentAwardOptionsForfeituresInPeriod,"Share-based Compensation Arrangement by Share-based Payment Award, Options, Forfeitures in Period",shares,2010-02-01,2010-10-31,-1388000.0,-919.0,-1387081.0,1509.3373231773667,1510.3373231773667,10-Q,2010-12-07,29,high_priority
NVDA,ShareBasedCompensationArrangementByShareBasedPaymentAwardOptionsGrantsInPeriod,"Share-based Compensation Arrangement by Share-based Payment Award, Options, Grants in Period, Net of Forfeitures",shares,2009-01-26,2009-07-26,5400.0,17888695.0,-17883295.0,-0.9996981333741785,0.0003018666258215035,10-Q,2010-08-30,15,high_priority
NVDA,ShareBasedCompensationArrangementByShareBasedPaymentAwardOptionsGrantsInPeriod,"Share-based Compensation Arrangement by Share-based Payment Award, Options, Grants in Period, Net of Forfeitures",shares,2009-01-26,2009-10-25,7600000.0,500.0,7599500.0,15199.0,15200.0,10-Q,2010-12-07,15,high_priority
NVDA,ShareBasedCompensationArrangementByShareBasedPaymentAwardOptionsGrantsInPeriodGross,"Share-based Compensation Arrangement by Share-based Payment Award, Options, Grants in Period, Gross",shares,2014-01-27,2014-04-27,7800.0,6000000.0,-5992200.0,-0.9987,0.0013,10-Q,2014-05-21,35,review
NVDA,ShareBasedCompensationArrangementByShareBasedPaymentAwardOptionsOtherIncreasesDecreasesInPeriod,"Share-based Compensation Arrangement by Share-based Payment Award, Options, Other Increases (Decreases) in Period",shares,2009-01-26,2009-10-25,28500000.0,28500.0,28471500.0,999.0,1000.0,10-Q,2010-12-07,3,review
NVDA,ShareBasedCompensationArrangementByShareBasedPaymentAwardOptionsOutstandingIntrinsicValue,"Share-based Compensation Arrangement by Share-based Payment Award, Options, Outstanding, Intrinsic Value",USD,,2012-01-29,79174063000.0,490941491.0,78683121509.0,160.26985486341792,161.26985486341792,10-K,2012-03-13,10,review
NVDA,ShareBasedCompensationArrangementByShareBasedPaymentAwardOptionsOutstandingIntrinsicValue,"Share-based Compensation Arrangement by Share-based Payment Award, Options, Outstanding, Intrinsic Value",USD,,2014-01-26,67868413.0,26006026000.0,-25938157587.0,-0.9973902812755782,0.002609718724421794,10-K,2014-03-13,10,review
NVDA,ShareBasedCompensationArrangementByShareBasedPaymentAwardOptionsOutstandingNumber,"Share-based Compensation Arrangement by Share-based Payment Award, Options, Outstanding, Number",shares,,2010-08-01,51992.0,58348422.0,-58296430.0,-0.9991089390557983,0.000891060944201713,10-Q,2010-08-30,34,high_priority
NVDA,ShareBasedCompensationArrangementByShareBasedPaymentAwardOptionsOutstandingNumber,"Share-based Compensation Arrangement by Share-based Payment Award, Options, Outstanding, Number",shares,,2010-10-31,53196000.0,51992.0,53144008.0,1022.157408832128,1023.157408832128,10-Q,2010-12-07,34,high_priority
NVDA,ShareBasedCompensationArrangementByShareBasedPaymentAwardOptionsVestedAndExpectedToVestOutstandingAggregateIntrinsicValue,"Share-based Compensation Arrangement by Share-based Payment Award, Options, Vested and Expected to Vest, Outstanding, Aggregate Intrinsic Value",USD,,2012-01-29,77103721000.0,463094795.0,76640626205.0,165.4966262469005,166.4966262469005,10-K,2012-03-13,7,review
NVDA,ShareBasedCompensationArrangementByShareBasedPaymentAwardOptionsVestedAndExpectedToVestOutstandingAggregateIntrinsicValue,"Share-based Compensation Arrangement by Share-based Payment Award, Options, Vested and Expected to Vest, Outstanding, Aggregate Intrinsic Value",USD,,2014-01-26,64921492.0,25520514000.0,-25455592508.0,-0.9974561056254588,0.0025438943745412024,10-K,2014-03-13,7,review
NVDA,SharebasedCompensationArrangementBySharebasedPaymentAwardOptionsExercisableIntrinsicValue1,"Share-based Compensation Arrangement by Share-based Payment Award, Options, Exercisable, Intrinsic Value",USD,,2014-01-26,49516264.0,22850198000.0,-22800681736.0,-0.9978330050356675,0.002166994964332475,10-K,2014-03-13,9,review
NVDA,SharesPaidForTaxWithholdingForShareBasedCompensation,"Share-based Payment Arrangement, Shares Withheld for Tax Withholding Obligation",shares,2013-01-28,2014-01-26,1944391.0,-39.0,1944430.0,-49857.179487179485,49856.179487179485,10-K,2014-03-13,2,review
NVDA,StockIssuedDuringPeriodValueEmployeeStockOwnershipPlan,"Stock Issued During Period, Value, Employee Stock Ownership Plan",USD,2022-05-02,2022-07-31,1000000.0,205000000.0,-204000000.0,-0.9951219512195122,0.004878048780487805,10-Q,2023-08-28,53,review
NVDA,StockIssuedDuringPeriodValueEmployeeStockOwnershipPlan,"Stock Issued During Period, Value, Employee Stock Ownership Plan",USD,2022-08-01,2022-10-30,143000000.0,1000000.0,142000000.0,142.0,143.0,10-Q,2023-11-21,53,review
NVDA,StockIssuedDuringPeriodValueEmployeeStockOwnershipPlan,"Stock Issued During Period, Value, Employee Stock Ownership Plan",USD,2023-05-01,2023-07-30,1000000.0,246000000.0,-245000000.0,-0.9959349593495935,0.0040650406504065045,10-Q,2024-08-28,53,review
NVDA,StockIssuedDuringPeriodValueEmployeeStockOwnershipPlan,"Stock Issued During Period, Value, Employee Stock Ownership Plan",USD,2023-01-30,2023-07-30,247000000.0,1000000.0,246000000.0,246.0,247.0,10-Q,2024-08-28,53,review
NVDA,TreasuryStockAcquiredAverageCostPerShare,"Treasury Stock Acquired, Average Cost Per Share",USD/shares,2014-01-27,2014-04-27,368600000.0,14.56,368599985.44,25315933.065934066,25315934.065934066,10-Q,2014-05-21,5,high_priority
NVDA,TreasuryStockAcquiredAverageCostPerShare,"Treasury Stock Acquired, Average Cost Per Share",USD/shares,2014-04-28,2014-07-27,18.23,368600000.0,-368599981.77,-0.9999999505425935,4.945740640260445e-08,10-Q,2014-08-20,5,high_priority
NVDA,UnrecognizedTaxBenefitsDecreasesResultingFromPriorPeriodTaxPositions,"Unrecognized Tax Benefits, Decrease Resulting from Prior Period Tax Positions",USD,2018-01-29,2019-01-27,141000000.0,1000000.0,140000000.0,140.0,141.0,10-K,2021-02-26,18,review
NVDA,WeightedAverageNumberOfDilutedSharesOutstanding,"Weighted Average Number of Shares Outstanding, Diluted",shares,2008-04-27,2008-07-27,555417000.0,606732.0,554810268.0,914.4239433555507,915.4239433555507,10-Q,2009-08-20,112,review
NVDA,WeightedAverageNumberOfDilutedSharesOutstanding,"Weighted Average Number of Shares Outstanding, Diluted",shares,2008-01-28,2009-01-25,548126.0,590490000.0,-589941874.0,-0.9990717438059916,0.0009282561940083659,10-K,2011-03-16,112,high_priority
NVDA,WeightedAverageNumberOfDilutedSharesOutstanding,"Weighted Average Number of Shares Outstanding, Diluted",shares,2009-01-25,2009-07-26,544463000.0,542307.0,543920693.0,1002.9756079121236,1003.9756079121236,10-Q,2009-08-20,112,high_priority
NVDA,WeightedAverageNumberOfDilutedSharesOutstanding,"Weighted Average Number of Shares Outstanding, Diluted",shares,2009-04-27,2009-07-26,546639.0,544463000.0,-543916361.0,-0.9989960034015167,0.0010039965984832762,10-Q,2010-08-30,112,review
NVDA,WeightedAverageNumberOfDilutedSharesOutstanding,"Weighted Average Number of Shares Outstanding, Diluted",shares,2009-01-26,2010-01-31,549574000.0,546737.0,549027263.0,1004.1889665414999,1005.1889665414999,10-K,2012-03-13,112,high_priority
NVDA,WeightedAverageNumberOfDilutedSharesOutstanding,"Weighted Average Number of Shares Outstanding, Diluted",shares,2010-02-01,2010-05-02,590997.0,549574000.0,-548983003.0,-0.9989246270747888,0.0010753729252111635,10-Q,2011-05-27,112,review
NVDA,WeightedAverageNumberOfDilutedSharesOutstanding,"Weighted Average Number of Shares Outstanding, Diluted",shares,2010-08-02,2010-10-31,582648000.0,569971.0,582078029.0,1021.2414824613884,1022.2414824613884,10-Q,2011-11-22,112,high_priority
NVDA,WeightedAverageNumberOfSharesOutstandingBasic,"Weighted Average Number of Shares Outstanding, Basic",shares,2008-04-27,2008-07-27,555417000.0,550108.0,554866892.0,1008.6508322002225,1009.6508322002225,10-Q,2009-08-20,112,high_priority
NVDA,WeightedAverageNumberOfSharesOutstandingBasic,"Weighted Average Number of Shares Outstanding, Basic",shares,2008-01-28,2009-01-25,548126.0,551623000.0,-551074874.0,-0.9990063394746049,0.0009936605253950614,10-K,2011-03-16,112,high_priority
NVDA,WeightedAverageNumberOfSharesOutstandingBasic,"Weighted Average Number of Shares Outstanding, Basic",shares,2009-01-25,2009-07-26,544463000.0,542307.0,543920693.0,1002.9756079121236,1003.9756079121236,10-Q,2009-08-20,112,high_priority
NVDA,WeightedAverageNumberOfSharesOutstandingBasic,"Weighted Average Number of Shares Outstanding, Basic",shares,2009-01-26,2009-07-26,544463.0,544463000.0,-543918537.0,-0.999,0.001,10-Q,2010-08-30,112,high_priority
NVDA,WeightedAverageNumberOfSharesOutstandingBasic,"Weighted Average Number of Shares Outstanding, Basic",shares,2009-01-26,2010-01-31,549574000.0,551283.0,549022717.0,995.8999588233266,996.8999588233266,10-K,2012-03-13,112,review
NVDA,WeightedAverageNumberOfSharesOutstandingBasic,"Weighted Average Number of Shares Outstanding, Basic",shares,2010-02-01,2010-05-02,567183.0,549574000.0,-549006817.0,-0.9989679588190126,0.0010320411809874557,10-Q,2011-05-27,112,review
NVDA,WeightedAverageNumberOfSharesOutstandingBasic,"Weighted Average Number of Shares Outstanding, Basic",shares,2010-02-01,2010-10-31,572420000.0,569971.0,571850029.0,1003.2967098326055,1004.2967098326055,10-Q,2011-11-22,112,high_priority
ORCL,BusinessCombinationAcquisitionRelatedCosts,"Business Combination, Acquisition Related Costs",USD,2021-09-01,2021-11-30,4667000000.0,21000000.0,4646000000.0,221.23809523809524,222.23809523809524,10-Q,2022-12-13,108,review
ORCL,BusinessCombinationAcquisitionRelatedCosts,"Business Combination, Acquisition Related Costs",USD,2021-12-01,2022-02-28,20000000.0,4687000000.0,-4667000000.0,-0.9957328781736718,0.004267121826328142,10-Q,2023-03-10,108,review
ORCL,BusinessCombinationAcquisitionRelatedCosts,"Business Combination, Acquisition Related Costs",USD,2021-06-01,2022-02-28,4707000000.0,20000000.0,4687000000.0,234.35,235.35,10-Q,2023-03-10,108,review
ORCL,BusinessCombinationAcquisitionRelatedCosts,"Business Combination, Acquisition Related Costs",USD,2022-06-01,2022-08-31,41000000.0,4713000000.0,-4672000000.0,-0.9913006577551453,0.008699342244854658,10-Q,2023-09-12,108,review
ORCL,DeferredForeignIncomeTaxExpenseBenefit,Deferred Foreign Income Tax Expense (Benefit),USD,2018-06-01,2019-05-31,-1646000000.0,6000000.0,-1652000000.0,-275.3333333333333,274.3333333333333,10-K,2021-06-21,18,review
ORCL,DeferredForeignIncomeTaxExpenseBenefit,Deferred Foreign Income Tax Expense (Benefit),USD,2020-06-01,2021-05-31,-10979000000.0,82000000.0,-11061000000.0,-134.890243902439,133.890243902439,10-K,2023-06-20,18,review
ORCL,DeferredIncomeTaxExpenseBenefit,Deferred Income Tax Expense (Benefit),USD,2021-06-01,2021-08-31,-15000000.0,-2425000000.0,2410000000.0,-0.9938144329896907,0.006185567010309278,10-Q,2022-09-13,74,review
ORCL,DeferredIncomeTaxLiabilitiesNet,"Deferred Income Tax Liabilities, Net",USD,,2021-02-28,7892000000.0,41000000.0,7851000000.0,191.4878048780488,192.4878048780488,10-Q,2021-03-11,21,review
ORCL,DeferredTaxExpenseFromStockOptionsExercised,Deferred Tax Expense from Stock Options Exercised,USD,2022-06-01,2023-05-31,1200000.0,843000000.0,-841800000.0,-0.998576512455516,0.0014234875444839859,10-K,2025-06-18,30,review
ORCL,DeferredTaxExpenseFromStockOptionsExercised,Deferred Tax Expense from Stock Options Exercised,USD,2023-06-01,2024-05-31,1700000000.0,1200000.0,1698800000.0,1415.6666666666667,1416.6666666666667,10-K,2026-06-22,30,high_priority
ORCL,FiniteLivedIntangibleAssetsAmortizationExpenseAfterYearFive,"Finite-Lived Intangible Asset, Expected Amortization, after Year Five",USD,,2022-08-31,1641000000.0,4000000.0,1637000000.0,409.25,410.25,10-Q,2022-09-13,44,review
ORCL,FiniteLivedIntangibleAssetsAmortizationExpenseYearFive,"Finite-Lived Intangible Asset, Expected Amortization, Year Five",USD,,2022-08-31,635000000.0,6000000.0,629000000.0,104.83333333333333,105.83333333333333,10-Q,2022-09-13,50,review
ORCL,FinitelivedIntangibleAssetsAcquired1,Finite-lived Intangible Assets Acquired,USD,2014-06-01,2014-08-31,15000000.0,1797000000.0,-1782000000.0,-0.991652754590985,0.008347245409015025,10-Q,2014-09-23,17,review
ORCL,FinitelivedIntangibleAssetsAcquired1,Finite-lived Intangible Assets Acquired,USD,2014-06-01,2014-11-30,2146000000.0,15000000.0,2131000000.0,142.06666666666666,143.06666666666666,10-Q,2014-12-19,17,review
ORCL,FinitelivedIntangibleAssetsAcquired1,Finite-lived Intangible Assets Acquired,USD,2015-06-01,2015-08-31,1000000.0,2418000000.0,-2417000000.0,-0.9995864350703061,0.00041356492969396195,10-Q,2015-09-18,17,high_priority
ORCL,GainLossOnInvestments,Gain (Loss) on Investments,USD,2025-12-01,2026-02-28,-7000000.0,2493000000.0,-2500000000.0,-1.0028078620136383,0.002807862013638187,10-Q,2026-03-11,32,review
ORCL,GainLossOnInvestments,Gain (Loss) on Investments,USD,2025-06-01,2026-02-28,2434000000.0,-7000000.0,2441000000.0,-348.7142857142857,347.7142857142857,10-Q,2026-03-11,32,review
ORCL,GoodwillAcquiredDuringPeriod,"Goodwill, Acquired During Period",USD,2014-06-01,2014-08-31,22000000.0,2295000000.0,-2273000000.0,-0.9904139433551198,0.009586056644880174,10-Q,2014-09-23,34,review
ORCL,GoodwillAcquiredDuringPeriod,"Goodwill, Acquired During Period",USD,2014-06-01,2014-11-30,3703000000.0,22000000.0,3681000000.0,167.3181818181818,168.3181818181818,10-Q,2014-12-19,34,review
ORCL,GoodwillAcquiredDuringPeriod,"Goodwill, Acquired During Period",USD,2022-06-01,2022-08-31,17871000000.0,74000000.0,17797000000.0,240.5,241.5,10-Q,2022-09-13,34,review
ORCL,IncreaseDecreaseInAccountsReceivable,Increase (Decrease) in Accounts Receivable,USD,2011-06-01,2012-05-31,8000000.0,-2028000000.0,2036000000.0,-1.0039447731755424,0.0039447731755424065,10-K,2014-06-26,74,review
ORCL,IncreaseDecreaseInAccountsReceivable,Increase (Decrease) in Accounts Receivable,USD,2012-06-01,2012-08-31,-2630000000.0,8000000.0,-2638000000.0,-329.75,328.75,10-Q,2013-09-20,74,review
ORCL,IncreaseDecreaseInAccountsReceivable,Increase (Decrease) in Accounts Receivable,USD,2014-06-01,2014-08-31,-2506000000.0,-24000000.0,-2482000000.0,103.41666666666667,104.41666666666667,10-Q,2015-09-18,74,review
ORCL,IncreaseDecreaseInAccruedIncomeTaxesPayable,Increase (Decrease) in Income Taxes Payable,USD,2017-06-01,2018-02-28,7444000000.0,22000000.0,7422000000.0,337.3636363636364,338.3636363636364,10-Q,2019-03-18,53,review
ORCL,IncreaseDecreaseInAccruedIncomeTaxesPayable,Increase (Decrease) in Income Taxes Payable,USD,2018-06-01,2018-08-31,10000000.0,8150000000.0,-8140000000.0,-0.9987730061349693,0.001226993865030675,10-Q,2019-09-13,53,review
ORCL,IncreaseDecreaseInContractWithCustomerLiability,"Increase (Decrease) in Contract with Customer, Liability",USD,2022-06-01,2022-08-31,2034000000.0,7000000.0,2027000000.0,289.57142857142856,290.57142857142856,10-Q,2023-09-12,35,review
ORCL,IncreaseDecreaseInDeferredRevenue,Increase (Decrease) in Deferred Revenue,USD,2015-06-01,2015-11-30,13000000.0,2071000000.0,-2058000000.0,-0.993722839208112,0.006277160791887977,10-Q,2016-12-19,42,review
ORCL,IncreaseDecreaseInIncomeTaxes,Increase (Decrease) in Income Taxes,USD,2017-06-01,2018-02-28,7444000000.0,22000000.0,7422000000.0,337.3636363636364,338.3636363636364,10-Q,2018-03-21,31,review
ORCL,IncreaseDecreaseInIncomeTaxes,Increase (Decrease) in Income Taxes,USD,2018-06-01,2018-08-31,10000000.0,8143000000.0,-8133000000.0,-0.9987719513692742,0.0012280486307257768,10-Q,2018-09-19,31,review
ORCL,IncreaseDecreaseInPrepaidDeferredExpenseAndOtherAssets,Increase (Decrease) in Prepaid Expense and Other Assets,USD,2016-06-01,2016-08-31,-435000000.0,2000000.0,-437000000.0,-218.5,217.5,10-Q,2017-09-18,74,review
ORCL,MoneyMarketFundsAtCarryingValue,"Money Market Funds, at Carrying Value",USD,,2012-02-29,25000000.0,3362000000.0,-3337000000.0,-0.9925639500297442,0.0074360499702558,10-Q,2012-03-23,22,review
ORCL,MoneyMarketFundsAtCarryingValue,"Money Market Funds, at Carrying Value",USD,,2016-05-31,3750000000.0,25000000.0,3725000000.0,149.0,150.0,10-K,2017-06-27,22,review
ORCL,NonoperatingIncomeExpense,Nonoperating Income (Expense),USD,2009-06-01,2009-08-31,1000000.0,143000000.0,-142000000.0,-0.993006993006993,0.006993006993006993,10-Q,2009-09-21,62,review
ORCL,OtherComprehensiveIncomeAvailableforsaleSecuritiesAdjustmentNetOfTaxPortionAttributableToParent,"Other Comprehensive Income (Loss), Available-for-sale Securities Adjustment, Net of Tax, Portion Attributable to Parent",USD,2018-06-01,2018-08-31,4000000.0,-609000000.0,613000000.0,-1.006568144499179,0.006568144499178982,10-Q,2019-09-13,30,review
ORCL,OtherComprehensiveIncomeDefinedBenefitPlansAdjustmentNetOfTaxPortionAttributableToParent,"Other Comprehensive (Income) Loss, Defined Benefit Plan, after Tax and Reclassification Adjustment, Attributable to Parent",USD,2021-06-01,2022-05-31,-190000000.0,-1000000.0,-189000000.0,189.0,190.0,10-K,2024-06-20,37,review
ORCL,OtherComprehensiveIncomeDefinedBenefitPlansAdjustmentNetOfTaxPortionAttributableToParent,"Other Comprehensive (Income) Loss, Defined Benefit Plan, after Tax and Reclassification Adjustment, Attributable to Parent",USD,2022-06-01,2022-08-31,1000000.0,-190000000.0,191000000.0,-1.0052631578947369,0.005263157894736842,10-Q,2022-09-13,37,review
ORCL,OtherComprehensiveIncomeDefinedBenefitPlansAdjustmentNetOfTaxPortionAttributableToParent,"Other Comprehensive (Income) Loss, Defined Benefit Plan, after Tax and Reclassification Adjustment, Attributable to Parent",USD,2022-06-01,2023-05-31,-271000000.0,1000000.0,-272000000.0,-272.0,271.0,10-K,2025-06-18,37,review
ORCL,OtherComprehensiveIncomeForeignCurrencyTransactionAndTranslationAdjustmentNetOfTaxPortionAttributableToParent,"Other Comprehensive Income (Loss), Foreign Currency Transaction and Translation Adjustment, Net of Tax, Portion Attributable to Parent",USD,2025-06-01,2026-05-31,-232000000.0,2000000.0,-234000000.0,-117.0,116.0,10-K,2026-06-22,55,review
ORCL,OtherComprehensiveIncomeLossNetOfTaxPortionAttributableToParent,"Other Comprehensive Income (Loss), Net of Tax, Portion Attributable to Parent",USD,2016-06-01,2017-05-31,-1000000.0,206000000.0,-207000000.0,-1.0048543689320388,0.0048543689320388345,10-K,2019-06-21,71,review
ORCL,OtherComprehensiveIncomeLossNetOfTaxPortionAttributableToParent,"Other Comprehensive Income (Loss), Net of Tax, Portion Attributable to Parent",USD,2017-09-01,2017-11-30,-188000000.0,-1000000.0,-187000000.0,187.0,188.0,10-Q,2018-12-19,71,review
ORCL,PaymentsToAcquireBusinessesNetOfCashAcquired,"Payments to Acquire Businesses, Net of Cash Acquired",USD,2014-06-01,2014-11-30,5122000000.0,37000000.0,5085000000.0,137.43243243243242,138.43243243243242,10-Q,2015-12-18,68,review
ORCL,PaymentsToAcquireBusinessesNetOfCashAcquired,"Payments to Acquire Businesses, Net of Cash Acquired",USD,2019-06-01,2019-08-31,2000000.0,363000000.0,-361000000.0,-0.9944903581267218,0.005509641873278237,10-Q,2020-09-15,68,review
ORCL,PaymentsToAcquireBusinessesNetOfCashAcquired,"Payments to Acquire Businesses, Net of Cash Acquired",USD,2022-06-01,2022-08-31,27798000000.0,148000000.0,27650000000.0,186.82432432432432,187.82432432432432,10-Q,2023-09-12,68,review
ORCL,PaymentsToAcquireInvestments,Payments to Acquire Investments,USD,2022-06-01,2022-08-31,57000000.0,10272000000.0,-10215000000.0,-0.9944509345794392,0.005549065420560747,10-Q,2023-09-12,74,review
ORCL,ProceedsFromSaleAndMaturityOfAvailableForSaleSecurities,"Proceeds from Sale and Maturity of Debt Securities, Available-for-sale",USD,2022-06-01,2022-08-31,138000000.0,26151000000.0,-26013000000.0,-0.9947229551451188,0.005277044854881266,10-Q,2023-09-12,25,review
ORCL,ProceedsFromSaleOfAvailableForSaleSecuritiesDebt,"Proceeds from Sale of Debt Securities, Available-for-sale",USD,2020-06-01,2021-02-28,853000000.0,3000000.0,850000000.0,283.3333333333333,284.3333333333333,10-Q,2021-03-11,16,review
ORCL,RepaymentsOfLongTermDebt,Repayments of Long-term Debt,USD,2008-06-01,2008-08-31,4000000.0,2560000000.0,-2556000000.0,-0.9984375,0.0015625,10-Q,2009-09-21,9,review
ORCL,RepaymentsOfLongTermDebt,Repayments of Long-term Debt,USD,2008-06-01,2009-05-31,1004000000.0,4000000.0,1000000000.0,250.0,251.0,10-K,2010-07-01,9,review
ORCL,StockRepurchaseProgramRemainingAuthorizedRepurchaseAmount1,"Stock Repurchase Program, Remaining Authorized Repurchase Amount",USD,,2022-05-31,9400000000.0,10000000.0,9390000000.0,939.0,940.0,10-K,2022-06-21,45,review
PFE,AssetImpairmentCharges,Asset Impairment Charges,USD,2017-01-01,2017-04-02,12000000.0,1447000000.0,-1435000000.0,-0.9917069799585349,0.0082930200414651,10-Q,2018-05-10,96,review
PFE,AssetsOfDisposalGroupIncludingDiscontinuedOperationCurrent,"Disposal Group, Including Discontinued Operation, Assets, Current",USD,,2016-10-02,1119000000.0,9000000.0,1110000000.0,123.33333333333333,124.33333333333333,10-Q,2016-11-10,14,review
PFE,AssetsOfDisposalGroupIncludingDiscontinuedOperationCurrent,"Disposal Group, Including Discontinued Operation, Assets, Current",USD,,2017-04-02,3000000.0,801000000.0,-798000000.0,-0.9962546816479401,0.003745318352059925,10-Q,2017-05-11,14,review
PFE,AssetsOfDisposalGroupIncludingDiscontinuedOperationCurrent,"Disposal Group, Including Discontinued Operation, Assets, Current",USD,,2018-12-31,9725000000.0,64000000.0,9661000000.0,150.953125,151.953125,10-K,2020-02-27,14,review
PFE,AssetsOfDisposalGroupIncludingDiscontinuedOperationCurrent,"Disposal Group, Including Discontinued Operation, Assets, Current",USD,,2019-09-29,29000000.0,9877000000.0,-9848000000.0,-0.9970638857952819,0.0029361142047180317,10-Q,2019-11-07,14,review
PFE,AssetsOfDisposalGroupIncludingDiscontinuedOperationCurrent,"Disposal Group, Including Discontinued Operation, Assets, Current",USD,,2019-12-31,4224000000.0,29000000.0,4195000000.0,144.6551724137931,145.6551724137931,10-K,2021-02-25,14,review
PFE,CashAndCashEquivalentsPeriodIncreaseDecrease,"Cash and Cash Equivalents, Period Increase (Decrease)",USD,2017-01-01,2017-07-02,-10000000.0,1461000000.0,-1471000000.0,-1.0068446269678302,0.006844626967830253,10-Q,2017-08-10,42,review
PFE,CashCashEquivalentsRestrictedCashAndRestrictedCashEquivalentsPeriodIncreaseDecreaseIncludingExchangeRateEffect,"Cash, Cash Equivalents, Restricted Cash and Restricted Cash Equivalents, Period Increase (Decrease), Including Exchange Rate Effect",USD,2017-01-01,2017-07-02,-5000000.0,1465000000.0,-1470000000.0,-1.0034129692832765,0.0034129692832764505,10-Q,2018-08-09,39,review
PFE,CashProvidedByUsedInInvestingActivitiesDiscontinuedOperations,"Cash Provided by (Used in) Investing Activities, Discontinued Operations",USD,2020-01-01,2020-06-28,-11452000000.0,-19000000.0,-11433000000.0,601.7368421052631,602.7368421052631,10-Q,2021-08-12,15,review
PFE,CashProvidedByUsedInInvestingActivitiesDiscontinuedOperations,"Cash Provided by (Used in) Investing Activities, Discontinued Operations",USD,2020-01-01,2020-12-31,-109000000.0,-11472000000.0,11363000000.0,-0.9904986052998606,0.00950139470013947,10-K,2023-02-23,15,review
PFE,CashProvidedByUsedInOperatingActivitiesDiscontinuedOperations,"Cash Provided by (Used in) Operating Activities, Discontinued Operations",USD,2021-01-01,2021-04-04,-8000000.0,3863000000.0,-3871000000.0,-1.0020709293295367,0.0020709293295366298,10-Q,2022-05-11,16,review
PFE,ComprehensiveIncomeNetOfTax,"Comprehensive Income (Loss), Net of Tax, Attributable to Parent",USD,2010-01-01,2010-10-03,1116000000.0,10000000.0,1106000000.0,110.6,111.6,10-Q,2010-11-12,106,review
PFE,ComprehensiveIncomeNetOfTax,"Comprehensive Income (Loss), Net of Tax, Attributable to Parent",USD,2024-04-01,2024-06-30,-17000000.0,3319000000.0,-3336000000.0,-1.005122024706237,0.005122024706236818,10-Q,2025-08-05,106,review
PFE,ComprehensiveIncomeNetOfTax,"Comprehensive Income (Loss), Net of Tax, Attributable to Parent",USD,2024-01-01,2024-06-30,3302000000.0,-17000000.0,3319000000.0,-195.23529411764707,194.23529411764707,10-Q,2025-08-05,106,review
PFE,ComprehensiveIncomeNetOfTaxIncludingPortionAttributableToNoncontrollingInterest,"Comprehensive Income (Loss), Net of Tax, Including Portion Attributable to Noncontrolling Interest",USD,2024-04-01,2024-06-30,-19000000.0,3302000000.0,-3321000000.0,-1.0057540884312537,0.005754088431253785,10-Q,2025-08-05,109,review
PFE,ComprehensiveIncomeNetOfTaxIncludingPortionAttributableToNoncontrollingInterest,"Comprehensive Income (Loss), Net of Tax, Including Portion Attributable to Noncontrolling Interest",USD,2024-07-01,2024-09-29,4307000000.0,-19000000.0,4326000000.0,-227.68421052631578,226.68421052631578,10-Q,2025-11-04,109,review
PFE,DebtInstrumentUnamortizedDiscountPremiumAndDebtIssuanceCostsNet,"Debt Instrument, Unamortized Discount (Premium) and Debt Issuance Costs, Net",USD,,2023-12-31,121000000.0,1000000.0,120000000.0,120.0,121.0,10-K,2025-02-27,30,review
PFE,DeconsolidationGainOrLossAmount,"Deconsolidation, Gain (Loss), Amount",USD,2020-01-01,2020-03-29,6000000.0,8107000000.0,-8101000000.0,-0.9992598988528433,0.0007401011471567781,10-Q,2021-05-13,22,high_priority
PFE,DeferredIncomeTaxExpenseBenefit,Deferred Income Tax Expense (Benefit),USD,2016-01-01,2016-10-02,-1335000000.0,-10000000.0,-1325000000.0,132.5,133.5,10-Q,2017-11-09,76,review
PFE,DeferredIncomeTaxExpenseBenefit,Deferred Income Tax Expense (Benefit),USD,2026-01-01,2026-03-29,-12000000.0,-2133000000.0,2121000000.0,-0.9943741209563994,0.005625879043600563,10-Q,2026-05-05,76,review
PFE,DeferredIncomeTaxExpenseBenefit,Deferred Income Tax Expense (Benefit),USD,2026-01-01,2026-06-28,-1332000000.0,-12000000.0,-1320000000.0,110.0,111.0,10-Q,2026-08-04,76,review
PFE,DeferredTaxLiabilitiesUndistributedForeignEarnings,"Deferred Tax Liabilities, Undistributed Foreign Earnings",USD,,2017-12-31,85000000.0,23108000000.0,-23023000000.0,-0.9963216202181063,0.0036783797818937163,10-K,2019-02-28,17,review
PFE,DefinedBenefitPlanAmountsRecognizedInOtherComprehensiveIncomeLossNetGainLossBeforeTax,"Other Comprehensive Income (Loss), Defined Benefit Plan, Gain (Loss), after Reclassification Adjustment, before Tax",USD,2017-07-03,2017-10-01,-1000000.0,384000000.0,-385000000.0,-1.0026041666666667,0.0026041666666666665,10-Q,2018-11-08,60,review
PFE,DefinedBenefitPlanAmountsRecognizedInOtherComprehensiveIncomeLossNetGainLossBeforeTax,"Other Comprehensive Income (Loss), Defined Benefit Plan, Gain (Loss), after Reclassification Adjustment, before Tax",USD,2017-01-01,2017-12-31,348000000.0,-1000000.0,349000000.0,-349.0,348.0,10-K,2020-02-27,60,review
PFE,DiscontinuedOperationGainLossFromDisposalOfDiscontinuedOperationBeforeIncomeTax,"Discontinued Operation, Gain (Loss) from Disposal of Discontinued Operation, before Income Tax",USD,2011-07-04,2011-10-02,1695000000.0,-11000000.0,1706000000.0,-155.0909090909091,154.0909090909091,10-Q,2012-11-09,25,review
PFE,DiscontinuedOperationGainLossFromDisposalOfDiscontinuedOperationBeforeIncomeTax,"Discontinued Operation, Gain (Loss) from Disposal of Discontinued Operation, before Income Tax",USD,2014-01-01,2014-03-30,64000000.0,10446000000.0,-10382000000.0,-0.9938732529197779,0.006126747080222095,10-Q,2014-05-08,25,review
PFE,DiscontinuedOperationGainLossOnDisposalOfDiscontinuedOperationNetOfTax,"Discontinued Operation, Gain (Loss) on Disposal of Discontinued Operation, Net of Tax",USD,2011-01-01,2011-10-02,1316000000.0,-11000000.0,1327000000.0,-120.63636363636364,119.63636363636364,10-Q,2012-11-09,31,review
PFE,DiscontinuedOperationGainLossOnDisposalOfDiscontinuedOperationNetOfTax,"Discontinued Operation, Gain (Loss) on Disposal of Discontinued Operation, Net of Tax",USD,2013-07-01,2013-09-29,-25000000.0,10418000000.0,-10443000000.0,-1.0023996928393166,0.0023996928393165673,10-Q,2014-11-06,31,review
PFE,DiscontinuedOperationGainLossOnDisposalOfDiscontinuedOperationNetOfTax,"Discontinued Operation, Gain (Loss) on Disposal of Discontinued Operation, Net of Tax",USD,2013-01-01,2013-09-29,10393000000.0,-25000000.0,10418000000.0,-416.72,415.72,10-Q,2014-11-06,31,review
PFE,DiscontinuedOperationGainLossOnDisposalOfDiscontinuedOperationNetOfTax,"Discontinued Operation, Gain (Loss) on Disposal of Discontinued Operation, Net of Tax",USD,2014-01-01,2014-03-30,68000000.0,10354000000.0,-10286000000.0,-0.9934324898589917,0.006567510141008306,10-Q,2014-05-08,31,review
PFE,DiscontinuedOperationProvisionForLossGainOnDisposalBeforeIncomeTax,"Discontinued Operation, Provision for Loss (Gain) on Disposal, before Income Tax",USD,2011-01-01,2011-10-02,-1683000000.0,11000000.0,-1694000000.0,-154.0,153.0,10-Q,2012-11-09,10,review
PFE,DisposalGroupIncludingDiscontinuedOperationIntangibleAssetsNet,"Disposal Group, Including Discontinued Operation, Intangible Assets, Net (Deprecated 2014-01-31)",USD,,2011-12-31,2648000000.0,6000000.0,2642000000.0,440.3333333333333,441.3333333333333,10-K,2013-02-28,9,review
PFE,DividendsCommonStockCash,"Dividends, Common Stock, Cash",USD,2018-01-01,2018-04-01,65000000.0,7789000000.0,-7724000000.0,-0.9916548979329824,0.00834510206701759,10-Q,2019-05-09,62,review
PFE,DividendsCommonStockCash,"Dividends, Common Stock, Cash",USD,2019-01-01,2019-03-31,68000000.0,8060000000.0,-7992000000.0,-0.9915632754342432,0.008436724565756825,10-Q,2020-05-07,62,review
PFE,DividendsCommonStockCash,"Dividends, Common Stock, Cash",USD,2020-01-01,2020-03-29,71000000.0,8174000000.0,-8103000000.0,-0.9913139221923171,0.008686077807682897,10-Q,2021-05-13,62,review
PFE,DividendsCommonStockCash,"Dividends, Common Stock, Cash",USD,2021-01-01,2021-04-04,84000000.0,8571000000.0,-8487000000.0,-0.9901995099754988,0.009800490024501224,10-Q,2022-05-11,62,review
PFE,DividendsPayableCurrent,"Dividends Payable, Current",USD,,2012-04-01,1000000.0,1796000000.0,-1795000000.0,-0.9994432071269488,0.0005567928730512249,10-Q,2012-05-10,60,high_priority
PFE,DividendsPayableCurrent,"Dividends Payable, Current",USD,,2012-07-01,1826000000.0,1000000.0,1825000000.0,1825.0,1826.0,10-Q,2012-08-09,60,high_priority
PFE,DividendsPayableCurrent,"Dividends Payable, Current",USD,,2012-09-30,1000000.0,1826000000.0,-1825000000.0,-0.9994523548740416,0.000547645125958379,10-Q,2012-11-09,60,high_priority
PFE,DividendsPayableCurrent,"Dividends Payable, Current",USD,,2012-12-31,1733000000.0,1000000.0,1732000000.0,1732.0,1733.0,10-K,2014-02-28,60,high_priority
PFE,DividendsPayableCurrent,"Dividends Payable, Current",USD,,2013-03-31,5000000.0,1733000000.0,-1728000000.0,-0.9971148297749567,0.0028851702250432777,10-Q,2013-05-10,60,review
PFE,DividendsPayableCurrent,"Dividends Payable, Current",USD,,2013-06-30,1685000000.0,5000000.0,1680000000.0,336.0,337.0,10-Q,2013-08-09,60,review
PFE,DividendsPayableCurrent,"Dividends Payable, Current",USD,,2013-09-29,1000000.0,1685000000.0,-1684000000.0,-0.9994065281899109,0.0005934718100890207,10-Q,2013-11-08,60,high_priority
PFE,DividendsPayableCurrent,"Dividends Payable, Current",USD,,2013-12-31,1663000000.0,1000000.0,1662000000.0,1662.0,1663.0,10-K,2015-02-27,60,high_priority
PFE,DividendsPayableCurrent,"Dividends Payable, Current",USD,,2014-03-30,1000000.0,1663000000.0,-1662000000.0,-0.9993986770895971,0.0006013229104028864,10-Q,2014-05-08,60,high_priority
PFE,DividendsPayableCurrent,"Dividends Payable, Current",USD,,2014-06-29,1650000000.0,1000000.0,1649000000.0,1649.0,1650.0,10-Q,2014-08-07,60,high_priority
PFE,DividendsPayableCurrentAndNoncurrent,Dividends Payable,USD,,2009-09-27,1000000.0,1081000000.0,-1080000000.0,-0.9990749306197965,0.0009250693802035153,10-Q,2009-11-05,10,high_priority
PFE,DividendsPayableCurrentAndNoncurrent,Dividends Payable,USD,,2009-12-31,1454000000.0,1000000.0,1453000000.0,1453.0,1454.0,10-K,2011-02-28,10,high_priority
PFE,DividendsPayableCurrentAndNoncurrent,Dividends Payable,USD,,2010-04-04,1000000.0,1454000000.0,-1453000000.0,-0.9993122420907841,0.000687757909215956,10-Q,2010-05-13,10,high_priority
PFE,DividendsPayableCurrentAndNoncurrent,Dividends Payable,USD,,2010-07-04,1450000000.0,1000000.0,1449000000.0,1449.0,1450.0,10-Q,2010-08-12,10,high_priority
PFE,DividendsPayableCurrentAndNoncurrent,Dividends Payable,USD,,2010-10-03,1000000.0,1450000000.0,-1449000000.0,-0.9993103448275862,0.000689655172413793,10-Q,2010-11-12,10,high_priority
PFE,DividendsPayableCurrentAndNoncurrent,Dividends Payable,USD,,2010-12-31,1601000000.0,1000000.0,1600000000.0,1600.0,1601.0,10-Q,2011-11-10,10,high_priority
PFE,DividendsPayableCurrentAndNoncurrent,Dividends Payable,USD,,2011-04-03,1000000.0,1601000000.0,-1600000000.0,-0.9993753903810119,0.0006246096189881324,10-Q,2011-05-12,10,high_priority
PFE,DividendsPayableCurrentAndNoncurrent,Dividends Payable,USD,,2011-07-03,1637000000.0,1000000.0,1636000000.0,1636.0,1637.0,10-Q,2011-08-11,10,high_priority
PFE,EquitySecuritiesFvNiRealizedGainLoss,"Equity Securities, FV-NI, Realized Gain (Loss)",USD,2023-01-01,2023-12-31,1754000000.0,1000000.0,1753000000.0,1753.0,1754.0,10-K,2026-02-26,51,high_priority
PFE,EquitySecuritiesFvNiRealizedGainLoss,"Equity Securities, FV-NI, Realized Gain (Loss)",USD,2024-04-01,2024-06-30,2000000.0,216000000.0,-214000000.0,-0.9907407407407407,0.009259259259259259,10-Q,2025-08-05,51,review
PFE,EquitySecuritiesFvNiRealizedGainLoss,"Equity Securities, FV-NI, Realized Gain (Loss)",USD,2024-01-01,2024-09-29,1129000000.0,2000000.0,1127000000.0,563.5,564.5,10-Q,2025-11-04,51,review
PFE,GainLossRelatedToLitigationSettlement,Gain (Loss) Related to Litigation Settlement,USD,2013-07-01,2013-09-29,-9000000.0,1342000000.0,-1351000000.0,-1.0067064083457526,0.0067064083457526085,10-Q,2014-11-06,80,review
PFE,GainLossRelatedToLitigationSettlement,Gain (Loss) Related to Litigation Settlement,USD,2013-01-01,2013-12-31,1342000000.0,-9000000.0,1351000000.0,-150.11111111111111,149.11111111111111,10-K,2016-02-29,80,review
PFE,GainsLossesOnExtinguishmentOfDebt,Gain (Loss) on Extinguishment of Debt,USD,2018-01-01,2018-04-01,-3000000.0,-999000000.0,996000000.0,-0.996996996996997,0.003003003003003003,10-Q,2019-05-09,23,review
PFE,ImpairmentOfIntangibleAssetsExcludingGoodwill,Impairment of Intangible Assets (Excluding Goodwill),USD,2018-01-01,2018-12-31,3100000000.0,31000000.0,3069000000.0,99.0,100.0,10-K,2021-02-25,56,review
PFE,ImpairmentOfIntangibleAssetsExcludingGoodwill,Impairment of Intangible Assets (Excluding Goodwill),USD,2019-01-01,2019-12-31,2800000000.0,10000000.0,2790000000.0,279.0,280.0,10-K,2022-02-24,56,review
PFE,IncomeLossFromContinuingOperationsIncludingPortionAttributableToNoncontrollingInterest,"Income (Loss) from Continuing Operations, Net of Tax, Including Portion Attributable to Noncontrolling Interest",USD,2024-04-01,2024-06-30,31000000.0,3159000000.0,-3128000000.0,-0.9901867679645457,0.009813232035454257,10-Q,2025-08-05,114,review
PFE,IncomeLossFromContinuingOperationsIncludingPortionAttributableToNoncontrollingInterest,"Income (Loss) from Continuing Operations, Net of Tax, Including Portion Attributable to Noncontrolling Interest",USD,2024-01-01,2024-09-29,7640000000.0,31000000.0,7609000000.0,245.4516129032258,246.4516129032258,10-Q,2025-11-04,114,review
PFE,IncomeLossFromDiscontinuedOperationsNetOfTax,"Income (Loss) from Discontinued Operations, Net of Tax, Including Portion Attributable to Noncontrolling Interest",USD,2013-07-01,2013-09-29,11000000.0,10719000000.0,-10708000000.0,-0.9989737848679914,0.001026215132008583,10-Q,2014-11-06,114,review
PFE,IncomeLossFromDiscontinuedOperationsNetOfTax,"Income (Loss) from Discontinued Operations, Net of Tax, Including Portion Attributable to Noncontrolling Interest",USD,2013-01-01,2013-12-31,10662000000.0,11000000.0,10651000000.0,968.2727272727273,969.2727272727273,10-K,2016-02-29,114,review
PFE,IncomeLossFromDiscontinuedOperationsNetOfTax,"Income (Loss) from Discontinued Operations, Net of Tax, Including Portion Attributable to Noncontrolling Interest",USD,2014-01-01,2014-03-30,73000000.0,10662000000.0,-10589000000.0,-0.9931532545488652,0.006846745451134871,10-Q,2015-05-07,114,review
PFE,IncomeLossFromDiscontinuedOperationsNetOfTax,"Income (Loss) from Discontinued Operations, Net of Tax, Including Portion Attributable to Noncontrolling Interest",USD,2018-01-01,2018-12-31,7328000000.0,11000000.0,7317000000.0,665.1818181818181,666.1818181818181,10-K,2021-02-25,114,review
PFE,IncomeLossFromDiscontinuedOperationsNetOfTax,"Income (Loss) from Discontinued Operations, Net of Tax, Including Portion Attributable to Noncontrolling Interest",USD,2019-01-01,2019-12-31,5318000000.0,4000000.0,5314000000.0,1328.5,1329.5,10-K,2022-02-24,114,high_priority
PFE,IncomeLossFromDiscontinuedOperationsNetOfTax,"Income (Loss) from Discontinued Operations, Net of Tax, Including Portion Attributable to Noncontrolling Interest",USD,2021-01-01,2021-04-04,1000000.0,2529000000.0,-2528000000.0,-0.9996045867931989,0.00039541320680110717,10-Q,2022-05-11,114,high_priority
PFE,IncomeLossFromDiscontinuedOperationsNetOfTax,"Income (Loss) from Discontinued Operations, Net of Tax, Including Portion Attributable to Noncontrolling Interest",USD,2021-01-01,2021-07-04,-235000000.0,1000000.0,-236000000.0,-236.0,235.0,10-Q,2022-08-10,114,review
PFE,IncomeLossFromDiscontinuedOperationsNetOfTaxAttributableToReportingEntity,"Income (Loss) from Discontinued Operations, Net of Tax, Attributable to Parent",USD,2013-07-01,2013-09-29,11000000.0,10669000000.0,-10658000000.0,-0.9989689755366014,0.0010310244633986315,10-Q,2014-11-06,69,review
PFE,IncomeLossFromDiscontinuedOperationsNetOfTaxAttributableToReportingEntity,"Income (Loss) from Discontinued Operations, Net of Tax, Attributable to Parent",USD,2013-01-01,2013-09-29,10680000000.0,11000000.0,10669000000.0,969.9090909090909,970.9090909090909,10-Q,2014-11-06,69,review
PFE,IncomeLossFromDiscontinuedOperationsNetOfTaxAttributableToReportingEntity,"Income (Loss) from Discontinued Operations, Net of Tax, Attributable to Parent",USD,2014-01-01,2014-03-30,73000000.0,10623000000.0,-10550000000.0,-0.9931281182340205,0.0068718817659794785,10-Q,2015-05-07,69,review
PFE,IncomeLossFromDiscontinuedOperationsNetOfTaxAttributableToReportingEntity,"Income (Loss) from Discontinued Operations, Net of Tax, Attributable to Parent",USD,2018-01-01,2018-12-31,7328000000.0,10000000.0,7318000000.0,731.8,732.8,10-K,2021-02-25,69,review
PFE,IncomeLossFromDiscontinuedOperationsNetOfTaxAttributableToReportingEntity,"Income (Loss) from Discontinued Operations, Net of Tax, Attributable to Parent",USD,2019-01-01,2019-12-31,5318000000.0,4000000.0,5314000000.0,1328.5,1329.5,10-K,2022-02-24,69,high_priority
PFE,IncomeLossFromDiscontinuedOperationsNetOfTaxAttributableToReportingEntity,"Income (Loss) from Discontinued Operations, Net of Tax, Attributable to Parent",USD,2021-01-01,2021-04-04,1000000.0,2529000000.0,-2528000000.0,-0.9996045867931989,0.00039541320680110717,10-Q,2022-05-11,69,high_priority
PFE,IncomeLossFromDiscontinuedOperationsNetOfTaxAttributableToReportingEntity,"Income (Loss) from Discontinued Operations, Net of Tax, Attributable to Parent",USD,2021-04-05,2021-07-04,-236000000.0,1000000.0,-237000000.0,-237.0,236.0,10-Q,2022-08-10,69,review
PFE,IncomeLossFromDiscontinuedOperationsNetOfTaxPerBasicShare,"Income (Loss) from Discontinued Operations and Disposal of Discontinued Operations, Net of Tax, Per Basic Share",USD/shares,2014-01-01,2014-03-30,0.01,1.56,-1.55,-0.9935897435897436,0.00641025641025641,10-Q,2015-05-07,113,review
PFE,IncomeLossFromDiscontinuedOperationsNetOfTaxPerDilutedShare,"Income (Loss) from Discontinued Operations and Disposal of Discontinued Operations, Net of Tax, Per Diluted Share",USD/shares,2014-01-01,2014-03-30,0.01,1.54,-1.53,-0.9935064935064934,0.006493506493506493,10-Q,2015-05-07,113,review
PFE,IncreaseDecreaseInAccruedIncomeTaxesPayable,Increase (Decrease) in Income Taxes Payable,USD,2011-01-01,2011-12-31,-18000000.0,-12666000000.0,12648000000.0,-0.9985788725722407,0.0014211274277593558,10-K,2014-02-28,7,review
PFE,LiabilitiesOfDisposalGroupIncludingDiscontinuedOperationCurrent,"Disposal Group, Including Discontinued Operation, Liabilities, Current",USD,,2019-12-31,2413000000.0,21000000.0,2392000000.0,113.9047619047619,114.9047619047619,10-K,2021-02-25,11,review
PFE,LongTermDebtCurrent,"Long-term Debt, Current Maturities",USD,,2010-12-31,3502000000.0,27000000.0,3475000000.0,128.7037037037037,129.7037037037037,10-K,2012-02-28,47,review
PFE,LongTermDebtCurrent,"Long-term Debt, Current Maturities",USD,,2011-12-31,6000000.0,3502000000.0,-3496000000.0,-0.9982866933181039,0.0017133066818960593,10-K,2013-02-28,47,review
PFE,LongTermDebtCurrent,"Long-term Debt, Current Maturities",USD,,2012-12-31,2449000000.0,6000000.0,2443000000.0,407.1666666666667,408.1666666666667,10-K,2014-02-28,47,review
PFE,LossContingencyLossInPeriod,"Loss Contingency, Loss in Period",USD,2014-03-31,2014-06-29,4000000.0,698000000.0,-694000000.0,-0.994269340974212,0.0057306590257879654,10-Q,2014-08-07,33,review
PFE,NetCashProvidedByUsedInInvestingActivities,Net Cash Provided by (Used in) Investing Activities,USD,2014-01-01,2014-03-30,-98000000.0,-10544000000.0,10446000000.0,-0.9907056145675266,0.009294385432473445,10-Q,2015-05-07,76,review
PFE,NetCashProvidedByUsedInInvestingActivities,Net Cash Provided by (Used in) Investing Activities,USD,2017-01-01,2017-10-01,19000000.0,3030000000.0,-3011000000.0,-0.9937293729372937,0.006270627062706271,10-Q,2018-11-08,76,review
PFE,NetCashProvidedByUsedInInvestingActivities,Net Cash Provided by (Used in) Investing Activities,USD,2017-01-01,2017-12-31,-4740000000.0,19000000.0,-4759000000.0,-250.47368421052633,249.47368421052633,10-K,2020-02-27,76,review
PFE,NetCashProvidedByUsedInInvestingActivities,Net Cash Provided by (Used in) Investing Activities,USD,2020-01-01,2020-06-28,-13082000000.0,-71000000.0,-13011000000.0,183.25352112676057,184.25352112676057,10-Q,2021-08-12,76,review
PFE,NetCashProvidedByUsedInOperatingActivities,Net Cash Provided by (Used in) Operating Activities,USD,2023-01-01,2023-07-02,4000000.0,1212000000.0,-1208000000.0,-0.9966996699669967,0.0033003300330033004,10-Q,2024-08-05,76,review
PFE,NetCashProvidedByUsedInOperatingActivities,Net Cash Provided by (Used in) Operating Activities,USD,2023-01-01,2023-10-01,3460000000.0,4000000.0,3456000000.0,864.0,865.0,10-Q,2024-11-04,76,review
PFE,NetCashProvidedByUsedInOperatingActivitiesContinuingOperations,"Net Cash Provided by (Used in) Operating Activities, Continuing Operations",USD,2023-01-01,2023-07-02,4000000.0,29267000000.0,-29263000000.0,-0.9998633272969556,0.00013667270304438446,10-Q,2023-08-09,16,high_priority
PFE,NetCashProvidedByUsedInOperatingActivitiesContinuingOperations,"Net Cash Provided by (Used in) Operating Activities, Continuing Operations",USD,2023-01-01,2023-12-31,8700000000.0,4000000.0,8696000000.0,2174.0,2175.0,10-K,2024-02-22,16,high_priority
PFE,NetIncomeLossAvailableToCommonStockholdersBasic,"Net Income (Loss) Available to Common Stockholders, Basic",USD,2024-07-01,2024-09-29,4465000000.0,41000000.0,4424000000.0,107.90243902439025,108.90243902439025,10-Q,2025-11-04,108,review
PFE,OtherComprehensiveIncomeDefinedBenefitPlanNetPriorServiceCostCreditArisingDuringPeriodBeforeTax,"Other Comprehensive (Income) Loss, Defined Benefit Plan, Prior Service Cost (Credit), before Tax",USD,2011-01-01,2011-04-03,1000000.0,-550000000.0,551000000.0,-1.0018181818181817,0.0018181818181818182,10-Q,2012-05-10,63,review
PFE,OtherComprehensiveIncomeDefinedBenefitPlanNetPriorServiceCostCreditArisingDuringPeriodBeforeTax,"Other Comprehensive (Income) Loss, Defined Benefit Plan, Prior Service Cost (Credit), before Tax",USD,2011-01-01,2011-12-31,-106000000.0,-1000000.0,-105000000.0,105.0,106.0,10-K,2014-02-28,63,review
PFE,OtherComprehensiveIncomeDefinedBenefitPlanNetPriorServiceCostCreditArisingDuringPeriodBeforeTax,"Other Comprehensive (Income) Loss, Defined Benefit Plan, Prior Service Cost (Credit), before Tax",USD,2015-01-01,2015-03-29,1000000.0,-746000000.0,747000000.0,-1.0013404825737264,0.0013404825737265416,10-Q,2016-05-12,63,review
PFE,OtherComprehensiveIncomeDefinedBenefitPlanNetPriorServiceCostCreditArisingDuringPeriodBeforeTax,"Other Comprehensive (Income) Loss, Defined Benefit Plan, Prior Service Cost (Credit), before Tax",USD,2015-01-01,2015-06-28,-506000000.0,1000000.0,-507000000.0,-507.0,506.0,10-Q,2016-08-11,63,review
PFE,OtherComprehensiveIncomeDefinedBenefitPlansAdjustmentNetOfTaxPeriodIncreaseDecrease,"Other Comprehensive Income (Loss), Pension and Other Postretirement Benefit Plans, Adjustment, Net of Tax (Deprecated 2012-01-31)",USD,2011-01-01,2011-04-03,2000000.0,239000000.0,-237000000.0,-0.9916317991631799,0.008368200836820083,10-Q,2011-05-12,16,review
PFE,OtherComprehensiveIncomeDefinedBenefitPlansNetUnamortizedGainLossArisingDuringPeriodNetOfTax,"Other Comprehensive Income (Loss), Defined Benefit Plan, Gain (Loss) Arising During Period, after Tax",USD,2020-01-01,2020-09-27,-1200000000.0,-11000000.0,-1189000000.0,108.0909090909091,109.0909090909091,10-Q,2020-11-05,7,review
PFE,OtherComprehensiveIncomeDefinedBenefitPlansNetUnamortizedGainLossArisingDuringPeriodTax,"Other Comprehensive Income (Loss), Defined Benefit Plan, Gain (Loss) Arising During Period, Tax",USD,2011-07-04,2011-10-02,1000000.0,-504000000.0,505000000.0,-1.001984126984127,0.001984126984126984,10-Q,2012-11-09,58,review
PFE,OtherComprehensiveIncomeDefinedBenefitPlansNetUnamortizedGainLossArisingDuringPeriodTax,"Other Comprehensive Income (Loss), Defined Benefit Plan, Gain (Loss) Arising During Period, Tax",USD,2011-01-01,2011-12-31,-993000000.0,1000000.0,-994000000.0,-994.0,993.0,10-K,2014-02-28,58,review
PFE,OtherComprehensiveIncomeDefinedBenefitPlansNetUnamortizedGainLossArisingDuringPeriodTax,"Other Comprehensive Income (Loss), Defined Benefit Plan, Gain (Loss) Arising During Period, Tax",USD,2013-01-01,2013-03-31,6000000.0,-721000000.0,727000000.0,-1.0083217753120666,0.008321775312066574,10-Q,2014-05-08,58,review
PFE,OtherComprehensiveIncomeDefinedBenefitPlansNetUnamortizedGainLossArisingDuringPeriodTax,"Other Comprehensive Income (Loss), Defined Benefit Plan, Gain (Loss) Arising During Period, Tax",USD,2013-01-01,2013-12-31,1422000000.0,-1000000.0,1423000000.0,-1423.0,1422.0,10-K,2016-02-29,58,high_priority
PFE,OtherComprehensiveIncomeDefinedBenefitPlansNetUnamortizedGainLossArisingDuringPeriodTax,"Other Comprehensive Income (Loss), Defined Benefit Plan, Gain (Loss) Arising During Period, Tax",USD,2014-01-01,2014-03-30,1000000.0,1422000000.0,-1421000000.0,-0.9992967651195499,0.0007032348804500703,10-Q,2015-05-07,58,high_priority
PFE,OtherComprehensiveIncomeDefinedBenefitPlansNetUnamortizedGainLossArisingDuringPeriodTax,"Other Comprehensive Income (Loss), Defined Benefit Plan, Gain (Loss) Arising During Period, Tax",USD,2014-01-01,2014-12-31,-1416000000.0,3000000.0,-1419000000.0,-473.0,472.0,10-K,2017-02-23,58,review
PFE,OtherComprehensiveIncomeDefinedBenefitPlansNetUnamortizedGainLossArisingDuringPeriodTax,"Other Comprehensive Income (Loss), Defined Benefit Plan, Gain (Loss) Arising During Period, Tax",USD,2015-01-01,2015-03-29,12000000.0,-1416000000.0,1428000000.0,-1.0084745762711864,0.00847457627118644,10-Q,2016-05-12,58,review
PFE,OtherComprehensiveIncomeDefinedBenefitPlansNetUnamortizedGainLossArisingDuringPeriodTax,"Other Comprehensive Income (Loss), Defined Benefit Plan, Gain (Loss) Arising During Period, Tax",USD,2020-06-29,2020-09-27,-288000000.0,2000000.0,-290000000.0,-145.0,144.0,10-Q,2020-11-05,58,review
PFE,OtherComprehensiveIncomeLossCashFlowHedgeGainLossAfterReclassificationTax,"Other Comprehensive Income (Loss), Cash Flow Hedge, Gain (Loss), after Reclassification, Tax",USD,2017-07-03,2017-10-01,-1000000.0,-139000000.0,138000000.0,-0.9928057553956835,0.007194244604316547,10-Q,2018-11-08,57,review
PFE,OtherComprehensiveIncomeLossCashFlowHedgeGainLossAfterReclassificationTax,"Other Comprehensive Income (Loss), Cash Flow Hedge, Gain (Loss), after Reclassification, Tax",USD,2017-01-01,2017-12-31,-152000000.0,-1000000.0,-151000000.0,151.0,152.0,10-K,2020-02-27,57,review
PFE,OtherComprehensiveIncomeLossCashFlowHedgeGainLossBeforeReclassificationAndTax,"Other Comprehensive Income (Loss), Cash Flow Hedge, Gain (Loss), before Reclassification and Tax",USD,2023-01-01,2023-04-02,2000000.0,1444000000.0,-1442000000.0,-0.9986149584487535,0.0013850415512465374,10-Q,2024-05-08,57,review
PFE,OtherComprehensiveIncomeLossCashFlowHedgeGainLossBeforeReclassificationAndTax,"Other Comprehensive Income (Loss), Cash Flow Hedge, Gain (Loss), before Reclassification and Tax",USD,2025-06-30,2025-09-28,-1000000.0,-396000000.0,395000000.0,-0.9974747474747475,0.0025252525252525255,10-Q,2025-11-04,57,review
PFE,OtherComprehensiveIncomeLossCashFlowHedgeGainLossBeforeReclassificationAndTax,"Other Comprehensive Income (Loss), Cash Flow Hedge, Gain (Loss), before Reclassification and Tax",USD,2025-01-01,2025-12-31,-212000000.0,-1000000.0,-211000000.0,211.0,212.0,10-K,2026-02-26,57,review
PFE,OtherComprehensiveIncomeLossDerivativesQualifyingAsHedgesTax,"Other Comprehensive Income (Loss), Derivatives Qualifying as Hedges, Tax",USD,2017-07-03,2017-10-01,-1000000.0,-139000000.0,138000000.0,-0.9928057553956835,0.007194244604316547,10-Q,2017-11-09,43,review
PFE,OtherComprehensiveIncomeLossDerivativesQualifyingAsHedgesTax,"Other Comprehensive Income (Loss), Derivatives Qualifying as Hedges, Tax",USD,2017-01-01,2017-12-31,-152000000.0,-1000000.0,-151000000.0,151.0,152.0,10-K,2018-02-22,43,review
PFE,OtherComprehensiveIncomeLossNetOfTax,"Other Comprehensive Income (Loss), Net of Tax",USD,2016-01-01,2016-04-03,-4000000.0,-2232000000.0,2228000000.0,-0.9982078853046595,0.0017921146953405018,10-Q,2017-05-11,93,review
PFE,OtherComprehensiveIncomeLossNetOfTax,"Other Comprehensive Income (Loss), Net of Tax",USD,2016-01-01,2016-07-03,629000000.0,-4000000.0,633000000.0,-158.25,157.25,10-Q,2017-08-10,93,review
PFE,OtherComprehensiveIncomeLossNetOfTax,"Other Comprehensive Income (Loss), Net of Tax",USD,2023-01-01,2023-04-02,12000000.0,-2422000000.0,2434000000.0,-1.004954582989265,0.00495458298926507,10-Q,2024-05-08,93,review
PFE,OtherComprehensiveIncomeLossNetOfTaxPortionAttributableToParent,"Other Comprehensive Income (Loss), Net of Tax, Portion Attributable to Parent",USD,2016-01-01,2016-04-03,2000000.0,-2206000000.0,2208000000.0,-1.0009066183136899,0.0009066183136899365,10-Q,2016-05-12,14,high_priority
PFE,OtherComprehensiveIncomeLossNetOfTaxPortionAttributableToParent,"Other Comprehensive Income (Loss), Net of Tax, Portion Attributable to Parent",USD,2016-01-01,2016-07-03,630000000.0,2000000.0,628000000.0,314.0,315.0,10-Q,2016-08-11,14,review
PFE,OtherComprehensiveIncomeLossPensionAndOtherPostretirementBenefitPlansNetUnamortizedGainLossArisingDuringPeriodBeforeTax,"Other Comprehensive Income (Loss), Defined Benefit Plan, Gain (Loss) Arising During Period, before Tax",USD,2011-04-01,2011-07-03,3000000.0,-1426000000.0,1429000000.0,-1.0021037868162692,0.0021037868162692847,10-Q,2012-08-09,66,review
PFE,OtherComprehensiveIncomeLossPensionAndOtherPostretirementBenefitPlansNetUnamortizedGainLossArisingDuringPeriodBeforeTax,"Other Comprehensive Income (Loss), Defined Benefit Plan, Gain (Loss) Arising During Period, before Tax",USD,2011-01-01,2011-12-31,-2246000000.0,4000000.0,-2250000000.0,-562.5,561.5,10-K,2014-02-28,66,review
PFE,OtherComprehensiveIncomeLossPensionAndOtherPostretirementBenefitPlansNetUnamortizedGainLossArisingDuringPeriodBeforeTax,"Other Comprehensive Income (Loss), Defined Benefit Plan, Gain (Loss) Arising During Period, before Tax",USD,2013-01-01,2013-03-31,18000000.0,-2136000000.0,2154000000.0,-1.0084269662921348,0.008426966292134831,10-Q,2013-05-10,66,review
PFE,OtherComprehensiveIncomeLossPensionAndOtherPostretirementBenefitPlansNetUnamortizedGainLossArisingDuringPeriodBeforeTax,"Other Comprehensive Income (Loss), Defined Benefit Plan, Gain (Loss) Arising During Period, before Tax",USD,2013-01-01,2013-12-31,3714000000.0,-13000000.0,3727000000.0,-286.6923076923077,285.6923076923077,10-K,2016-02-29,66,review
PFE,OtherComprehensiveIncomeLossPensionAndOtherPostretirementBenefitPlansNetUnamortizedGainLossArisingDuringPeriodBeforeTax,"Other Comprehensive Income (Loss), Defined Benefit Plan, Gain (Loss) Arising During Period, before Tax",USD,2014-01-01,2014-03-30,6000000.0,3714000000.0,-3708000000.0,-0.9983844911147012,0.0016155088852988692,10-Q,2015-05-07,66,review
PFE,OtherComprehensiveIncomeLossPensionAndOtherPostretirementBenefitPlansNetUnamortizedGainLossArisingDuringPeriodBeforeTax,"Other Comprehensive Income (Loss), Defined Benefit Plan, Gain (Loss) Arising During Period, before Tax",USD,2014-01-01,2014-12-31,-4173000000.0,13000000.0,-4186000000.0,-322.0,321.0,10-K,2017-02-23,66,review
PFE,OtherComprehensiveIncomeLossPensionAndOtherPostretirementBenefitPlansNetUnamortizedGainLossArisingDuringPeriodBeforeTax,"Other Comprehensive Income (Loss), Defined Benefit Plan, Gain (Loss) Arising During Period, before Tax",USD,2015-01-01,2015-03-29,32000000.0,-4173000000.0,4205000000.0,-1.0076683441169423,0.007668344116942248,10-Q,2016-05-12,66,review
PFE,OtherComprehensiveIncomeLossPensionAndOtherPostretirementBenefitPlansNetUnamortizedGainLossArisingDuringPeriodBeforeTax,"Other Comprehensive Income (Loss), Defined Benefit Plan, Gain (Loss) Arising During Period, before Tax",USD,2017-01-01,2017-04-02,1000000.0,-1888000000.0,1889000000.0,-1.0005296610169492,0.0005296610169491525,10-Q,2018-05-10,66,high_priority
PFE,OtherComprehensiveIncomeLossReclassificationAdjustmentForSaleOfSecuritiesIncludedInNetIncomeBeforeTax,"Other Comprehensive Income (Loss), Reclassification Adjustment for Sale of Securities Included in Net Income, before Tax (Deprecated 2013-01-31)",USD,2011-04-01,2011-07-03,-1000000.0,-141000000.0,140000000.0,-0.9929078014184397,0.0070921985815602835,10-Q,2012-08-09,13,review
PFE,OtherComprehensiveIncomeLossTax,"Other Comprehensive Income (Loss), Tax",USD,2012-01-01,2012-07-01,-1000000.0,204000000.0,-205000000.0,-1.0049019607843137,0.004901960784313725,10-Q,2013-08-09,94,review
PFE,OtherComprehensiveIncomeLossTax,"Other Comprehensive Income (Loss), Tax",USD,2012-04-02,2012-07-01,-205000000.0,-1000000.0,-204000000.0,204.0,205.0,10-Q,2013-08-09,94,review
PFE,OtherComprehensiveIncomeLossTax,"Other Comprehensive Income (Loss), Tax",USD,2014-01-01,2014-03-30,-17000000.0,1928000000.0,-1945000000.0,-1.008817427385892,0.008817427385892116,10-Q,2015-05-07,94,review
PFE,OtherComprehensiveIncomeUnrealizedGainLossOnDerivativesArisingDuringPeriodBeforeTax,"Other Comprehensive Income (Loss), Unrealized Gain (Loss) on Derivatives Arising During Period, before Tax",USD,2014-01-01,2014-09-28,-229000000.0,1000000.0,-230000000.0,-230.0,229.0,10-Q,2015-11-05,44,review
PFE,OtherNonoperatingIncomeExpense,Other Nonoperating Income (Expense),USD,2011-01-01,2011-04-03,1000000.0,147000000.0,-146000000.0,-0.9931972789115646,0.006802721088435374,10-Q,2012-05-10,105,review
PFE,PaymentsForProceedsFromOtherInvestingActivities,Payments for (Proceeds from) Other Investing Activities,USD,2025-01-01,2025-03-30,-300000000.0,-2000000.0,-298000000.0,149.0,150.0,10-Q,2026-05-05,76,review
PFE,PaymentsToAcquireBusinessesNetOfCashAcquired,"Payments to Acquire Businesses, Net of Cash Acquired",USD,2010-01-01,2010-12-31,273000000.0,43123000000.0,-42850000000.0,-0.9936692716183939,0.006330728381606103,10-K,2013-02-28,60,review
PFE,PaymentsToAcquireBusinessesNetOfCashAcquired,"Payments to Acquire Businesses, Net of Cash Acquired",USD,2016-01-01,2016-04-03,110000000.0,16466000000.0,-16356000000.0,-0.9933195675938297,0.00668043240617029,10-Q,2017-05-11,60,review
PFE,PaymentsToAcquireBusinessesNetOfCashAcquired,"Payments to Acquire Businesses, Net of Cash Acquired",USD,2023-01-01,2023-12-31,43430000000.0,25000000.0,43405000000.0,1736.2,1737.2,10-K,2026-02-26,60,high_priority
PFE,ProceedsFromIssuanceOfLongTermDebt,Proceeds from Issuance of Long-term Debt,USD,2010-01-01,2010-04-04,2000000.0,24023000000.0,-24021000000.0,-0.9999167464513175,8.325354868251259e-05,10-Q,2010-05-13,62,high_priority
PFE,ProceedsFromRepaymentsOfShortTermDebtMaturingInThreeMonthsOrLess,"Proceeds from (Repayments of) Short-term Debt, Maturing in Three Months or Less",USD,2013-01-01,2013-03-31,3485000000.0,-30000000.0,3515000000.0,-117.16666666666667,116.16666666666667,10-Q,2014-05-08,64,review
PFE,ProceedsFromRepaymentsOfShortTermDebtMaturingInThreeMonthsOrLess,"Proceeds from (Repayments of) Short-term Debt, Maturing in Three Months or Less",USD,2021-01-01,2021-04-04,-25000000.0,-4129000000.0,4104000000.0,-0.9939452651973844,0.006054734802615646,10-Q,2022-05-11,64,review
PFE,ProceedsFromSaleMaturityAndCollectionOfLongtermInvestments,"Proceeds from Sale, Maturity and Collection of Long-term Investments",USD,2019-01-01,2019-03-31,44000000.0,6244000000.0,-6200000000.0,-0.9929532351057014,0.007046764894298526,10-Q,2020-05-07,67,review
PFE,ProceedsFromShortTermDebt,Proceeds from Short-term Debt,USD,2015-01-01,2015-03-29,1999000000.0,13000000.0,1986000000.0,152.76923076923077,153.76923076923077,10-Q,2016-05-12,54,review
PFE,ProceedsFromShortTermDebt,Proceeds from Short-term Debt,USD,2023-01-01,2023-04-02,11000000.0,3891000000.0,-3880000000.0,-0.9971729632485222,0.002827036751477769,10-Q,2024-05-08,54,review
PFE,ProceedsFromShortTermDebt,Proceeds from Short-term Debt,USD,2023-01-01,2023-12-31,4525000000.0,14000000.0,4511000000.0,322.2142857142857,323.2142857142857,10-K,2026-02-26,54,review
PFE,ProfitLoss,"Net Income (Loss), Including Portion Attributable to Noncontrolling Interest",USD,2024-01-01,2024-09-29,7644000000.0,48000000.0,7596000000.0,158.25,159.25,10-Q,2025-11-04,114,review
PFE,RepaymentsOfLongTermDebt,Repayments of Long-term Debt,USD,2010-01-01,2010-04-04,9000000.0,967000000.0,-958000000.0,-0.9906928645294726,0.009307135470527405,10-Q,2011-05-12,75,review
PFE,RepaymentsOfLongTermDebt,Repayments of Long-term Debt,USD,2011-01-01,2011-04-03,3878000000.0,6000000.0,3872000000.0,645.3333333333334,646.3333333333334,10-Q,2012-05-10,75,review
PFE,RepaymentsOfLongTermDebt,Repayments of Long-term Debt,USD,2012-01-01,2012-04-01,3000000.0,6986000000.0,-6983000000.0,-0.9995705697108502,0.00042943028914972805,10-Q,2013-05-10,75,high_priority
PFE,RepaymentsOfLongTermDebt,Repayments of Long-term Debt,USD,2012-01-01,2012-12-31,1513000000.0,14000000.0,1499000000.0,107.07142857142857,108.07142857142857,10-K,2015-02-27,75,review
PFE,RepaymentsOfLongTermDebt,Repayments of Long-term Debt,USD,2013-01-01,2013-03-31,2000000.0,1513000000.0,-1511000000.0,-0.998678122934567,0.0013218770654329147,10-Q,2014-05-08,75,review
PFE,RepaymentsOfLongTermDebt,Repayments of Long-term Debt,USD,2013-01-01,2013-06-30,2394000000.0,2000000.0,2392000000.0,1196.0,1197.0,10-Q,2014-08-07,75,high_priority
PFE,RepaymentsOfShortTermDebt,Repayments of Short-term Debt,USD,2014-01-01,2014-03-30,3000000.0,4234000000.0,-4231000000.0,-0.9992914501653283,0.0007085498346717053,10-Q,2015-05-07,54,high_priority
PFE,RepaymentsOfShortTermDebt,Repayments of Short-term Debt,USD,2015-01-01,2015-12-31,3965000000.0,16000000.0,3949000000.0,246.8125,247.8125,10-K,2018-02-22,54,review
PFE,RepaymentsOfShortTermDebt,Repayments of Short-term Debt,USD,2024-01-01,2024-03-31,328000000.0,3000000.0,325000000.0,108.33333333333333,109.33333333333333,10-Q,2025-05-05,54,review
PFE,ResearchAndDevelopmentAssetAcquiredOtherThanThroughBusinessCombinationWrittenOff,"Research and Development Asset Acquired Other than Through Business Combination, Written-off",USD,2022-04-04,2022-07-03,1000000.0,356000000.0,-355000000.0,-0.9971910112359551,0.0028089887640449437,10-Q,2023-08-09,34,review
PFE,ResearchAndDevelopmentAssetAcquiredOtherThanThroughBusinessCombinationWrittenOff,"Research and Development Asset Acquired Other than Through Business Combination, Written-off",USD,2022-01-01,2022-10-02,880000000.0,1000000.0,879000000.0,879.0,880.0,10-Q,2023-11-08,34,review
PFE,ResearchAndDevelopmentAssetAcquiredOtherThanThroughBusinessCombinationWrittenOff,"Research and Development Asset Acquired Other than Through Business Combination, Written-off",USD,2025-06-30,2025-09-28,1390000000.0,11000000.0,1379000000.0,125.36363636363636,126.36363636363636,10-Q,2025-11-04,34,review
PFE,RestructuringAndRelatedCostExpectedNumberOfPositionsEliminated,"Restructuring and Related Cost, Expected Number of Positions Eliminated",Employee,2014-01-01,2014-03-30,200.0,65100.0,-64900.0,-0.9969278033794163,0.0030721966205837174,10-Q,2014-05-08,14,review
PFE,RestructuringCharges,Restructuring Charges,USD,2013-01-01,2013-03-31,95000000.0,15700000000.0,-15605000000.0,-0.9939490445859872,0.006050955414012739,10-Q,2014-05-08,96,review
PFE,RestructuringCharges,Restructuring Charges,USD,2005-01-01,2013-06-30,15900000000.0,95000000.0,15805000000.0,166.3684210526316,167.3684210526316,10-Q,2013-08-09,96,review
PFE,RestructuringCharges,Restructuring Charges,USD,2005-01-01,2013-09-29,16100000000.0,150000000.0,15950000000.0,106.33333333333333,107.33333333333333,10-Q,2013-11-08,96,review
PFE,RestructuringCharges,Restructuring Charges,USD,2017-01-01,2017-04-02,-5000000.0,1055000000.0,-1060000000.0,-1.004739336492891,0.004739336492890996,10-Q,2018-05-10,96,review
PFE,RestructuringCharges,Restructuring Charges,USD,2021-01-01,2021-10-03,656000000.0,-5000000.0,661000000.0,-132.2,131.2,10-Q,2022-11-09,96,review
PFE,RestructuringCharges,Restructuring Charges,USD,2024-01-01,2024-03-31,10000000.0,1968000000.0,-1958000000.0,-0.9949186991869918,0.00508130081300813,10-Q,2025-05-05,96,review
PFE,RestructuringCharges,Restructuring Charges,USD,2024-04-01,2024-06-30,1104000000.0,10000000.0,1094000000.0,109.4,110.4,10-Q,2025-08-05,96,review
PFE,SeveranceCosts1,Severance Costs,USD,2019-01-01,2019-03-31,-2000000.0,473000000.0,-475000000.0,-1.0042283298097252,0.004228329809725159,10-Q,2020-05-07,82,review
PFE,SeveranceCosts1,Severance Costs,USD,2021-07-05,2021-10-03,630000000.0,-4000000.0,634000000.0,-158.5,157.5,10-Q,2022-11-09,82,review
PFE,ShareBasedCompensationArrangementByShareBasedPaymentAwardOptionsVestedAndExpectedToVestExercisableAggregateIntrinsicValue,"Share-based Compensation Arrangement by Share-based Payment Award, Options, Vested and Expected to Vest, Exercisable, Aggregate Intrinsic Value",USD,,2014-12-31,1222000000.0,3000000.0,1219000000.0,406.3333333333333,407.3333333333333,10-K,2015-02-27,13,review
PFE,StockIssuedDuringPeriodSharesStockOptionsExercised,"Share-based Compensation Arrangement by Share-based Payment Award, Options, Exercises in Period",shares,2024-01-01,2024-12-31,4000.0,6709000.0,-6705000.0,-0.9994037859591594,0.0005962140408406618,10-K,2025-02-27,11,high_priority
PFE,StockholdersEquityOther,"Stockholders' Equity, Other",USD,2018-04-02,2018-07-01,2000000.0,-1172000000.0,1174000000.0,-1.0017064846416381,0.0017064846416382253,10-Q,2019-08-08,62,review
PFE,StockholdersEquityOther,"Stockholders' Equity, Other",USD,2018-01-01,2018-09-30,-1171000000.0,2000000.0,-1173000000.0,-586.5,585.5,10-Q,2019-11-07,62,review
UNH,BusinessCombinationRecognizedIdentifiableAssetsAcquiredAndLiabilitiesAssumedCurrentLiabilitiesOther,"Business Combination, Recognized Identifiable Assets Acquired and Liabilities Assumed, Current Liabilities, Other",USD,,2023-03-31,1000000.0,177000000.0,-176000000.0,-0.9943502824858758,0.005649717514124294,10-Q,2023-05-03,10,review
UNH,GoodwillWrittenOffRelatedToSaleOfBusinessUnit,"Goodwill, Written off Related to Sale of Business Unit",USD,2011-01-01,2011-06-30,216000000.0,2000000.0,214000000.0,107.0,108.0,10-Q,2011-08-02,5,review
UNH,IncomeLossFromContinuingOperationsBeforeIncomeTaxesExtraordinaryItemsNoncontrollingInterest,"Income (Loss) from Continuing Operations before Income Taxes, Noncontrolling Interest",USD,2024-01-01,2024-03-31,1000000.0,29112000000.0,-29111000000.0,-0.9999656499038198,3.43500961802693e-05,10-Q,2025-05-07,37,high_priority
UNH,IncomeLossFromContinuingOperationsBeforeIncomeTaxesExtraordinaryItemsNoncontrollingInterest,"Income (Loss) from Continuing Operations before Income Taxes, Noncontrolling Interest",USD,2024-01-01,2024-06-30,5666000000.0,1000000.0,5665000000.0,5665.0,5666.0,10-Q,2025-08-11,37,high_priority
UNH,IncreaseDecreaseInDeferredRevenue,Increase (Decrease) in Deferred Revenue,USD,2018-01-01,2018-09-30,20000000.0,4946000000.0,-4926000000.0,-0.9959563283461383,0.0040436716538617065,10-Q,2019-11-06,73,review
UNH,LiabilityForUnpaidClaimsAndClaimsAdjustmentExpenseBusinessAcquisitions,"Liability for Unpaid Claims and Claims Adjustment Expense, Business Acquisitions",USD,2023-01-01,2023-03-31,1000000.0,308000000.0,-307000000.0,-0.9967532467532467,0.003246753246753247,10-Q,2024-05-09,44,review
UNH,LiabilityForUnpaidClaimsAndClaimsAdjustmentExpenseBusinessAcquisitions,"Liability for Unpaid Claims and Claims Adjustment Expense, Business Acquisitions",USD,2024-01-01,2024-03-31,-687000000.0,1000000.0,-688000000.0,-688.0,687.0,10-Q,2025-05-07,44,review
UNH,NetCashProvidedByUsedInInvestingActivities,Net Cash Provided by (Used in) Investing Activities,USD,2025-01-01,2025-03-31,-74000000.0,-20527000000.0,20453000000.0,-0.9963949919618064,0.0036050080381935987,10-Q,2026-05-05,74,review
UNH,NoncontrollingInterestIncreaseFromBusinessCombination,"Noncontrolling Interest, Increase from Business Combination",USD,2017-01-01,2017-03-31,2191000000.0,9000000.0,2182000000.0,242.44444444444446,243.44444444444446,10-Q,2018-05-07,20,review
UNH,OtherComprehensiveIncomeForeignCurrencyTransactionAndTranslationGainLossArisingDuringPeriodNetOfTax,"Other Comprehensive Income (Loss), Foreign Currency Transaction and Translation Gain (Loss) Arising During Period, Net of Tax",USD,2018-04-01,2018-06-30,-1069000000.0,-1000000.0,-1068000000.0,1068.0,1069.0,10-Q,2019-08-07,106,high_priority
UNH,OtherComprehensiveIncomeForeignCurrencyTransactionAndTranslationGainLossArisingDuringPeriodNetOfTax,"Other Comprehensive Income (Loss), Foreign Currency Transaction and Translation Gain (Loss) Arising During Period, Net of Tax",USD,2019-01-01,2019-03-31,-2000000.0,-1242000000.0,1240000000.0,-0.998389694041868,0.001610305958132045,10-Q,2020-05-06,106,review
UNH,OtherComprehensiveIncomeLossNetOfTax,"Other Comprehensive Income (Loss), Net of Tax",USD,2011-04-01,2011-06-30,125000000.0,-1000000.0,126000000.0,-126.0,125.0,10-Q,2012-08-07,93,review
UNH,OtherComprehensiveIncomeLossNetOfTax,"Other Comprehensive Income (Loss), Net of Tax",USD,2024-04-01,2024-06-30,16000000.0,3604000000.0,-3588000000.0,-0.9955604883462819,0.004439511653718091,10-Q,2025-08-11,93,review
UNH,ProceedsFromDivestitureOfBusinesses,Proceeds from Divestiture of Businesses,USD,2022-01-01,2022-12-31,3414000000.0,15000000.0,3399000000.0,226.6,227.6,10-K,2025-02-27,27,review
UNH,ProceedsFromRepaymentsOfCommercialPaper,Proceeds from (Repayments of) Commercial Paper,USD,2023-01-01,2023-12-31,11000000.0,1579000000.0,-1568000000.0,-0.9930335655478151,0.006966434452184927,10-K,2026-03-02,67,review
UNH,ProceedsFromRepaymentsOfCommercialPaper,Proceeds from (Repayments of) Commercial Paper,USD,2024-01-01,2024-03-31,6189000000.0,11000000.0,6178000000.0,561.6363636363636,562.6363636363636,10-Q,2025-05-07,67,review
UNH,ShareBasedCompensationArrangementByShareBasedPaymentAwardOptionsExercisableIntrinsicValue,"Share-based Compensation Arrangement by Share-based Payment Award, Options, Exercisable, Intrinsic Value (Deprecated 2011-01-31)",USD,2010-01-01,2010-09-30,351.0,180000.0,-179649.0,-0.99805,0.00195,10-Q,2010-11-03,3,review
UNH,ShareBasedCompensationArrangementByShareBasedPaymentAwardOptionsExercisableIntrinsicValue,"Share-based Compensation Arrangement by Share-based Payment Award, Options, Exercisable, Intrinsic Value (Deprecated 2011-01-31)",USD,2010-01-01,2010-12-31,283000000.0,351.0,282999649.0,806266.8062678062,806267.8062678062,10-K,2011-02-10,3,review
UNH,ShareBasedCompensationArrangementByShareBasedPaymentAwardOptionsExercisableWeightedAverageRemainingContractualTerm,"Share-based Compensation Arrangement by Share-based Payment Award, Options, Exercisable, Weighted Average Remaining Contractual Term (Deprecated 2012-01-31)",pure,2010-01-01,2010-09-30,4.3,4500.0,-4495.7,-0.9990444444444444,0.0009555555555555555,10-Q,2010-11-03,5,high_priority
UNH,ShareBasedCompensationArrangementByShareBasedPaymentAwardOptionsOutstandingIntrinsicValue,"Share-based Compensation Arrangement by Share-based Payment Award, Options, Outstanding, Intrinsic Value",USD,,2010-09-30,443.0,183000.0,-182557.0,-0.9975792349726776,0.0024207650273224044,10-Q,2010-11-03,31,review
UNH,ShareBasedCompensationArrangementByShareBasedPaymentAwardOptionsOutstandingIntrinsicValue,"Share-based Compensation Arrangement by Share-based Payment Award, Options, Outstanding, Intrinsic Value",USD,,2010-12-31,395000000.0,443.0,394999557.0,891646.855530474,891647.855530474,10-K,2011-02-10,31,high_priority
UNH,ShareBasedCompensationArrangementByShareBasedPaymentAwardOptionsOutstandingWeightedAverageRemainingContractualTerm,"Share-based Compensation Arrangement by Share-based Payment Award, Options, Outstanding, Weighted Average Remaining Contractual Term (Deprecated 2011-01-31)",pure,2010-01-01,2010-09-30,5.3,5500.0,-5494.7,-0.9990363636363636,0.0009636363636363636,10-Q,2010-11-03,3,review
UNH,ShareBasedCompensationArrangementByShareBasedPaymentAwardOptionsVestedAndExpectedToVestOutstandingAggregateIntrinsicValue,"Share-based Compensation Arrangement by Share-based Payment Award, Options, Vested and Expected to Vest, Outstanding, Aggregate Intrinsic Value",USD,,2010-09-30,430.0,183000.0,-182570.0,-0.9976502732240438,0.0023497267759562844,10-Q,2010-11-03,31,review
UNH,ShareBasedCompensationArrangementByShareBasedPaymentAwardOptionsVestedAndExpectedToVestOutstandingAggregateIntrinsicValue,"Share-based Compensation Arrangement by Share-based Payment Award, Options, Vested and Expected to Vest, Outstanding, Aggregate Intrinsic Value",USD,,2010-12-31,388000000.0,430.0,387999570.0,902324.5813953489,902325.5813953489,10-K,2011-02-10,31,high_priority
UNH,ShareBasedCompensationArrangementByShareBasedPaymentAwardOptionsVestedAndExpectedToVestOutstandingWeightedAverageRemainingContractualTerm,"Share-based Compensation Arrangement by Share-based Payment Award, Options, Vested and Expected to Vest, Outstanding, Weighted Average Remaining Contractual Term (Deprecated 2012-01-31)",pure,2010-01-01,2010-09-30,5.2,5300.0,-5294.8,-0.9990188679245283,0.0009811320754716981,10-Q,2010-11-03,5,high_priority
UNH,StockRepurchasedAndRetiredDuringPeriodValue,"Stock Repurchased and Retired During Period, Value",USD,2024-04-01,2024-06-30,-4000000.0,3088000000.0,-3092000000.0,-1.0012953367875648,0.0012953367875647669,10-Q,2025-08-11,61,review
UNH,StockRepurchasedAndRetiredDuringPeriodValue,"Stock Repurchased and Retired During Period, Value",USD,2024-01-01,2024-09-30,4045000000.0,-4000000.0,4049000000.0,-1012.25,1011.25,10-Q,2025-10-28,61,high_priority
UPS,DeferredIncomeTaxesAndTaxCredits,Deferred Income Taxes and Tax Credits,USD,2016-01-01,2016-03-31,5000000.0,540000000.0,-535000000.0,-0.9907407407407407,0.009259259259259259,10-Q,2017-05-04,75,review
UPS,DefinedBenefitPlanFairValueOfPlanAssets,"Defined Benefit Plan, Plan Assets, Amount",USD,,2015-12-31,55000000.0,30129000000.0,-30074000000.0,-0.9981745162468054,0.0018254837531945967,10-K,2017-02-21,16,review
UPS,EmployeeServiceShareBasedCompensationTaxBenefitFromCompensationExpense,"Share-based Payment Arrangement, Expense, Tax Benefit",USD,2013-01-01,2013-12-31,190000000.0,201.0,189999799.0,945272.631840796,945273.631840796,10-K,2016-02-25,15,high_priority
UPS,EmployeeServiceShareBasedCompensationTaxBenefitRealizedFromExerciseOfStockOptions,"Employee Service Share-based Compensation, Tax Benefit Realized from Exercise of Stock Options (Deprecated 2017-01-31)",USD,2013-01-01,2013-12-31,286000000.0,265.0,285999735.0,1079244.283018868,1079245.283018868,10-K,2016-02-25,6,high_priority
UPS,FairValueMeasurementWithUnobservableInputsReconciliationRecurringBasisAssetGainLossIncludedInEarnings,"Fair Value, Measurement with Unobservable Inputs Reconciliation, Recurring Basis, Asset, Gain (Loss) Included in Earnings (Deprecated 2012-01-31)",USD,2010-01-01,2010-12-31,-61.0,-6000000.0,5999939.0,-0.9999898333333334,1.0166666666666667e-05,10-K,2012-02-27,16,high_priority
UPS,FairValueMeasurementWithUnobservableInputsReconciliationRecurringBasisAssetGainLossIncludedInEarnings,"Fair Value, Measurement with Unobservable Inputs Reconciliation, Recurring Basis, Asset, Gain (Loss) Included in Earnings (Deprecated 2012-01-31)",USD,2011-01-01,2011-03-31,-13000000.0,-61.0,-12999939.0,213113.75409836066,213114.75409836066,10-Q,2012-05-07,16,high_priority
UPS,FairValueMeasurementWithUnobservableInputsReconciliationRecurringBasisAssetGainLossIncludedInEarnings,"Fair Value, Measurement with Unobservable Inputs Reconciliation, Recurring Basis, Asset, Gain (Loss) Included in Earnings (Deprecated 2012-01-31)",USD,2011-01-01,2011-12-31,-50.0,-39000000.0,38999950.0,-0.999998717948718,1.282051282051282e-06,10-K,2012-02-27,16,high_priority
UPS,FairValueMeasurementWithUnobservableInputsReconciliationRecurringBasisAssetGainLossIncludedInEarnings,"Fair Value, Measurement with Unobservable Inputs Reconciliation, Recurring Basis, Asset, Gain (Loss) Included in Earnings (Deprecated 2012-01-31)",USD,2012-01-01,2012-03-31,-13000000.0,-50.0,-12999950.0,259999.0,260000.0,10-Q,2012-05-07,16,high_priority
UPS,FairValueMeasurementWithUnobservableInputsReconciliationRecurringBasisAssetGainLossIncludedInOtherComprehensiveIncome,"Fair Value, Measurement with Unobservable Inputs Reconciliation, Recurring Basis, Asset, Gain (Loss) Included in Other Comprehensive Income (Loss) (Deprecated 2012-01-31)",USD,2010-01-01,2010-12-31,59.0,58000000.0,-57999941.0,-0.9999989827586206,1.0172413793103449e-06,10-K,2012-02-27,15,high_priority
UPS,FairValueMeasurementWithUnobservableInputsReconciliationRecurringBasisAssetSales,"Fair Value, Measurement with Unobservable Inputs Reconciliation, Recurring Basis, Asset, Sales",USD,2011-01-01,2011-03-31,138000000.0,110.0,137999890.0,1254544.4545454546,1254545.4545454546,10-Q,2012-05-07,44,high_priority
UPS,FairValueMeasurementWithUnobservableInputsReconciliationRecurringBasisAssetValue,"Fair Value, Measurement with Unobservable Inputs Reconciliation, Recurring Basis, Asset Value",USD,,2010-03-31,501000000.0,517.0,500999483.0,969051.2243713733,969052.2243713733,10-Q,2010-08-09,40,high_priority
UPS,IncomeLossFromContinuingOperationsBeforeIncomeTaxesDomestic,"Income (Loss) from Continuing Operations before Income Taxes, Domestic",USD,2020-01-01,2020-12-31,-39000000.0,3972000000.0,-4011000000.0,-1.0098187311178248,0.009818731117824773,10-K,2023-02-21,18,review
UPS,IncomeLossFromContinuingOperationsBeforeIncomeTaxesDomestic,"Income (Loss) from Continuing Operations before Income Taxes, Domestic",USD,2021-01-01,2021-12-31,14220000000.0,-39000000.0,14259000000.0,-365.61538461538464,364.61538461538464,10-K,2024-02-20,18,review
UPS,IncomeTaxesPaid,Income Taxes Paid,USD,2018-01-01,2018-12-31,2000000.0,1559000000.0,-1557000000.0,-0.9987171263630532,0.0012828736369467607,10-K,2021-02-22,18,review
UPS,IncomeTaxesPaid,Income Taxes Paid,USD,2019-01-01,2019-12-31,514000000.0,2000000.0,512000000.0,256.0,257.0,10-K,2022-02-22,18,review
UPS,IncreaseDecreaseInAccountsReceivable,Increase (Decrease) in Accounts Receivable,USD,2021-01-01,2021-12-31,2147000000.0,21000000.0,2126000000.0,101.23809523809524,102.23809523809524,10-K,2024-02-20,75,review
UPS,IncreaseDecreaseInSelfInsuranceReserve,Increase (Decrease) in Self Insurance Reserve,USD,2021-01-01,2021-03-31,4000000.0,503000000.0,-499000000.0,-0.9920477137176938,0.007952286282306162,10-Q,2022-05-04,67,review
UPS,IncreaseDecreaseInSelfInsuranceReserve,Increase (Decrease) in Self Insurance Reserve,USD,2025-01-01,2025-06-30,169000000.0,1000000.0,168000000.0,168.0,169.0,10-Q,2026-08-05,67,review
UPS,InvestmentIncomeNonoperating,"Investment Income, Nonoperating",USD,2016-01-01,2016-12-31,-2186000000.0,13000000.0,-2199000000.0,-169.15384615384616,168.15384615384616,10-K,2019-02-21,77,review
UPS,LongTermDebtMaturitiesRepaymentsOfPrincipalInYearFour,"Long-Term Debt, Maturity, Year Four",USD,,2012-12-31,1000000.0,100000000.0,-99000000.0,-0.99,0.01,10-K,2013-02-28,16,review
UPS,LongTermDebtMaturitiesRepaymentsOfPrincipalInYearFour,"Long-Term Debt, Maturity, Year Four",USD,,2013-12-31,377000000.0,1000000.0,376000000.0,376.0,377.0,10-K,2014-02-28,16,review
UPS,LossContingencyEstimateOfPossibleLoss,"Loss Contingency, Estimate of Possible Loss",USD,,2017-09-30,247000000.0,247.0,246999753.0,999999.0,1000000.0,10-Q,2017-11-02,4,high_priority
UPS,NetCashProvidedByUsedInFinancingActivities,Net Cash Provided by (Used in) Financing Activities,USD,2023-01-01,2023-03-31,4000000.0,-11185000000.0,11189000000.0,-1.0003576218149308,0.0003576218149307108,10-Q,2024-05-03,75,high_priority
UPS,NetCashProvidedByUsedInFinancingActivities,Net Cash Provided by (Used in) Financing Activities,USD,2023-01-01,2023-06-30,-3582000000.0,4000000.0,-3586000000.0,-896.5,895.5,10-Q,2024-08-07,75,review
UPS,OperatingLossCarryforwards,Operating Loss Carryforwards,USD,,2017-12-31,34000000.0,33.0,33999967.0,1030302.0303030303,1030303.0303030303,10-K,2018-02-21,3,review
UPS,OtherAdjustmentsForNoncashItemsIncludedInIncomeLossFromContinuingOperations,Other Adjustments for Noncash Items Included in Income (Loss) from Continuing Operations (Deprecated 2009-01-31),USD,2009-01-01,2009-06-30,2000000.0,423000000.0,-421000000.0,-0.9952718676122931,0.004728132387706856,10-Q,2009-08-07,2,review
UPS,OtherComprehensiveIncomeLossPensionAndOtherPostretirementBenefitPlansAdjustmentNetOfTax,"Other Comprehensive (Income) Loss, Defined Benefit Plan, after Reclassification Adjustment, after Tax",USD,2013-01-01,2013-12-31,-3094000000.0,-28000000.0,-3066000000.0,109.5,110.5,10-K,2016-02-25,85,review
UPS,OtherComprehensiveIncomeLossPensionAndOtherPostretirementBenefitPlansAdjustmentNetOfTax,"Other Comprehensive (Income) Loss, Defined Benefit Plan, after Reclassification Adjustment, after Tax",USD,2014-01-01,2014-03-31,-27000000.0,-3094000000.0,3067000000.0,-0.9912734324499031,0.008726567550096962,10-Q,2015-05-07,85,review
UPS,OtherComprehensiveIncomeLossPensionAndOtherPostretirementBenefitPlansAdjustmentNetOfTax,"Other Comprehensive (Income) Loss, Defined Benefit Plan, after Reclassification Adjustment, after Tax",USD,2014-01-01,2014-12-31,3084000000.0,-27000000.0,3111000000.0,-115.22222222222223,114.22222222222223,10-K,2017-02-21,85,review
UPS,OtherComprehensiveIncomeLossPensionAndOtherPostretirementBenefitPlansAdjustmentNetOfTax,"Other Comprehensive (Income) Loss, Defined Benefit Plan, after Reclassification Adjustment, after Tax",USD,2021-07-01,2021-09-30,-29000000.0,-4020000000.0,3991000000.0,-0.9927860696517413,0.007213930348258706,10-Q,2022-11-02,85,review
UPS,OtherComprehensiveIncomeLossPensionAndOtherPostretirementBenefitPlansAdjustmentNetOfTax,"Other Comprehensive (Income) Loss, Defined Benefit Plan, after Reclassification Adjustment, after Tax",USD,2021-01-01,2021-09-30,-4049000000.0,-29000000.0,-4020000000.0,138.6206896551724,139.6206896551724,10-Q,2022-11-02,85,review
UPS,OtherComprehensiveIncomeLossPensionAndOtherPostretirementBenefitPlansAdjustmentNetOfTax,"Other Comprehensive (Income) Loss, Defined Benefit Plan, after Reclassification Adjustment, after Tax",USD,2022-01-01,2022-03-31,-24000000.0,-3817000000.0,3793000000.0,-0.9937123395336652,0.006287660466334818,10-Q,2023-05-03,85,review
UPS,OtherComprehensiveIncomeLossPensionAndOtherPostretirementBenefitPlansAdjustmentNetOfTax,"Other Comprehensive (Income) Loss, Defined Benefit Plan, after Reclassification Adjustment, after Tax",USD,2023-01-01,2023-12-31,2173000000.0,-21000000.0,2194000000.0,-104.47619047619048,103.47619047619048,10-K,2025-02-18,85,review
UPS,OtherOperatingIncomeExpenseNet,"Other Operating Income (Expense), Net",USD,2017-01-01,2017-12-31,-11000000.0,-2236000000.0,2225000000.0,-0.9950805008944544,0.004919499105545617,10-K,2018-02-21,3,review
UPS,PaymentsToAcquireBusinessesNetOfCashAcquired,"Payments to Acquire Businesses, Net of Cash Acquired",USD,2016-01-01,2016-03-31,6000000.0,1904000000.0,-1898000000.0,-0.9968487394957983,0.0031512605042016808,10-Q,2017-05-04,64,review
UPS,PaymentsToAcquireBusinessesNetOfCashAcquired,"Payments to Acquire Businesses, Net of Cash Acquired",USD,2016-01-01,2016-12-31,547000000.0,3000000.0,544000000.0,181.33333333333334,182.33333333333334,10-K,2019-02-21,64,review
UPS,PaymentsToAcquireBusinessesNetOfCashAcquired,"Payments to Acquire Businesses, Net of Cash Acquired",USD,2022-01-01,2022-03-31,-1000000.0,602000000.0,-603000000.0,-1.0016611295681064,0.0016611295681063123,10-Q,2023-05-03,64,review
UPS,PensionAndOtherPostretirementBenefitContributions,Payment for Pension and Other Postretirement Benefits,USD,2018-01-01,2018-03-31,44000000.0,7794000000.0,-7750000000.0,-0.9943546317680267,0.0056453682319733125,10-Q,2019-04-30,76,review
UPS,PensionAndOtherPostretirementBenefitExpense,Pension and Other Postretirement Benefits Cost (Reversal of Cost),USD,2016-07-01,2016-12-31,4000000.0,804000000.0,-800000000.0,-0.9950248756218906,0.004975124378109453,10-K,2017-02-21,76,review
UPS,PensionAndOtherPostretirementBenefitExpense,Pension and Other Postretirement Benefits Cost (Reversal of Cost),USD,2016-01-01,2016-12-31,3725000000.0,4000000.0,3721000000.0,930.25,931.25,10-K,2019-02-21,76,review
UPS,ProceedsFromIssuanceOfLongTermDebt,Proceeds from Issuance of Long-term Debt,USD,2011-01-01,2011-03-31,12000000.0,2195000000.0,-2183000000.0,-0.9945330296127562,0.005466970387243736,10-Q,2012-05-07,76,review
UPS,ProceedsFromIssuanceOfLongTermDebt,Proceeds from Issuance of Long-term Debt,USD,2012-07-01,2012-09-30,1734000000.0,4000000.0,1730000000.0,432.5,433.5,10-Q,2012-11-02,76,review
UPS,ProceedsFromIssuanceOfLongTermDebt,Proceeds from Issuance of Long-term Debt,USD,2025-01-01,2025-03-31,25000000.0,2785000000.0,-2760000000.0,-0.9910233393177738,0.008976660682226212,10-Q,2026-05-06,76,review
UPS,ProceedsFromIssuanceOfLongTermDebt,Proceeds from Issuance of Long-term Debt,USD,2025-01-01,2025-06-30,4153000000.0,25000000.0,4128000000.0,165.12,166.12,10-Q,2026-08-05,76,review
UPS,RepaymentsOfLongTermDebt,Repayments of Long-term Debt,USD,2013-01-02,2013-03-31,1751000000.0,16000000.0,1735000000.0,108.4375,109.4375,10-Q,2013-05-03,75,review
UPS,RepaymentsOfLongTermDebt,Repayments of Long-term Debt,USD,2014-01-01,2014-03-31,8000000.0,1875000000.0,-1867000000.0,-0.9957333333333334,0.004266666666666667,10-Q,2015-05-07,75,review
UPS,RepaymentsOfLongTermDebt,Repayments of Long-term Debt,USD,2014-01-01,2014-06-30,1020000000.0,8000000.0,1012000000.0,126.5,127.5,10-Q,2015-08-07,75,review
UPS,RepaymentsOfLongTermDebt,Repayments of Long-term Debt,USD,2022-01-01,2022-03-31,18000000.0,2773000000.0,-2755000000.0,-0.9935088351965381,0.006491164803461955,10-Q,2023-05-03,75,review
UPS,TradingSecurities,"Debt Securities, Trading, and Equity Securities, FV-NI",USD,,2022-12-31,1993000000.0,2000000.0,1991000000.0,995.5,996.5,10-K,2024-02-20,47,review
UPS,TradingSecurities,"Debt Securities, Trading, and Equity Securities, FV-NI",USD,,2023-03-31,6000000.0,1993000000.0,-1987000000.0,-0.9969894631209232,0.0030105368790767687,10-Q,2023-05-03,47,review
UPS,TradingSecurities,"Debt Securities, Trading, and Equity Securities, FV-NI",USD,,2023-06-30,3071000000.0,6000000.0,3065000000.0,510.8333333333333,511.8333333333333,10-Q,2023-08-08,47,review
UPS,TradingSecuritiesDebtAmortizedCost,"Debt Securities, Trading, Amortized Cost",USD,,2022-12-31,2007000000.0,2000000.0,2005000000.0,1002.5,1003.5,10-K,2024-02-20,29,high_priority
UPS,TradingSecuritiesDebtAmortizedCost,"Debt Securities, Trading, Amortized Cost",USD,,2023-03-31,6000000.0,2007000000.0,-2001000000.0,-0.9970104633781763,0.0029895366218236174,10-Q,2023-05-03,29,review
UPS,TradingSecuritiesDebtAmortizedCost,"Debt Securities, Trading, Amortized Cost",USD,,2023-06-30,3097000000.0,6000000.0,3091000000.0,515.1666666666666,516.1666666666666,10-Q,2023-08-08,29,review
VZ,AccumulatedOtherComprehensiveIncomeLossDefinedBenefitPensionAndOtherPostretirementPlansNetOfTax,"Accumulated Other Comprehensive (Income) Loss, Defined Benefit Plan, after Tax",USD,,2010-12-31,-1000000.0,-10847000000.0,10846000000.0,-0.9999078086106757,9.219138932423711e-05,10-K,2012-02-24,11,high_priority
VZ,AdjustmentsToAdditionalPaidInCapitalOther,"Adjustments to Additional Paid in Capital, Other",USD,2014-01-01,2014-03-31,-26963000000.0,-72000000.0,-26891000000.0,373.4861111111111,374.4861111111111,10-Q,2014-04-29,27,review
VZ,CashCashEquivalentsRestrictedCashAndRestrictedCashEquivalentsPeriodIncreaseDecreaseIncludingExchangeRateEffect,"Cash, Cash Equivalents, Restricted Cash and Restricted Cash Equivalents, Period Increase (Decrease), Including Exchange Rate Effect",USD,2019-01-01,2019-12-31,1000000.0,290000000.0,-289000000.0,-0.996551724137931,0.0034482758620689655,10-K,2022-02-11,39,review
VZ,CashCashEquivalentsRestrictedCashAndRestrictedCashEquivalentsPeriodIncreaseDecreaseIncludingExchangeRateEffect,"Cash, Cash Equivalents, Restricted Cash and Restricted Cash Equivalents, Period Increase (Decrease), Including Exchange Rate Effect",USD,2020-01-01,2020-03-31,4407000000.0,1000000.0,4406000000.0,4406.0,4407.0,10-Q,2021-04-27,39,high_priority
VZ,EmployeeBenefitsAndShareBasedCompensation,Employee Benefits and Share-based Compensation,USD,2020-01-01,2020-03-31,-1000000.0,-284000000.0,283000000.0,-0.9964788732394366,0.0035211267605633804,10-Q,2020-04-27,49,review
VZ,EmployeeBenefitsAndShareBasedCompensationNoncash,"Employee Benefit and Share-based Payment Arrangement, Noncash",USD,2020-01-01,2020-03-31,-1000000.0,-284000000.0,283000000.0,-0.9964788732394366,0.0035211267605633804,10-Q,2021-04-27,30,review
VZ,FiniteLivedIntangibleAssetsAmortizationExpense,"Finite-Lived Intangible Assets, Amortization Expense (Deprecated 2012-01-31)",USD,2010-04-01,2010-06-30,462.0,457000000.0,-456999538.0,-0.9999989890590809,1.0109409190371992e-06,10-Q,2011-07-28,19,high_priority
VZ,FiniteLivedIntangibleAssetsAmortizationExpense,"Finite-Lived Intangible Assets, Amortization Expense (Deprecated 2012-01-31)",USD,2010-01-01,2010-09-30,1365000000.0,919.0,1364999081.0,1485309.119695321,1485310.119695321,10-Q,2011-10-25,19,high_priority
VZ,FiniteLivedIntangibleAssetsAmortizationExpense,"Finite-Lived Intangible Assets, Amortization Expense (Deprecated 2012-01-31)",USD,2011-04-01,2011-06-30,374.0,370000000.0,-369999626.0,-0.9999989891891892,1.0108108108108108e-06,10-Q,2011-07-28,19,high_priority
VZ,FiniteLivedIntangibleAssetsAmortizationExpense,"Finite-Lived Intangible Assets, Amortization Expense (Deprecated 2012-01-31)",USD,2011-07-01,2011-09-30,377000000.0,744.0,376999256.0,506719.4301075269,506720.4301075269,10-Q,2011-10-25,19,high_priority
VZ,GoodwillAcquiredDuringPeriod,"Goodwill, Acquired During Period",USD,2010-01-01,2010-09-30,76000000.0,16353000000.0,-16277000000.0,-0.9953525347031126,0.004647465296887422,10-Q,2010-10-28,50,review
VZ,GoodwillAcquiredDuringPeriod,"Goodwill, Acquired During Period",USD,2011-01-01,2011-06-30,1485000000.0,13000000.0,1472000000.0,113.23076923076923,114.23076923076923,10-Q,2011-07-28,50,review
VZ,GoodwillAcquiredDuringPeriod,"Goodwill, Acquired During Period",USD,2020-01-01,2020-06-30,282000000.0,2000000.0,280000000.0,140.0,141.0,10-Q,2020-07-28,50,review
VZ,GoodwillAcquiredDuringPeriod,"Goodwill, Acquired During Period",USD,2022-01-01,2022-03-31,30000000.0,3852000000.0,-3822000000.0,-0.9922118380062306,0.00778816199376947,10-Q,2022-04-27,50,review
VZ,GoodwillAcquiredDuringPeriod,"Goodwill, Acquired During Period",USD,2026-01-01,2026-03-31,7787000000.0,35000000.0,7752000000.0,221.4857142857143,222.4857142857143,10-Q,2026-05-01,50,review
VZ,GoodwillImpairedAccumulatedImpairmentLoss,"Goodwill, Impaired, Accumulated Impairment Loss",USD,,2022-12-31,16000000.0,4800000000.0,-4784000000.0,-0.9966666666666667,0.0033333333333333335,10-K,2025-02-12,16,review
VZ,GoodwillImpairedAccumulatedImpairmentLoss,"Goodwill, Impaired, Accumulated Impairment Loss",USD,,2023-12-31,5900000000.0,16000000.0,5884000000.0,367.75,368.75,10-K,2025-02-12,16,review
VZ,GoodwillImpairmentLoss,"Goodwill, Impairment Loss",USD,2023-10-01,2023-12-31,5800000000.0,27000000.0,5773000000.0,213.8148148148148,214.8148148148148,10-K,2025-02-12,20,review
VZ,GoodwillOtherChanges,"Goodwill, Other Changes (Deprecated 2016-01-31)",USD,2015-01-01,2015-03-31,1336000000.0,12000000.0,1324000000.0,110.33333333333333,111.33333333333333,10-Q,2015-04-28,7,review
VZ,GoodwillOtherChanges,"Goodwill, Other Changes (Deprecated 2016-01-31)",USD,2016-01-01,2016-03-31,-2000000.0,1346000000.0,-1348000000.0,-1.0014858841010401,0.0014858841010401188,10-Q,2016-04-28,7,review
VZ,GoodwillOtherIncreaseDecrease,"Goodwill, Other Increase (Decrease)",USD,2016-01-01,2016-06-30,4000000.0,-1346000000.0,1350000000.0,-1.0029717682020802,0.0029717682020802376,10-Q,2016-07-29,37,review
VZ,GoodwillOtherIncreaseDecrease,"Goodwill, Other Increase (Decrease)",USD,2016-01-01,2016-12-31,-436000000.0,-2000000.0,-434000000.0,217.0,218.0,10-K,2018-02-23,37,review
VZ,GoodwillOtherIncreaseDecrease,"Goodwill, Other Increase (Decrease)",USD,2019-01-01,2019-03-31,1000000.0,-115000000.0,116000000.0,-1.008695652173913,0.008695652173913044,10-K,2021-02-25,37,review
VZ,IncreaseDecreaseInNotesReceivables,Increase (Decrease) in Notes Receivables,USD,2016-01-01,2016-12-31,3303000000.0,23000000.0,3280000000.0,142.6086956521739,143.6086956521739,10-K,2019-02-15,12,review
VZ,LiabilitiesOfDisposalGroupIncludingDiscontinuedOperationNoncurrent,"Disposal Group, Including Discontinued Operation, Liabilities, Noncurrent",USD,,2016-12-31,6000000.0,974000000.0,-968000000.0,-0.9938398357289527,0.006160164271047228,10-K,2017-02-21,6,review
VZ,NetPeriodicDefinedBenefitsExpenseReversalOfExpenseExcludingServiceCostComponent,"Net Periodic Defined Benefits Expense (Reversal of Expense), Excluding Service Cost Component",USD,2017-01-01,2017-12-31,11000000.0,2190000000.0,-2179000000.0,-0.9949771689497717,0.00502283105022831,10-K,2020-02-21,10,review
VZ,NetPeriodicDefinedBenefitsExpenseReversalOfExpenseExcludingServiceCostComponent,"Net Periodic Defined Benefits Expense (Reversal of Expense), Excluding Service Cost Component",USD,2018-01-01,2018-12-31,-3068000000.0,11000000.0,-3079000000.0,-279.90909090909093,278.90909090909093,10-K,2021-02-25,10,review
VZ,OtherComprehensiveIncomeDefinedBenefitPlansAdjustmentNetOfTaxPeriodIncreaseDecrease,"Other Comprehensive Income (Loss), Pension and Other Postretirement Benefit Plans, Adjustment, Net of Tax (Deprecated 2012-01-31)",USD,2011-01-01,2011-03-31,-1000000.0,2500000000.0,-2501000000.0,-1.0004,0.0004,10-Q,2012-04-26,18,high_priority
VZ,OtherComprehensiveIncomeDefinedBenefitPlansAdjustmentNetOfTaxPeriodIncreaseDecrease,"Other Comprehensive Income (Loss), Pension and Other Postretirement Benefit Plans, Adjustment, Net of Tax (Deprecated 2012-01-31)",USD,2011-01-01,2011-12-31,300000000.0,2000000.0,298000000.0,149.0,150.0,10-K,2012-02-24,18,review
VZ,OtherComprehensiveIncomeLossForeignCurrencyTransactionAndTranslationAdjustmentNetOfTax,"Other Comprehensive Income (Loss), Foreign Currency Transaction and Translation Adjustment, Net of Tax",USD,2014-04-01,2014-06-30,9000000.0,-949000000.0,958000000.0,-1.0094836670179137,0.009483667017913594,10-Q,2015-07-28,95,review
VZ,OtherComprehensiveIncomeLossForeignCurrencyTransactionAndTranslationAdjustmentNetOfTax,"Other Comprehensive Income (Loss), Foreign Currency Transaction and Translation Adjustment, Net of Tax",USD,2014-01-01,2014-06-30,-940000000.0,9000000.0,-949000000.0,-105.44444444444444,104.44444444444444,10-Q,2015-07-28,95,review
VZ,OtherComprehensiveIncomeLossNetOfTaxPortionAttributableToParent,"Other Comprehensive Income (Loss), Net of Tax, Portion Attributable to Parent",USD,2018-07-01,2018-09-30,-4000000.0,-500000000.0,496000000.0,-0.992,0.008,10-Q,2019-10-30,105,review
VZ,OtherComprehensiveIncomeLossPensionAndOtherPostretirementBenefitPlansAdjustmentNetOfTax,"Other Comprehensive (Income) Loss, Defined Benefit Plan, after Reclassification Adjustment, after Tax",USD,2011-04-01,2011-06-30,-6000000.0,-2451000000.0,2445000000.0,-0.9975520195838433,0.0024479804161566705,10-Q,2012-07-30,95,review
VZ,OtherComprehensiveIncomeLossPensionAndOtherPostretirementBenefitPlansAdjustmentNetOfTax,"Other Comprehensive (Income) Loss, Defined Benefit Plan, after Reclassification Adjustment, after Tax",USD,2011-01-01,2011-12-31,-316000000.0,-2000000.0,-314000000.0,157.0,158.0,10-K,2014-02-27,95,review
VZ,OtherComprehensiveIncomeLossPensionAndOtherPostretirementBenefitPlansAdjustmentNetOfTax,"Other Comprehensive (Income) Loss, Defined Benefit Plan, after Reclassification Adjustment, after Tax",USD,2012-01-01,2012-12-31,-936000000.0,7000000.0,-943000000.0,-134.71428571428572,133.71428571428572,10-K,2015-02-23,95,review
VZ,OtherComprehensiveIncomeLossPensionAndOtherPostretirementBenefitPlansAdjustmentNetOfTax,"Other Comprehensive (Income) Loss, Defined Benefit Plan, after Reclassification Adjustment, after Tax",USD,2024-01-01,2024-03-31,2000000.0,208000000.0,-206000000.0,-0.9903846153846154,0.009615384615384616,10-Q,2025-04-25,95,review
VZ,OtherOperatingActivitiesCashFlowStatement,"Other Operating Activities, Cash Flow Statement",USD,2024-01-01,2024-06-30,1000000.0,-336000000.0,337000000.0,-1.0029761904761905,0.002976190476190476,10-Q,2025-07-25,52,review
VZ,OtherOperatingActivitiesCashFlowStatement,"Other Operating Activities, Cash Flow Statement",USD,2024-01-01,2024-09-30,467000000.0,1000000.0,466000000.0,466.0,467.0,10-Q,2025-10-29,52,review
VZ,PaymentsToAcquireBusinessesNetOfCashAcquired,"Payments to Acquire Businesses, Net of Cash Acquired",USD,2015-01-01,2015-06-30,3225000000.0,2000000.0,3223000000.0,1611.5,1612.5,10-Q,2016-07-29,44,high_priority
VZ,PaymentsToAcquireBusinessesNetOfCashAcquired,"Payments to Acquire Businesses, Net of Cash Acquired",USD,2018-01-01,2018-03-31,32000000.0,5880000000.0,-5848000000.0,-0.9945578231292517,0.005442176870748299,10-Q,2019-04-26,44,review
VZ,PaymentsToAcquireIntangibleAssets,Payments to Acquire Intangible Assets,USD,2012-01-01,2012-09-30,3816000000.0,33000000.0,3783000000.0,114.63636363636364,115.63636363636364,10-Q,2013-10-24,61,review
VZ,PaymentsToAcquireOtherProductiveAssets,Payments to Acquire Other Productive Assets,USD,2015-01-01,2015-06-30,3225000000.0,2000000.0,3223000000.0,1611.5,1612.5,10-Q,2015-07-28,56,high_priority
VZ,ProceedsFromDivestitureOfBusinesses,Proceeds from Divestiture of Businesses,USD,2016-01-01,2016-06-30,9882000000.0,48000000.0,9834000000.0,204.875,205.875,10-Q,2017-08-03,28,review
VZ,ProceedsFromDivestitureOfBusinesses,Proceeds from Divestiture of Businesses,USD,2022-01-01,2022-09-30,33000000.0,4122000000.0,-4089000000.0,-0.9919941775836972,0.008005822416302766,10-Q,2023-10-26,28,review
VZ,ProceedsFromPaymentsForOtherFinancingActivities,Proceeds from (Payments for) Other Financing Activities,USD,2023-01-01,2023-03-31,17000000.0,-2072000000.0,2089000000.0,-1.0082046332046333,0.008204633204633204,10-Q,2024-04-25,74,review
VZ,ReclassificationFromAccumulatedOtherComprehensiveIncomeCurrentPeriodNetOfTax,"Reclassification from Accumulated Other Comprehensive Income, Current Period, Net of Tax",USD,2015-01-01,2015-03-31,-2000000.0,884000000.0,-886000000.0,-1.002262443438914,0.0022624434389140274,10-Q,2015-04-28,30,review
VZ,ReclassificationFromAccumulatedOtherComprehensiveIncomeCurrentPeriodNetOfTax,"Reclassification from Accumulated Other Comprehensive Income, Current Period, Net of Tax",USD,2018-01-01,2018-06-30,1000000.0,475000000.0,-474000000.0,-0.9978947368421053,0.002105263157894737,10-Q,2018-07-31,30,review
WMT,CashCashEquivalentsRestrictedCashAndRestrictedCashEquivalentsPeriodIncreaseDecreaseIncludingExchangeRateEffect,"Cash, Cash Equivalents, Restricted Cash and Restricted Cash Equivalents, Period Increase (Decrease), Including Exchange Rate Effect",USD,2026-02-01,2026-04-30,-2000000.0,1785000000.0,-1787000000.0,-1.0011204481792717,0.0011204481792717086,10-Q,2026-05-29,39,review
WMT,CashCashEquivalentsRestrictedCashAndRestrictedCashEquivalentsPeriodIncreaseDecreaseIncludingExchangeRateEffect,"Cash, Cash Equivalents, Restricted Cash and Restricted Cash Equivalents, Period Increase (Decrease), Including Exchange Rate Effect",USD,2026-02-01,2026-07-31,671000000.0,-2000000.0,673000000.0,-336.5,335.5,10-Q,2026-08-28,39,review
WMT,ComprehensiveIncomeNetOfTaxIncludingPortionAttributableToNoncontrollingInterest,"Comprehensive Income (Loss), Net of Tax, Including Portion Attributable to Noncontrolling Interest",USD,2011-08-01,2011-10-31,-38000000.0,8236000000.0,-8274000000.0,-1.0046138902379795,0.004613890237979602,10-Q,2012-12-04,107,review
WMT,ComprehensiveIncomeNetOfTaxIncludingPortionAttributableToNoncontrollingInterest,"Comprehensive Income (Loss), Net of Tax, Including Portion Attributable to Noncontrolling Interest",USD,2011-02-01,2012-01-31,13605000000.0,-38000000.0,13643000000.0,-359.0263157894737,358.0263157894737,10-K,2014-03-21,107,review
WMT,ComprehensiveIncomeNetOfTaxIncludingPortionAttributableToNoncontrollingInterest,"Comprehensive Income (Loss), Net of Tax, Including Portion Attributable to Noncontrolling Interest",USD,2020-02-01,2020-04-30,-1000000.0,13966000000.0,-13967000000.0,-1.0000716024631247,7.160246312473149e-05,10-Q,2021-06-04,107,high_priority
WMT,ComprehensiveIncomeNetOfTaxIncludingPortionAttributableToNoncontrollingInterest,"Comprehensive Income (Loss), Net of Tax, Including Portion Attributable to Noncontrolling Interest",USD,2020-05-01,2020-07-31,6875000000.0,-1000000.0,6876000000.0,-6876.0,6875.0,10-Q,2021-09-02,107,high_priority
WMT,ComprehensiveIncomeNetOfTaxIncludingPortionAttributableToNoncontrollingInterest,"Comprehensive Income (Loss), Net of Tax, Including Portion Attributable to Noncontrolling Interest",USD,2023-08-01,2023-10-31,57000000.0,11132000000.0,-11075000000.0,-0.9948796263025512,0.005120373697448796,10-Q,2024-12-06,107,review
WMT,ComprehensiveIncomeNetOfTaxIncludingPortionAttributableToNoncontrollingInterest,"Comprehensive Income (Loss), Net of Tax, Including Portion Attributable to Noncontrolling Interest",USD,2023-02-01,2023-10-31,11189000000.0,57000000.0,11132000000.0,195.2982456140351,196.2982456140351,10-Q,2024-12-06,107,review
WMT,DividendsCash,"Dividends, Cash",USD,2018-05-01,2018-07-31,-14000000.0,6121000000.0,-6135000000.0,-1.0022872079725536,0.002287207972553504,10-Q,2019-12-04,60,review
WMT,DividendsCash,"Dividends, Cash",USD,2018-02-01,2018-10-31,6107000000.0,-14000000.0,6121000000.0,-437.2142857142857,436.2142857142857,10-Q,2018-11-30,60,review
WMT,DividendsCash,"Dividends, Cash",USD,2018-08-01,2018-10-31,-14000000.0,6107000000.0,-6121000000.0,-1.0022924512854101,0.002292451285410185,10-Q,2019-12-04,60,review
WMT,DividendsCash,"Dividends, Cash",USD,2018-02-01,2019-01-31,6102000000.0,-14000000.0,6116000000.0,-436.85714285714283,435.85714285714283,10-K,2021-03-19,60,review
WMT,DividendsCash,"Dividends, Cash",USD,2019-05-01,2019-07-31,-15000000.0,6071000000.0,-6086000000.0,-1.0024707626420688,0.002470762642068852,10-Q,2020-12-02,60,review
WMT,DividendsCash,"Dividends, Cash",USD,2019-02-01,2020-01-31,6048000000.0,-5000000.0,6053000000.0,-1210.6,1209.6,10-K,2022-03-18,60,high_priority
WMT,DividendsCash,"Dividends, Cash",USD,2021-08-01,2021-10-31,-45000000.0,6200000000.0,-6245000000.0,-1.007258064516129,0.007258064516129033,10-Q,2022-12-01,60,review
WMT,DividendsCash,"Dividends, Cash",USD,2021-02-01,2022-01-31,6152000000.0,-45000000.0,6197000000.0,-137.7111111111111,136.7111111111111,10-K,2024-03-15,60,review
WMT,DividendsCash,"Dividends, Cash",USD,2022-08-01,2022-10-31,-43000000.0,6173000000.0,-6216000000.0,-1.006965818888709,0.006965818888708893,10-Q,2023-11-30,60,review
WMT,DividendsCash,"Dividends, Cash",USD,2022-02-01,2023-01-31,6114000000.0,-43000000.0,6157000000.0,-143.1860465116279,142.1860465116279,10-K,2025-03-14,60,review
WMT,GoodwillAcquiredDuringPeriod,"Goodwill, Acquired During Period",USD,2011-02-01,2012-01-31,4423000000.0,32000000.0,4391000000.0,137.21875,138.21875,10-K,2013-03-26,16,review
WMT,GoodwillAcquiredDuringPeriod,"Goodwill, Acquired During Period",USD,2016-02-01,2017-01-31,1775000000.0,5000000.0,1770000000.0,354.0,355.0,10-K,2018-03-30,16,review
WMT,GoodwillAcquiredDuringPeriod,"Goodwill, Acquired During Period",USD,2019-02-01,2020-01-31,41000000.0,13682000000.0,-13641000000.0,-0.997003362081567,0.0029966379184329776,10-K,2021-03-19,16,review
WMT,GoodwillAcquiredDuringPeriod,"Goodwill, Acquired During Period",USD,2024-02-01,2025-01-31,1375000000.0,7000000.0,1368000000.0,195.42857142857142,196.42857142857142,10-K,2026-03-13,16,review
WMT,GoodwillAcquiredDuringPeriod,"Goodwill, Acquired During Period",USD,2025-02-01,2026-01-31,9000000.0,1375000000.0,-1366000000.0,-0.9934545454545455,0.006545454545454545,10-K,2026-03-13,16,review
WMT,IncreaseDecreaseInAccountsPayable,Increase (Decrease) in Accounts Payable,USD,2012-02-01,2012-04-30,-21000000.0,2687000000.0,-2708000000.0,-1.0078154075176777,0.007815407517677708,10-Q,2013-06-07,74,review
WMT,IncreaseDecreaseInDeferredIncomeTaxes,Increase (Decrease) in Deferred Income Taxes,USD,2017-02-01,2017-04-30,-2000000.0,-761000000.0,759000000.0,-0.9973718791064389,0.002628120893561104,10-Q,2018-06-04,63,review
WMT,LiabilitiesOfDisposalGroupIncludingDiscontinuedOperationCurrent,"Disposal Group, Including Discontinued Operation, Liabilities, Current",USD,,2022-01-31,21000000.0,12734000000.0,-12713000000.0,-0.9983508716821109,0.0016491283178891158,10-K,2022-03-18,31,review
WMT,MinorityInterestDecreaseFromDistributionsToNoncontrollingInterestHolders,"Noncontrolling Interest, Decrease from Distributions to Noncontrolling Interest Holders",USD,2018-02-01,2019-01-31,488000000.0,3000000.0,485000000.0,161.66666666666666,162.66666666666666,10-K,2021-03-19,32,review
WMT,MinorityInterestDecreaseFromDistributionsToNoncontrollingInterestHolders,"Noncontrolling Interest, Decrease from Distributions to Noncontrolling Interest Holders",USD,2019-02-01,2020-01-31,475000000.0,-3000000.0,478000000.0,-159.33333333333334,158.33333333333334,10-K,2022-03-18,32,review
WMT,MinorityInterestDecreaseFromDistributionsToNoncontrollingInterestHolders,"Noncontrolling Interest, Decrease from Distributions to Noncontrolling Interest Holders",USD,2020-05-01,2020-07-31,3000000.0,359000000.0,-356000000.0,-0.9916434540389972,0.008356545961002786,10-Q,2021-12-01,32,review
WMT,MinorityInterestDecreaseFromDistributionsToNoncontrollingInterestHolders,"Noncontrolling Interest, Decrease from Distributions to Noncontrolling Interest Holders",USD,2023-05-01,2023-07-31,6000000.0,761000000.0,-755000000.0,-0.9921156373193167,0.00788436268068331,10-Q,2024-12-06,32,review
WMT,MinorityInterestDecreaseFromDistributionsToNoncontrollingInterestHolders,"Noncontrolling Interest, Decrease from Distributions to Noncontrolling Interest Holders",USD,2023-02-01,2024-01-31,776000000.0,4000000.0,772000000.0,193.0,194.0,10-K,2026-03-13,32,review
WMT,MinorityInterestDecreaseFromDistributionsToNoncontrollingInterestHolders,"Noncontrolling Interest, Decrease from Distributions to Noncontrolling Interest Holders",USD,2024-02-01,2024-04-30,5000000.0,776000000.0,-771000000.0,-0.9935567010309279,0.006443298969072165,10-Q,2025-12-03,32,review
WMT,MinorityInterestDecreaseFromDistributionsToNoncontrollingInterestHolders,"Noncontrolling Interest, Decrease from Distributions to Noncontrolling Interest Holders",USD,2024-05-01,2024-07-31,634000000.0,5000000.0,629000000.0,125.8,126.8,10-Q,2025-12-03,32,review
WMT,MinorityInterestDecreaseFromDistributionsToNoncontrollingInterestHolders,"Noncontrolling Interest, Decrease from Distributions to Noncontrolling Interest Holders",USD,2024-08-01,2024-10-31,5000000.0,634000000.0,-629000000.0,-0.9921135646687698,0.007886435331230283,10-Q,2025-12-03,32,review
WMT,MinorityInterestDecreaseFromDistributionsToNoncontrollingInterestHolders,"Noncontrolling Interest, Decrease from Distributions to Noncontrolling Interest Holders",USD,2024-02-01,2025-01-31,648000000.0,5000000.0,643000000.0,128.6,129.6,10-K,2026-03-13,32,review
WMT,MinorityInterestDecreaseFromDistributionsToNoncontrollingInterestHolders,"Noncontrolling Interest, Decrease from Distributions to Noncontrolling Interest Holders",USD,2025-02-01,2025-04-30,5000000.0,648000000.0,-643000000.0,-0.9922839506172839,0.007716049382716049,10-Q,2025-12-03,32,review
WMT,NetCashProvidedByUsedInFinancingActivities,Net Cash Provided by (Used in) Financing Activities,USD,2025-02-01,2025-04-30,8000000.0,-14822000000.0,14830000000.0,-1.0005397382269599,0.0005397382269599245,10-Q,2026-05-29,74,high_priority
WMT,NetCashProvidedByUsedInFinancingActivities,Net Cash Provided by (Used in) Financing Activities,USD,2025-02-01,2025-07-31,-6993000000.0,8000000.0,-7001000000.0,-875.125,874.125,10-Q,2026-08-28,74,review
WMT,OtherComprehensiveIncomeLossBeforeReclassificationsNetOfTax,"Other Comprehensive Income (Loss), before Reclassifications, Net of Tax",USD,2020-02-01,2021-01-31,7000000.0,1136000000.0,-1129000000.0,-0.9938380281690141,0.006161971830985915,10-K,2023-03-17,51,review
WMT,OtherComprehensiveIncomeLossDerivativeExcludedComponentIncreaseDecreaseAfterAdjustmentsTax,"Other Comprehensive Income (Loss), Derivative, Excluded Component, Increase (Decrease), after Adjustments, Tax",USD,2020-02-01,2021-01-31,221000000.0,1000000.0,220000000.0,220.0,221.0,10-K,2023-03-17,31,review
WMT,OtherComprehensiveIncomeLossNetOfTax,"Other Comprehensive Income (Loss), Net of Tax",USD,2024-02-01,2024-04-30,7000000.0,944000000.0,-937000000.0,-0.9925847457627118,0.007415254237288136,10-Q,2025-12-03,91,review
WMT,OtherComprehensiveIncomeLossNetOfTax,"Other Comprehensive Income (Loss), Net of Tax",USD,2024-02-01,2024-07-31,-1062000000.0,7000000.0,-1069000000.0,-152.71428571428572,151.71428571428572,10-Q,2025-08-29,91,review
WMT,OtherComprehensiveIncomeLossNetOfTaxPeriodIncreaseDecrease,"Other Comprehensive Income (Loss), Net of Tax (Deprecated 2012-01-31)",USD,2010-02-01,2010-04-30,9000000.0,2682000000.0,-2673000000.0,-0.9966442953020134,0.003355704697986577,10-Q,2010-06-04,15,review
WMT,OtherComprehensiveIncomeLossNetOfTaxPeriodIncreaseDecrease,"Other Comprehensive Income (Loss), Net of Tax (Deprecated 2012-01-31)",USD,2010-02-01,2010-07-31,-998000000.0,9000000.0,-1007000000.0,-111.88888888888889,110.88888888888889,10-Q,2010-09-01,15,review
WMT,OtherComprehensiveIncomeLossNetOfTaxPortionAttributableToNoncontrollingInterest,"Other Comprehensive Income (Loss), Net of Tax, Portion Attributable to Noncontrolling Interest",USD,2016-02-01,2017-01-31,-210000000.0,2000000.0,-212000000.0,-106.0,105.0,10-K,2019-03-28,94,review
WMT,OtherComprehensiveIncomeLossNetOfTaxPortionAttributableToNoncontrollingInterest,"Other Comprehensive Income (Loss), Net of Tax, Portion Attributable to Noncontrolling Interest",USD,2026-02-01,2026-07-31,1000000.0,-131000000.0,132000000.0,-1.0076335877862594,0.007633587786259542,10-Q,2026-08-28,94,review
WMT,OtherComprehensiveIncomeLossNetOfTaxPortionAttributableToNoncontrollingInterest,"Other Comprehensive Income (Loss), Net of Tax, Portion Attributable to Noncontrolling Interest",USD,2026-05-01,2026-07-31,132000000.0,1000000.0,131000000.0,131.0,132.0,10-Q,2026-08-28,94,review
WMT,OtherComprehensiveIncomeLossNetOfTaxPortionAttributableToParent,"Other Comprehensive Income (Loss), Net of Tax, Portion Attributable to Parent",USD,2021-05-01,2021-07-31,-30000000.0,3790000000.0,-3820000000.0,-1.007915567282322,0.0079155672823219,10-Q,2022-09-02,94,review
WMT,OtherComprehensiveIncomeLossNetOfTaxPortionAttributableToParent,"Other Comprehensive Income (Loss), Net of Tax, Portion Attributable to Parent",USD,2021-02-01,2021-10-31,3278000000.0,-30000000.0,3308000000.0,-110.26666666666667,109.26666666666667,10-Q,2022-12-01,94,review
WMT,OtherComprehensiveIncomeLossPensionAndOtherPostretirementBenefitPlansAdjustmentNetOfTax,"Other Comprehensive (Income) Loss, Defined Benefit Plan, after Reclassification Adjustment, after Tax",USD,2012-02-01,2013-01-31,166000000.0,1000000.0,165000000.0,165.0,166.0,10-K,2015-04-01,76,review
WMT,OtherComprehensiveIncomeLossPensionAndOtherPostretirementBenefitPlansAdjustmentNetOfTax,"Other Comprehensive (Income) Loss, Defined Benefit Plan, after Reclassification Adjustment, after Tax",USD,2013-08-01,2013-10-31,-1000000.0,-116000000.0,115000000.0,-0.9913793103448276,0.008620689655172414,10-Q,2014-12-01,76,review
WMT,OtherComprehensiveIncomeLossPensionAndOtherPostretirementBenefitPlansAdjustmentNetOfTax,"Other Comprehensive (Income) Loss, Defined Benefit Plan, after Reclassification Adjustment, after Tax",USD,2013-02-01,2013-10-31,-117000000.0,-1000000.0,-116000000.0,116.0,117.0,10-Q,2014-12-01,76,review
WMT,OtherComprehensiveIncomeLossPensionAndOtherPostretirementBenefitPlansAdjustmentNetOfTax,"Other Comprehensive (Income) Loss, Defined Benefit Plan, after Reclassification Adjustment, after Tax",USD,2019-02-01,2019-04-30,-1000000.0,-131000000.0,130000000.0,-0.9923664122137404,0.007633587786259542,10-Q,2020-06-03,76,review
WMT,OtherComprehensiveIncomeLossPensionAndOtherPostretirementBenefitPlansAdjustmentNetOfTax,"Other Comprehensive (Income) Loss, Defined Benefit Plan, after Reclassification Adjustment, after Tax",USD,2021-05-01,2021-07-31,-2000000.0,-1969000000.0,1967000000.0,-0.9989842559674962,0.001015744032503809,10-Q,2022-09-02,76,review
WMT,OtherComprehensiveIncomeLossPensionAndOtherPostretirementBenefitPlansAdjustmentNetOfTax,"Other Comprehensive (Income) Loss, Defined Benefit Plan, after Reclassification Adjustment, after Tax",USD,2021-02-01,2021-07-31,-1971000000.0,-2000000.0,-1969000000.0,984.5,985.5,10-Q,2022-09-02,76,review
WMT,OtherComprehensiveIncomeLossPensionAndOtherPostretirementBenefitPlansAdjustmentNetOfTax,"Other Comprehensive (Income) Loss, Defined Benefit Plan, after Reclassification Adjustment, after Tax",USD,2021-08-01,2021-10-31,-1000000.0,-1971000000.0,1970000000.0,-0.9994926433282597,0.0005073566717402334,10-Q,2022-12-01,76,high_priority
WMT,OtherComprehensiveIncomeLossPensionAndOtherPostretirementBenefitPlansAdjustmentNetOfTax,"Other Comprehensive (Income) Loss, Defined Benefit Plan, after Reclassification Adjustment, after Tax",USD,2021-02-01,2021-10-31,-1972000000.0,-1000000.0,-1971000000.0,1971.0,1972.0,10-Q,2022-12-01,76,high_priority
WMT,OtherComprehensiveIncomeLossPensionAndOtherPostretirementBenefitPlansAdjustmentNetOfTax,"Other Comprehensive (Income) Loss, Defined Benefit Plan, after Reclassification Adjustment, after Tax",USD,2022-02-01,2022-04-30,-1000000.0,-1974000000.0,1973000000.0,-0.9994934143870314,0.0005065856129685917,10-Q,2023-06-02,76,high_priority
WMT,PaymentsToAcquireBusinessesNetOfCashAcquired,"Payments to Acquire Businesses, Net of Cash Acquired",USD,2019-02-01,2019-04-30,56000000.0,14656000000.0,-14600000000.0,-0.99617903930131,0.003820960698689956,10-Q,2020-06-03,55,review
WMT,PaymentsToAcquireBusinessesNetOfCashAcquired,"Payments to Acquire Businesses, Net of Cash Acquired",USD,2024-02-01,2025-01-31,1896000000.0,9000000.0,1887000000.0,209.66666666666666,210.66666666666666,10-K,2026-03-13,55,review
WMT,ProceedsFromDivestitureOfBusinesses,Proceeds from Divestiture of Businesses,USD,2021-02-01,2021-04-30,7935000000.0,56000000.0,7879000000.0,140.69642857142858,141.69642857142858,10-Q,2022-06-03,45,review
WMT,ProceedsFromIssuanceOfLongTermDebt,Proceeds from Issuance of Long-term Debt,USD,2012-02-01,2012-04-30,5000000.0,5050000000.0,-5045000000.0,-0.999009900990099,0.0009900990099009901,10-Q,2013-06-07,72,high_priority
WMT,ProceedsFromIssuanceOfLongTermDebt,Proceeds from Issuance of Long-term Debt,USD,2015-02-01,2015-04-30,43000000.0,5174000000.0,-5131000000.0,-0.9916892153073058,0.00831078469269424,10-Q,2016-06-03,72,review
WMT,ProceedsFromRepaymentsOfShortTermDebt,Proceeds from (Repayments of) Short-term Debt,USD,2022-02-01,2023-01-31,-34000000.0,6451000000.0,-6485000000.0,-1.0052705006975662,0.005270500697566269,10-K,2025-03-14,74,review
WMT,ReclassificationFromAccumulatedOtherComprehensiveIncomeCurrentPeriodNetOfTax,"Reclassification from Accumulated Other Comprehensive Income, Current Period, Net of Tax",USD,2019-02-01,2019-04-30,1000000.0,-2142000000.0,2143000000.0,-1.0004668534080299,0.00046685340802987864,10-Q,2020-09-02,50,high_priority
WMT,RepaymentsOfLongTermDebt,Repayments of Long-term Debt,USD,2010-02-01,2010-04-30,37000000.0,6033000000.0,-5996000000.0,-0.9938670644787004,0.006132935521299519,10-Q,2011-06-03,74,review
WMT,ShareBasedCompensationArrangementByShareBasedPaymentAwardOptionsExercisableNumber,"Share-based Compensation Arrangement by Share-based Payment Award, Options, Exercisable, Number",shares,,2013-01-31,5326.0,23793000.0,-23787674.0,-0.999776152649939,0.00022384735006094228,10-K,2013-03-26,3,review
WMT,ShareBasedCompensationArrangementByShareBasedPaymentAwardOptionsExercisableNumber,"Share-based Compensation Arrangement by Share-based Payment Award, Options, Exercisable, Number",shares,,2014-01-31,3119000.0,5326.0,3113674.0,584.6177243710101,585.6177243710101,10-K,2014-03-21,3,review
XOM,AdjustmentsToAdditionalPaidInCapitalTaxEffectFromShareBasedCompensation,"Adjustments to Additional Paid in Capital, Income Tax Benefit from Share-based Compensation",USD,2010-01-01,2010-03-31,-1000000.0,140000000.0,-141000000.0,-1.0071428571428571,0.007142857142857143,10-Q,2011-05-05,33,review
XOM,AllowanceForNotesAndLoansReceivableCurrent,"Financing Receivable, Allowance for Credit Loss, Current",USD,,2016-12-31,627000000.0,4000000.0,623000000.0,155.75,156.75,10-K,2018-02-28,17,review
XOM,CapitalizedExploratoryWellCostChargedToExpense1,"Capitalized Exploratory Well Cost, Charged to Expense",USD,2018-01-01,2018-12-31,7000000.0,1205000000.0,-1198000000.0,-0.9941908713692946,0.005809128630705394,10-K,2021-02-24,20,review
XOM,CashCashEquivalentsRestrictedCashAndRestrictedCashEquivalentsPeriodIncreaseDecreaseIncludingExchangeRateEffect,"Cash, Cash Equivalents, Restricted Cash and Restricted Cash Equivalents, Period Increase (Decrease), Including Exchange Rate Effect",USD,2020-01-01,2020-03-31,8323000000.0,47000000.0,8276000000.0,176.08510638297872,177.08510638297872,10-Q,2021-05-05,33,review
XOM,DeferredFederalIncomeTaxExpenseBenefit,Deferred Federal Income Tax Expense (Benefit),USD,2021-01-01,2021-12-31,-44000000.0,-8052000000.0,8008000000.0,-0.994535519125683,0.00546448087431694,10-K,2024-02-28,16,review
XOM,DeferredIncomeTaxExpenseBenefit,Deferred Income Tax Expense (Benefit),USD,2018-01-01,2018-12-31,-60000000.0,-8577000000.0,8517000000.0,-0.9930045470444211,0.006995452955578874,10-K,2021-02-24,19,review
XOM,GainLossOnDispositionOfAssets1,Gain (Loss) on Disposition of Assets,USD,2020-01-01,2020-12-31,-4000000.0,1710000000.0,-1714000000.0,-1.0023391812865496,0.0023391812865497076,10-K,2023-02-22,15,review
XOM,GainLossOnDispositionOfAssets1,Gain (Loss) on Disposition of Assets,USD,2021-01-01,2021-12-31,1207000000.0,-4000000.0,1211000000.0,-302.75,301.75,10-K,2024-02-28,15,review
XOM,IncomeLossFromContinuingOperationsBeforeIncomeTaxesDomestic,"Income (Loss) from Continuing Operations before Income Taxes, Domestic",USD,2020-01-01,2020-12-31,-27704000000.0,-53000000.0,-27651000000.0,521.7169811320755,522.7169811320755,10-K,2023-02-22,18,review
XOM,IncomeLossFromEquityMethodInvestmentsNetOfDividendsOrDistributions,"Income (Loss) from Equity Method Investments, Net of Dividends or Distributions",USD,2013-01-01,2013-12-31,-3000000.0,1157000000.0,-1160000000.0,-1.0025929127052722,0.0025929127052722557,10-K,2016-02-24,19,review
XOM,IncomeLossFromEquityMethodInvestmentsNetOfDividendsOrDistributions,"Income (Loss) from Equity Method Investments, Net of Dividends or Distributions",USD,2014-01-01,2014-12-31,358000000.0,-3000000.0,361000000.0,-120.33333333333333,119.33333333333333,10-K,2017-02-22,19,review
XOM,IncomeTaxExpenseBenefit,Income Tax Expense (Benefit),USD,2016-01-01,2016-03-31,-51000000.0,5415000000.0,-5466000000.0,-1.0094182825484765,0.009418282548476454,10-Q,2017-05-03,109,review
XOM,IncreaseDecreaseInOtherCurrentAssetsAndLiabilitiesNet,"Increase (Decrease) in Other Current Assets and Liabilities, Net",USD,2014-01-01,2014-06-30,-3000000.0,-2452000000.0,2449000000.0,-0.9987765089722676,0.0012234910277324632,10-Q,2015-08-05,48,review
XOM,IncreaseDecreaseInOtherCurrentAssetsAndLiabilitiesNet,"Increase (Decrease) in Other Current Assets and Liabilities, Net",USD,2014-01-01,2014-09-30,460000000.0,-3000000.0,463000000.0,-154.33333333333334,153.33333333333334,10-Q,2015-11-04,48,review
XOM,IncreaseDecreaseInOtherCurrentAssetsAndLiabilitiesNet,"Increase (Decrease) in Other Current Assets and Liabilities, Net",USD,2022-01-01,2022-09-30,-6000000.0,1661000000.0,-1667000000.0,-1.0036122817579771,0.003612281757977122,10-Q,2023-10-31,48,review
XOM,IncreaseDecreaseInOtherOperatingCapitalNet,"Increase (Decrease) in Other Operating Assets and Liabilities, Net",USD,2023-01-01,2023-12-31,-2410000000.0,-9000000.0,-2401000000.0,266.77777777777777,267.77777777777777,10-K,2025-02-19,51,review
XOM,MarketableSecuritiesCurrent,"Marketable Securities, Current",USD,,2011-06-30,1754000000.0,2000000.0,1752000000.0,876.0,877.0,10-Q,2011-08-04,9,review
XOM,OtherComprehensiveIncomeDefinedBenefitPlansAdjustmentNetOfTaxPeriodIncreaseDecrease,"Other Comprehensive Income (Loss), Pension and Other Postretirement Benefit Plans, Adjustment, Net of Tax (Deprecated 2012-01-31)",USD,2010-07-01,2010-09-30,-393000000.0,-3000000.0,-390000000.0,130.0,131.0,10-Q,2011-11-03,22,review
XOM,OtherComprehensiveIncomeDefinedBenefitPlansAdjustmentNetOfTaxPortionAttributableToParent,"Other Comprehensive (Income) Loss, Defined Benefit Plan, after Tax and Reclassification Adjustment, Attributable to Parent",USD,2011-01-01,2011-12-31,-3402000000.0,-26000000.0,-3376000000.0,129.84615384615384,130.84615384615384,10-K,2014-02-26,7,review
XOM,OtherComprehensiveIncomeDefinedBenefitPlansNetUnamortizedGainLossArisingDuringPeriodTax,"Other Comprehensive Income (Loss), Defined Benefit Plan, Gain (Loss) Arising During Period, Tax",USD,2023-01-01,2023-03-31,11000000.0,-1120000000.0,1131000000.0,-1.0098214285714286,0.009821428571428571,10-Q,2024-04-29,93,review
XOM,OtherComprehensiveIncomeDefinedBenefitPlansNetUnamortizedGainLossArisingDuringPeriodTax,"Other Comprehensive Income (Loss), Defined Benefit Plan, Gain (Loss) Arising During Period, Tax",USD,2026-01-01,2026-03-31,1000000.0,-368000000.0,369000000.0,-1.002717391304348,0.002717391304347826,10-Q,2026-05-04,93,review
XOM,OtherComprehensiveIncomeLossForeignCurrencyTransactionAndTranslationReclassificationAdjustmentFromAOCIRealizedUponSaleOrLiquidationNetOfTax,"Other Comprehensive Income (Loss), Foreign Currency Transaction and Translation Reclassification Adjustment from AOCI, Realized upon Sale or Liquidation, Net of Tax",USD,2013-01-01,2013-12-31,23000000.0,4352000000.0,-4329000000.0,-0.9947150735294118,0.005284926470588236,10-K,2016-02-24,40,review
XOM,OtherComprehensiveIncomeLossPensionAndOtherPostretirementBenefitPlansAdjustmentNetOfTax,"Other Comprehensive (Income) Loss, Defined Benefit Plan, after Reclassification Adjustment, after Tax",USD,2018-07-01,2018-09-30,3000000.0,394000000.0,-391000000.0,-0.9923857868020305,0.007614213197969543,10-Q,2019-11-06,89,review
XOM,OtherComprehensiveIncomeLossPensionAndOtherPostretirementBenefitPlansAdjustmentNetOfTax,"Other Comprehensive (Income) Loss, Defined Benefit Plan, after Reclassification Adjustment, after Tax",USD,2023-01-01,2023-03-31,-19000000.0,-3395000000.0,3376000000.0,-0.9944035346097202,0.005596465390279823,10-Q,2024-04-29,89,review
XOM,OtherShortTermBorrowings,Other Short-term Borrowings,USD,,2012-06-30,2808000000.0,2735000.0,2805265000.0,1025.691042047532,1026.691042047532,10-Q,2012-08-02,2,review
XOM,PaymentsForRepurchaseOfCommonStock,Payments for Repurchase of Common Stock,USD,2021-01-01,2021-03-31,1000000.0,405000000.0,-404000000.0,-0.9975308641975309,0.0024691358024691358,10-Q,2022-05-04,73,review
XOM,PaymentsForRepurchaseOfCommonStock,Payments for Repurchase of Common Stock,USD,2021-01-01,2021-12-31,155000000.0,1000000.0,154000000.0,154.0,155.0,10-K,2024-02-28,73,review
XOM,PaymentsToAcquireMarketableSecurities,Payments to Acquire Marketable Securities,USD,2009-01-01,2009-12-31,16000000.0,2113000000.0,-2097000000.0,-0.9924278277330809,0.007572172266919072,10-K,2012-02-24,9,review
XOM,PaymentsToAcquireMarketableSecurities,Payments to Acquire Marketable Securities,USD,2011-01-01,2011-06-30,1754000000.0,15000000.0,1739000000.0,115.93333333333334,116.93333333333334,10-Q,2012-08-02,9,review
XOM,ProceedsFromIssuanceOfLongTermDebt,Proceeds from Issuance of Long-term Debt,USD,2013-01-01,2013-03-31,5000000.0,995000000.0,-990000000.0,-0.9949748743718593,0.005025125628140704,10-Q,2014-05-07,69,review
XOM,ProceedsFromIssuanceOfLongTermDebt,Proceeds from Issuance of Long-term Debt,USD,2017-01-01,2017-03-31,60000000.0,12066000000.0,-12006000000.0,-0.9950273495773247,0.004972650422675286,10-Q,2018-05-03,69,review
XOM,ProceedsFromIssuanceOfLongTermDebt,Proceeds from Issuance of Long-term Debt,USD,2019-01-01,2019-09-30,7019000000.0,43000000.0,6976000000.0,162.2325581395349,163.2325581395349,10-Q,2020-11-04,69,review
XOM,ProceedsFromPaymentsToMinorityShareholders,Proceeds from (Payments to) Noncontrolling Interests,USD,2010-01-01,2010-03-31,-1000000.0,-113000000.0,112000000.0,-0.9911504424778761,0.008849557522123894,10-Q,2011-05-05,60,review
XOM,ProceedsFromPaymentsToMinorityShareholders,Proceeds from (Payments to) Noncontrolling Interests,USD,2013-01-01,2013-03-31,-1000000.0,204000000.0,-205000000.0,-1.0049019607843137,0.004901960784313725,10-Q,2014-05-07,60,review
XOM,ProceedsFromPaymentsToMinorityShareholders,Proceeds from (Payments to) Noncontrolling Interests,USD,2024-01-01,2024-03-31,-6000000.0,-894000000.0,888000000.0,-0.9932885906040269,0.006711409395973154,10-Q,2025-05-05,60,review
XOM,ProceedsFromShortTermDebtMaturingInMoreThanThreeMonths,"Proceeds from Short-term Debt, Maturing in More than Three Months",USD,2017-01-01,2017-03-31,1734000000.0,16000000.0,1718000000.0,107.375,108.375,10-Q,2018-05-03,22,review
XOM,RepaymentsOfLongTermDebt,Repayments of Long-term Debt,USD,2010-01-01,2010-09-30,2587000000.0,16000000.0,2571000000.0,160.6875,161.6875,10-Q,2011-11-03,52,review
XOM,RepaymentsOfLongTermDebt,Repayments of Long-term Debt,USD,2011-01-01,2011-03-31,29000000.0,6224000000.0,-6195000000.0,-0.9953406169665809,0.004659383033419023,10-Q,2012-05-03,52,review
XOM,RepaymentsOfLongTermDebt,Repayments of Long-term Debt,USD,2025-01-01,2025-03-31,7000000.0,1150000000.0,-1143000000.0,-0.9939130434782608,0.00608695652173913,10-Q,2026-05-04,52,review
XOM,StockIssuedDuringPeriodValueTreasuryStockReissued,"Stock Issued During Period, Value, Treasury Stock Reissued",USD,2014-01-01,2014-03-31,3000000.0,550000000.0,-547000000.0,-0.9945454545454545,0.005454545454545455,10-Q,2015-05-06,82,review
XOM,StockIssuedDuringPeriodValueTreasuryStockReissued,"Stock Issued During Period, Value, Treasury Stock Reissued",USD,2018-01-01,2018-03-31,2000000.0,295000000.0,-293000000.0,-0.9932203389830508,0.006779661016949152,10-Q,2019-05-02,82,review
XOM,StockIssuedDuringPeriodValueTreasuryStockReissued,"Stock Issued During Period, Value, Treasury Stock Reissued",USD,2018-01-01,2018-12-31,319000000.0,2000000.0,317000000.0,158.5,159.5,10-K,2021-02-24,82,review
XOM,StockIssuedDuringPeriodValueTreasuryStockReissued,"Stock Issued During Period, Value, Treasury Stock Reissued",USD,2020-01-01,2020-03-31,3000000.0,312000000.0,-309000000.0,-0.9903846153846154,0.009615384615384616,10-Q,2021-05-05,82,review
XOM,StockIssuedDuringPeriodValueTreasuryStockReissued,"Stock Issued During Period, Value, Treasury Stock Reissued",USD,2020-01-01,2020-12-31,464000000.0,4000000.0,460000000.0,115.0,116.0,10-K,2023-02-22,82,review
XOM,StockIssuedDuringPeriodValueTreasuryStockReissued,"Stock Issued During Period, Value, Treasury Stock Reissued",USD,2021-01-01,2021-03-31,4000000.0,464000000.0,-460000000.0,-0.9913793103448276,0.008620689655172414,10-Q,2022-05-04,82,review
XOM,StockIssuedDuringPeriodValueTreasuryStockReissued,"Stock Issued During Period, Value, Treasury Stock Reissued",USD,2022-01-01,2022-03-31,2000000.0,467000000.0,-465000000.0,-0.9957173447537473,0.004282655246252677,10-Q,2023-05-02,82,review
XOM,StockIssuedDuringPeriodValueTreasuryStockReissued,"Stock Issued During Period, Value, Treasury Stock Reissued",USD,2022-01-01,2022-12-31,466000000.0,4000000.0,462000000.0,115.5,116.5,10-K,2025-02-19,82,review
XOM,StockIssuedDuringPeriodValueTreasuryStockReissued,"Stock Issued During Period, Value, Treasury Stock Reissued",USD,2023-01-01,2023-03-31,2000000.0,466000000.0,-464000000.0,-0.9957081545064378,0.004291845493562232,10-Q,2024-04-29,82,review
XOM,StockIssuedDuringPeriodValueTreasuryStockReissued,"Stock Issued During Period, Value, Treasury Stock Reissued",USD,2023-01-01,2023-12-31,503000000.0,1000000.0,502000000.0,502.0,503.0,10-K,2026-02-18,82,review
XOM,StockIssuedDuringPeriodValueTreasuryStockReissued,"Stock Issued During Period, Value, Treasury Stock Reissued",USD,2024-01-01,2024-03-31,4000000.0,503000000.0,-499000000.0,-0.9920477137176938,0.007952286282306162,10-Q,2025-05-05,82,review
XOM,StockholdersEquity,Stockholders' Equity Attributable to Parent,USD,,2012-06-01,-256000000.0,157012000000.0,-157268000000.0,-1.0016304486281304,0.001630448628130334,10-Q,2012-11-06,70,review
XOM,StockholdersEquity,Stockholders' Equity Attributable to Parent,USD,,2012-06-30,162811000000.0,-256000000.0,163067000000.0,-636.98046875,635.98046875,10-Q,2012-08-02,70,review
XOM,StockholdersEquityOther,"Stockholders' Equity, Other",USD,2018-01-01,2018-12-31,-280000000.0,2000000.0,-282000000.0,-141.0,140.0,10-K,2021-02-24,86,review
XOM,StockholdersEquityOther,"Stockholders' Equity, Other",USD,2021-01-01,2021-12-31,361000000.0,-3000000.0,364000000.0,-121.33333333333333,120.33333333333333,10-K,2024-02-28,86,review
XOM,StockholdersEquityOther,"Stockholders' Equity, Other",USD,2024-01-01,2024-03-31,1000000.0,427000000.0,-426000000.0,-0.9976580796252927,0.00234192037470726,10-Q,2025-05-05,86,review
XOM,StockholdersEquityOther,"Stockholders' Equity, Other",USD,2024-04-01,2024-06-30,107000000.0,1000000.0,106000000.0,106.0,107.0,10-Q,2025-08-04,86,review
XOM,StockholdersEquityOther,"Stockholders' Equity, Other",USD,2025-01-01,2025-03-31,1000000.0,1651000000.0,-1650000000.0,-0.9993943064809206,0.0006056935190793458,10-Q,2026-05-04,86,high_priority
XOM,UnrecognizedTaxBenefitsDecreasesResultingFromPriorPeriodTaxPositions,"Unrecognized Tax Benefits, Decrease Resulting from Prior Period Tax Positions",USD,2023-01-01,2023-12-31,38000000.0,6243000000.0,-6205000000.0,-0.9939131827646964,0.00608681723530354,10-K,2026-02-18,18,review
XOM,UnrecognizedTaxBenefitsReductionsResultingFromLapseOfApplicableStatuteOfLimitations,"Unrecognized Tax Benefits, Reduction Resulting from Lapse of Applicable Statute of Limitations",USD,2021-01-01,2021-12-31,2000000.0,237000000.0,-235000000.0,-0.9915611814345991,0.008438818565400843,10-K,2024-02-28,16,review
