ticker,cik,entity_name,concept,label,unit,start,end,val,accn,fy,fp,form,filed,frame
AAPL,320193,Apple Inc.,SalesRevenueNet,"Revenue, Net (Deprecated 2018-01-31)",USD,2010-03-28,2010-06-26,15700000000.0,0001193125-11-282113,2011.0,FY,10-K,2011-10-26,CY2010Q2
AAPL,320193,Apple Inc.,SegmentReportingInformationOperatingIncomeLoss,"Segment Reporting Information, Operating Income (Loss) (Deprecated 2011-01-31)",USD,2009-09-27,2010-06-26,16124000000.0,0001193125-10-162840,2010.0,Q3,10-Q,2010-07-21,
AAPL,320193,Apple Inc.,DeferredTaxAssetsLiabilitiesNet,"Deferred Tax Assets, Net",USD,,2011-09-24,-6018000000.0,0001193125-12-444068,2012.0,FY,10-K,2012-10-31,
AAPL,320193,Apple Inc.,IncomeLossFromContinuingOperationsBeforeIncomeTaxesExtraordinaryItemsNoncontrollingInterest,"Income (Loss) from Continuing Operations before Income Taxes, Noncontrolling Interest",USD,2013-03-31,2013-06-29,9435000000.0,0001193125-14-277160,2014.0,Q3,10-Q,2014-07-23,CY2013Q2
AAPL,320193,Apple Inc.,LiabilitiesCurrent,"Liabilities, Current",USD,,2014-03-29,43208000000.0,0001193125-14-157311,2014.0,Q2,10-Q,2014-04-24,CY2014Q1I
AAPL,320193,Apple Inc.,PaymentsToAcquireAvailableForSaleSecurities,Payments to Acquire Available-for-sale Securities,USD,2013-09-29,2014-03-29,90360000000.0,0001193125-15-153166,2015.0,Q2,10-Q,2015-04-28,
AAPL,320193,Apple Inc.,OtherComprehensiveIncomeUnrealizedHoldingGainLossOnSecuritiesArisingDuringPeriodNetOfTax,"OCI, Debt Securities, Available-for-Sale, Unrealized Holding Gain (Loss), before Adjustment, after Tax",USD,2015-03-29,2015-06-27,-423000000.0,0001628280-16-017809,2016.0,Q3,10-Q,2016-07-27,CY2015Q2
AAPL,320193,Apple Inc.,StandardProductWarrantyAccrualPayments,"Standard Product Warranty Accrual, Decrease for Payments",USD,2015-09-27,2015-12-26,1269000000.0,0001628280-17-000717,2017.0,Q1,10-Q,2017-02-01,CY2015Q4
AAPL,320193,Apple Inc.,AccumulatedDepreciationDepletionAndAmortizationPropertyPlantAndEquipment,"Accumulated Depreciation, Depletion and Amortization, Property, Plant, and Equipment",USD,,2016-06-25,32543000000.0,0001628280-16-017809,2016.0,Q3,10-Q,2016-07-27,CY2016Q2I
AAPL,320193,Apple Inc.,DebtInstrumentCarryingAmount,"Long-term Debt, Gross",USD,,2017-04-01,88919000000.0,0001628280-17-004790,2017.0,Q2,10-Q,2017-05-03,CY2017Q1I
AAPL,320193,Apple Inc.,IncreaseDecreaseInDeferredRevenue,Increase (Decrease) in Deferred Revenue,USD,2016-09-25,2017-07-01,-418000000.0,0000320193-18-000100,2018.0,Q3,10-Q,2018-08-01,
AAPL,320193,Apple Inc.,Revenues,Revenues,USD,2017-10-01,2017-12-30,88293000000.0,0000320193-18-000145,2018.0,FY,10-K,2018-11-05,CY2017Q4
AAPL,320193,Apple Inc.,DeferredIncomeTaxExpenseBenefit,Deferred Income Tax Expense (Benefit),USD,2018-09-30,2019-09-28,-340000000.0,0000320193-21-000105,2021.0,FY,10-K,2021-10-29,CY2019
AAPL,320193,Apple Inc.,CommonStockSharesAuthorized,"Common Stock, Shares Authorized",shares,,2019-12-28,12600000000.0,0000320193-20-000010,2020.0,Q1,10-Q,2020-01-29,CY2019Q4I
AAPL,320193,Apple Inc.,RepaymentsOfShortTermDebtMaturingInMoreThanThreeMonths,"Repayments of Short-term Debt, Maturing in More than Three Months",USD,2022-09-25,2022-12-31,2645000000.0,0000320193-24-000006,2024.0,Q1,10-Q,2024-02-02,CY2022Q4
AAPL,320193,Apple Inc.,IncomeTaxesPaidNet,"Income Taxes Paid, Net",USD,2022-09-25,2023-07-01,7020000000.0,0000320193-24-000081,2024.0,Q3,10-Q,2024-08-02,
AAPL,320193,Apple Inc.,RevenueFromContractWithCustomerExcludingAssessedTax,"Revenue from Contract with Customer, Excluding Assessed Tax",USD,2023-04-02,2023-07-01,81797000000.0,0000320193-24-000081,2024.0,Q3,10-Q,2024-08-02,CY2023Q2
AAPL,320193,Apple Inc.,SellingGeneralAndAdministrativeExpense,"Selling, General and Administrative Expense",USD,2024-03-31,2024-06-29,6320000000.0,0000320193-25-000073,2025.0,Q3,10-Q,2025-08-01,CY2024Q2
AAPL,320193,Apple Inc.,IncreaseDecreaseInOtherOperatingAssets,Increase (Decrease) in Other Operating Assets,USD,2024-09-29,2024-12-28,-939000000.0,0000320193-26-000006,2026.0,Q1,10-Q,2026-01-30,CY2024Q4
AAPL,320193,Apple Inc.,OtherComprehensiveIncomeLossForeignCurrencyTransactionAndTranslationAdjustmentNetOfTax,"Other Comprehensive Income (Loss), Foreign Currency Transaction and Translation Adjustment, Net of Tax",USD,2024-09-29,2025-09-27,-267000000.0,0000320193-25-000079,2025.0,FY,10-K,2025-10-31,CY2025
BAC,70858,BofA Finance LLC,CashAndCashEquivalentsPeriodIncreaseDecrease,"Cash and Cash Equivalents, Period Increase (Decrease)",USD,2007-01-01,2007-12-31,6102000000.0,0001193125-10-041666,2009.0,FY,10-K,2010-02-26,CY2007
BAC,70858,BofA Finance LLC,ProvisionForLoanLeaseAndOtherLosses,"Provision for Loan, Lease, and Other Losses",USD,2008-01-01,2008-09-30,18290000000.0,0001193125-09-227720,2009.0,Q3,10-Q,2009-11-06,
BAC,70858,BofA Finance LLC,CashFlowsBetweenSecuritizationSpecialPurposeEntitySPEAndTransferorProceedsFromCollectionsReinvestedInRevolvingPeriodSecuritizations,"Cash Flows Between Securitization or Asset-backed Financing Arrangement Special Purpose Entity (SPE) and Transferor, Proceeds from Collections Reinvested in Revolving Period Securitizations (Deprecated 2009-01-31)",USD,2009-07-01,2009-09-30,1200000000.0,0000950123-10-101545,2010.0,Q3,10-Q,2010-11-05,CY2009Q3
BAC,70858,BofA Finance LLC,SegmentReportingInformationProfitLoss,"Segment Reporting Information, Profit (Loss) (Deprecated 2011-01-31)",USD,2009-01-01,2009-12-31,6276000000.0,0000950123-11-018743,2010.0,FY,10-K,2011-02-25,CY2009
BAC,70858,BofA Finance LLC,ProvisionForLoanLeaseAndOtherLosses,"Provision for Loan, Lease, and Other Losses",USD,2010-01-01,2010-06-30,17910000000.0,0000950123-11-072937,2011.0,Q2,10-Q,2011-08-04,
BAC,70858,BofA Finance LLC,OtherComprehensiveIncomeLossNetOfTaxPeriodIncreaseDecrease,"Other Comprehensive Income (Loss), Net of Tax (Deprecated 2012-01-31)",USD,2011-04-01,2011-06-30,330000000.0,0000070858-12-000308,2012.0,Q2,10-Q,2012-08-02,CY2011Q2
BAC,70858,BofA Finance LLC,AllowanceForLoanAndLeaseLossesProvisionForLossGross,"Allowance for Loan and Lease Losses, Provision for Loss, Gross (Deprecated 2013-01-31)",USD,2011-01-01,2011-12-31,13629000000.0,0000070858-13-000097,2012.0,FY,10-K,2013-02-28,CY2011
BAC,70858,BofA Finance LLC,ProceedsFromPaymentsForOtherFinancingActivities,Proceeds from (Payments for) Other Financing Activities,USD,2012-01-01,2012-03-31,17000000.0,0000070858-13-000147,2013.0,Q1,10-Q,2013-05-07,CY2012Q1
BAC,70858,BofA Finance LLC,IncreaseDecreaseInOtherOperatingCapitalNet,"Increase (Decrease) in Other Operating Assets and Liabilities, Net",USD,2012-01-01,2012-06-30,1167000000.0,0000070858-13-000216,2013.0,Q2,10-Q,2013-08-01,
BAC,70858,BofA Finance LLC,CommonStockDividendsPerShareCashPaid,"Common Stock, Dividends, Per Share, Cash Paid",USD/shares,2015-01-01,2015-03-31,0.05,0000070858-16-000166,2016.0,Q1,10-Q,2016-05-02,
BAC,70858,BofA Finance LLC,GainLossFromComponentsExcludedFromAssessmentOfCashFlowHedgeEffectivenessNet,"Gain (Loss) from Components Excluded from Assessment of Cash Flow Hedge Effectiveness, Net",USD,2021-01-01,2021-06-30,-50000000.0,0000070858-22-000112,2022.0,Q2,10-Q,2022-07-29,
BAC,70858,BofA Finance LLC,PreferredStockSharesAuthorized,"Preferred Stock, Shares Authorized",shares,,2022-03-31,100000000.0,0000070858-22-000088,2022.0,Q1,10-Q,2022-04-29,CY2022Q1I
BAC,70858,BofA Finance LLC,OtherComprehensiveIncomeLossCashFlowHedgeGainLossAfterReclassificationAndTaxParent,"Other Comprehensive Income (Loss), Cash Flow Hedge, Gain (Loss), after Reclassification and Tax, Parent",USD,2022-04-01,2022-06-30,-2008000000.0,0000070858-23-000176,2023.0,Q2,10-Q,2023-07-31,CY2022Q2
BAC,70858,BofA Finance LLC,HeldToMaturitySecuritiesAccumulatedUnrecognizedHoldingGain,"Debt Securities, Held-to-maturity, Accumulated Unrecognized Gain",USD,,2022-09-30,0.0,0000070858-22-000131,2022.0,Q3,10-Q,2022-10-28,CY2022Q3I
BAC,70858,BofA Finance LLC,NumberOfOperatingSegments,Number of Operating Segments,businessSegment,2022-01-01,2022-12-31,4.0,0000070858-23-000092,2022.0,FY,10-K,2023-02-22,CY2022
BAC,70858,BofA Finance LLC,OtherComprehensiveIncomeDefinedBenefitPlansAdjustmentNetOfTaxPortionAttributableToParent,"Other Comprehensive (Income) Loss, Defined Benefit Plan, after Tax and Reclassification Adjustment, Attributable to Parent",USD,2024-01-01,2024-06-30,-48000000.0,0000070858-25-000268,2025.0,Q2,10-Q,2025-07-31,
BAC,70858,BofA Finance LLC,AmortizationOfIntangibleAssets,Amortization of Intangible Assets,USD,2024-07-01,2024-09-30,20000000.0,0000070858-25-000405,2025.0,Q3,10-Q,2025-10-31,CY2024Q3
BAC,70858,BofA Finance LLC,SecuritiesHeldAsCollateralAtFairValue,"Securities Held as Collateral, at Fair Value",USD,,2024-09-30,976000000000.0,0000070858-24-000280,2024.0,Q3,10-Q,2024-10-29,CY2024Q3I
BAC,70858,BofA Finance LLC,DebtSecuritiesHeldToMaturityAmortizedCostExcludingAccruedInterestAfterAllowanceForCreditLossMaturityAllocatedAndSingleMaturityDateAfterYear5Through10,,USD,,2025-03-31,76330000000.0,0000070858-25-000200,2025.0,Q1,10-Q,2025-04-30,CY2025Q1I
BAC,70858,BofA Finance LLC,PreferredStockParOrStatedValuePerShare,"Preferred Stock, Par or Stated Value Per Share",USD/shares,,2025-03-31,0.01,0000070858-25-000200,2025.0,Q1,10-Q,2025-04-30,CY2025Q1I
BLK,2012383,"BlackRock, Inc.",ComprehensiveIncomeNetOfTax,"Comprehensive Income (Loss), Net of Tax, Attributable to Parent",USD,2023-07-01,2023-09-30,1383000000.0,0000950170-24-122256,2024.0,Q3,10-Q,2024-11-06,CY2023Q3
BLK,2012383,"BlackRock, Inc.",FairValueMeasurementWithUnobservableInputsReconciliationRecurringBasisAssetGainLossIncludedInEarnings1,"Fair Value, Measurement with Unobservable Inputs Reconciliation, Recurring Basis, Asset, Gain (Loss) Included in Earnings",USD,2023-07-01,2023-09-30,-20000000.0,0000950170-24-122256,2024.0,Q3,10-Q,2024-11-06,CY2023Q3
BLK,2012383,"BlackRock, Inc.",RevenueFromContractWithCustomerExcludingAssessedTax,"Revenue from Contract with Customer, Excluding Assessed Tax",USD,2023-07-01,2023-09-30,4522000000.0,0000950170-24-122256,2024.0,Q3,10-Q,2024-11-06,CY2023Q3
BLK,2012383,"BlackRock, Inc.",DeferredTaxAssetsOther,"Deferred Tax Assets, Other",USD,,2023-12-31,825000000.0,0000950170-25-026584,2024.0,FY,10-K,2025-02-25,CY2023Q4I
BLK,2012383,"BlackRock, Inc.",StockholdersEquityIncludingPortionAttributableToNoncontrollingInterest,"Stockholders' Equity, Including Portion Attributable to Noncontrolling Interest",USD,,2024-06-30,40271000000.0,0001193125-25-267043,2025.0,Q3,10-Q,2025-11-05,CY2024Q2I
BLK,2012383,"BlackRock, Inc.",DebtInstrumentUnamortizedDiscountPremiumAndDebtIssuanceCostsNet,"Debt Instrument, Unamortized Discount (Premium) and Debt Issuance Costs, Net",USD,,2024-09-30,111000000.0,0000950170-24-122256,2024.0,Q3,10-Q,2024-11-06,CY2024Q3I
BLK,2012383,"BlackRock, Inc.",FiniteLivedIntangibleAssetsGross,"Finite-Lived Intangible Assets, Gross",USD,,2024-09-30,5000000.0,0000950170-24-122256,2024.0,Q3,10-Q,2024-11-06,CY2024Q3I
BLK,2012383,"BlackRock, Inc.",GainLossOnInvestments,Gain (Loss) on Investments,USD,2024-07-01,2024-09-30,177000000.0,0001193125-25-267043,2025.0,Q3,10-Q,2025-11-05,CY2024Q3
BLK,2012383,"BlackRock, Inc.",IncreaseDecreaseInOtherOperatingLiabilities,Increase (Decrease) in Other Operating Liabilities,USD,2024-01-01,2024-12-31,-382000000.0,0001193125-26-071966,2025.0,FY,10-K,2026-02-25,CY2024
BLK,2012383,"BlackRock, Inc.",CashAndCashEquivalentsAtCarryingValue,"Cash and Cash Equivalents, at Carrying Value",USD,,2025-03-31,7747000000.0,0000950170-25-065838,2025.0,Q1,10-Q,2025-05-07,CY2025Q1I
BLK,2012383,"BlackRock, Inc.",ProceedsFromIssuanceOfLongTermDebt,Proceeds from Issuance of Long-term Debt,USD,2025-01-01,2025-03-31,0.0,0000950170-25-065838,2025.0,Q1,10-Q,2025-05-07,CY2025Q1
BLK,2012383,"BlackRock, Inc.",ShareBasedCompensationArrangementByShareBasedPaymentAwardEquityInstrumentsOtherThanOptionsVestedInPeriodWeightedAverageGrantDateFairValue,"Share-based Compensation Arrangement by Share-based Payment Award, Equity Instruments Other than Options, Vested in Period, Weighted Average Grant Date Fair Value",USD/shares,2025-01-01,2025-03-31,832.07,0000950170-25-065838,2025.0,Q1,10-Q,2025-05-07,CY2025Q1
BLK,2012383,"BlackRock, Inc.",ShareBasedCompensationArrangementByShareBasedPaymentAwardEquityInstrumentsOtherThanOptionsVestedInPeriod,"Share-based Compensation Arrangement by Share-based Payment Award, Equity Instruments Other than Options, Vested in Period",shares,2025-01-01,2025-06-30,54212.0,0000950170-25-103780,2025.0,Q2,10-Q,2025-08-06,
BLK,2012383,"BlackRock, Inc.",FairValueMeasurementWithUnobservableInputsReconciliationRecurringBasisAssetTransfersIntoLevel3,"Fair Value, Measurement with Unobservable Inputs Reconciliation, Recurring Basis, Asset Transfers Into Level 3",USD,2025-01-01,2025-09-30,0.0,0001193125-25-267043,2025.0,Q3,10-Q,2025-11-05,
BLK,2012383,"BlackRock, Inc.",ShareBasedCompensationArrangementByShareBasedPaymentAwardEquityInstrumentsOtherThanOptionsForfeitedInPeriod,"Share-based Compensation Arrangement by Share-based Payment Award, Equity Instruments Other than Options, Forfeited in Period",shares,2025-01-01,2025-09-30,25274.0,0001193125-25-267043,2025.0,Q3,10-Q,2025-11-05,
BLK,2012383,"BlackRock, Inc.",BusinessCombinationContingentConsiderationLiability,"Business Combination, Contingent Consideration, Liability",USD,,2025-12-31,8400000000.0,0001193125-26-071966,2025.0,FY,10-K,2026-02-25,CY2025Q4I
BLK,2012383,"BlackRock, Inc.",Liabilities,Liabilities,USD,,2025-12-31,108456000000.0,0001193125-26-337177,2026.0,Q2,10-Q,2026-08-06,CY2025Q4I
BLK,2012383,"BlackRock, Inc.",SecuritiesLoanedOrSoldUnderAgreementsToRepurchaseFairValueDisclosure,"Securities Loaned or Sold under Agreements to Repurchase, Fair Value Disclosure",USD,,2026-03-31,11800000000.0,0001193125-26-208766,2026.0,Q1,10-Q,2026-05-06,CY2026Q1I
BLK,2012383,"BlackRock, Inc.",AccountsPayableAndAccruedLiabilitiesCurrentAndNoncurrent,Accounts Payable and Accrued Liabilities,USD,,2026-06-30,2012000000.0,0001193125-26-337177,2026.0,Q2,10-Q,2026-08-06,CY2026Q2I
BLK,2012383,"BlackRock, Inc.",HeldToMaturitySecuritiesDebtMaturitiesAfterFiveThroughTenYearsFairValue,"Debt Securities, Held-to-Maturity, Fair Value, Maturity, Allocated and Single Maturity Date, after Year 5 Through 10",USD,,2026-06-30,233000000.0,0001193125-26-337177,2026.0,Q2,10-Q,2026-08-06,CY2026Q2I
C,831001,Citigroup Inc,OperatingExpenses,Operating Expenses,USD,2009-01-01,2009-03-31,11685000000.0,0001206774-11-000316,2010.0,FY,10-K,2011-02-25,CY2009Q1
C,831001,Citigroup Inc,CumulativeEffectOfInitialAdoptionOfSFAS159,Cumulative Effect of Initial Adoption of FAS 159 (Deprecated 2011-01-31),USD,2009-01-01,2009-12-31,-99000000.0,0001206774-10-000406,2009.0,FY,10-K,2010-02-26,CY2009
C,831001,Citigroup Inc,OtherShortTermBorrowings,Other Short-term Borrowings,USD,,2011-03-31,54045000000.0,0001047469-11-004635,2011.0,Q1,10-Q,2011-05-05,CY2011Q1I
C,831001,Citigroup Inc,AvailableforsaleSecuritiesGrossRealizedGainLossExcludingOtherThanTemporaryImpairments,"Available-for-sale Securities, Gross Realized Gain (Loss), Excluding Other than Temporary Impairments",USD,2011-01-01,2011-12-31,1997000000.0,0001206774-13-000852,2012.0,FY,10-K,2013-03-01,
C,831001,Citigroup Inc,AllowanceForLoanAndLeaseLossesAdjustmentsNet,"Allowance for Loan and Lease Losses, Adjustments, Other",USD,2012-01-01,2012-09-30,573000000.0,0001047469-13-010160,2013.0,Q3,10-Q,2013-11-01,
C,831001,Citigroup Inc,IncreaseDecreaseInOtherOperatingAssets,Increase (Decrease) in Other Operating Assets,USD,2012-01-01,2012-12-31,530000000.0,0000831001-15-000043,2014.0,FY,10-K,2015-02-25,
C,831001,Citigroup Inc,InterestAndDividendIncomeOperating,"Interest and Dividend Income, Operating",USD,2013-01-01,2013-12-31,62970000000.0,0000831001-16-000235,2015.0,FY,10-K,2016-02-26,
C,831001,Citigroup Inc,AccumulatedOtherComprehensiveIncomeLossBeforeTax1,"AOCI Including Portion Attributable to Noncontrolling Interest, before Tax",USD,,2014-09-30,-27908000000.0,0000831001-15-000157,2015.0,Q3,10-Q,2015-10-30,CY2014Q3I
C,831001,Citigroup Inc,VariableInterestEntityEntityMaximumLossExposureAmount,"Variable Interest Entity, Reporting Entity Involvement, Maximum Loss Exposure, Amount",USD,,2014-12-31,45931000000.0,0000831001-16-000235,2015.0,FY,10-K,2016-02-26,
C,831001,Citigroup Inc,PrincipalTransactionsRevenue,"Principal Transactions Revenue, Net",USD,2017-01-01,2017-06-30,5737000000.0,0000831001-18-000091,2018.0,Q2,10-Q,2018-07-31,
C,831001,Citigroup Inc,HeldToMaturitySecuritiesContinuousUnrealizedLossPositionTwelveMonthsOrLongerFairValue,"Debt Securities, Held-to-maturity, Continuous Unrealized Loss Position, 12 Months or Longer, Fair Value",USD,,2018-03-31,15866000000.0,0000831001-18-000046,2018.0,Q1,10-Q,2018-05-01,CY2018Q1I
C,831001,Citigroup Inc,InterestExpenseDeposits,"Interest Expense, Deposits",USD,2018-04-01,2018-06-30,2244000000.0,0000831001-19-000073,2019.0,Q2,10-Q,2019-08-01,CY2018Q2
C,831001,Citigroup Inc,HedgedLiabilityFairValueHedge,"Hedged Liability, Fair Value Hedge",USD,,2019-09-30,155524000000.0,0000831001-19-000105,2019.0,Q3,10-Q,2019-11-01,CY2019Q3I
C,831001,Citigroup Inc,TradingLiabilities,Trading Liabilities,USD,,2019-12-31,119894000000.0,0000831001-21-000042,2020.0,FY,10-K,2021-02-26,CY2019Q4I
C,831001,Citigroup Inc,DepositsPaidForSecuritiesBorrowedAtCarryingValue,"Deposits Paid for Securities Borrowed, at Carrying Value",USD,,2020-09-30,83979000000.0,0000831001-20-000110,2020.0,Q3,10-Q,2020-11-04,CY2020Q3I
C,831001,Citigroup Inc,SecuritiesSoldUnderAgreementsToRepurchase,Securities Sold under Agreements to Repurchase,USD,,2021-03-31,198029000000.0,0000831001-21-000066,2021.0,Q1,10-Q,2021-05-06,CY2021Q1I
C,831001,Citigroup Inc,DebtAndEquitySecuritiesGainLoss,"Debt and Equity Securities, Gain (Loss)",USD,2024-01-01,2024-03-31,115000000.0,0000831001-25-000086,2025.0,Q1,10-Q,2025-05-08,CY2024Q1
C,831001,Citigroup Inc,DividendIncomeOperating,"Dividend Income, Operating",USD,2024-07-01,2024-09-30,92000000.0,0000831001-25-000154,2025.0,Q3,10-Q,2025-11-06,CY2024Q3
C,831001,Citigroup Inc,LoansReceivableFairValueDisclosure,"Loans Receivable, Fair Value Disclosure",USD,,2025-09-30,7896000000.0,0000831001-25-000154,2025.0,Q3,10-Q,2025-11-06,CY2025Q3I
C,831001,Citigroup Inc,PropertyPlantAndEquipmentAndFinanceLeaseRightOfUseAssetAfterAccumulatedDepreciationAndAmortization,"Property, Plant, and Equipment and Finance Lease Right-of-Use Asset, after Accumulated Depreciation and Amortization",USD,,2025-12-31,33339000000.0,0000831001-26-000011,2025.0,FY,10-K,2026-02-20,CY2025Q4I
CAT,18230,CATERPILLAR INC,DepreciationDepletionAndAmortization,"Depreciation, Depletion and Amortization",USD,2010-07-01,2010-09-30,565000000.0,0001104659-11-060986,2011.0,Q3,10-Q,2011-11-04,CY2010Q3
CAT,18230,CATERPILLAR INC,IncreaseDecreaseInAccountsPayable,Increase (Decrease) in Accounts Payable,USD,2010-01-01,2010-09-30,1966000000.0,0001104659-11-060986,2011.0,Q3,10-Q,2011-11-04,
CAT,18230,CATERPILLAR INC,CommonStockIncludingAdditionalPaidInCapital,"Common Stock, Including Additional Paid in Capital (Deprecated 2013-01-31)",USD,,2012-06-30,4373000000.0,0000018230-12-000409,2012.0,Q2,10-Q,2012-08-06,CY2012Q2I
CAT,18230,CATERPILLAR INC,OtherNonoperatingIncomeExpense,Other Nonoperating Income (Expense),USD,2013-07-01,2013-09-30,-24000000.0,0000018230-14-000386,2014.0,Q3,10-Q,2014-10-31,CY2013Q3
CAT,18230,CATERPILLAR INC,OtherNonoperatingIncomeExpense,Other Nonoperating Income (Expense),USD,2015-04-01,2015-06-30,-72000000.0,0000018230-16-000630,2016.0,Q2,10-Q,2016-08-03,CY2015Q2
CAT,18230,CATERPILLAR INC,ShareBasedCompensationArrangementByShareBasedPaymentAwardFairValueAssumptionsRiskFreeInterestRateMinimum,"Share-based Compensation Arrangement by Share-based Payment Award, Fair Value Assumptions, Risk Free Interest Rate, Minimum",pure,2015-01-01,2015-09-30,0.0022,0000018230-16-000715,2016.0,Q3,10-Q,2016-11-02,
CAT,18230,CATERPILLAR INC,AvailableForSaleSecurities,Available-for-sale Securities,USD,,2015-12-31,1635000000.0,0000018230-17-000041,2016.0,FY,10-K,2017-02-15,CY2015Q4I
CAT,18230,CATERPILLAR INC,DeferredTaxAssetsGross,"Deferred Tax Assets, Gross",USD,,2015-12-31,6059000000.0,0000018230-17-000041,2016.0,FY,10-K,2017-02-15,CY2015Q4I
CAT,18230,CATERPILLAR INC,OtherComprehensiveIncomeLossForeignCurrencyTransactionAndTranslationAdjustmentNetOfTax,"Other Comprehensive Income (Loss), Foreign Currency Transaction and Translation Adjustment, Net of Tax",USD,2015-01-01,2015-12-31,-973000000.0,0000018230-18-000042,2017.0,FY,10-K,2018-02-15,CY2015
CAT,18230,CATERPILLAR INC,CapitalLeasedAssetsGross,"Capital Leased Assets, Gross",USD,,2016-12-31,99000000.0,0000018230-18-000042,2017.0,FY,10-K,2018-02-15,CY2016Q4I
CAT,18230,CATERPILLAR INC,EffectiveIncomeTaxRateReconciliationDeductionsOther,"Effective Income Tax Rate Reconciliation, Deduction, Other, Percent",pure,2016-01-01,2016-12-31,0.0,0000018230-19-000034,2018.0,FY,10-K,2019-02-14,CY2016
CAT,18230,CATERPILLAR INC,AccountsReceivableNetCurrent,"Accounts Receivable, after Allowance for Credit Loss, Current",USD,,2017-09-30,6691000000.0,0000018230-17-000305,2017.0,Q3,10-Q,2017-11-01,CY2017Q3I
CAT,18230,CATERPILLAR INC,OtherComprehensiveIncomeLossPensionAndOtherPostretirementBenefitPlansAdjustmentNetOfTax,"Other Comprehensive (Income) Loss, Defined Benefit Plan, after Reclassification Adjustment, after Tax",USD,2018-01-01,2018-06-30,16000000.0,0000018230-19-000224,2019.0,Q2,10-Q,2019-08-01,
CAT,18230,CATERPILLAR INC,DerivativeCollateralObligationToReturnCash,"Derivative, Collateral, Obligation to Return Cash",USD,,2020-03-31,0.0,0000018230-20-000155,2020.0,Q1,10-Q,2020-05-06,CY2020Q1I
CAT,18230,CATERPILLAR INC,OtherComprehensiveIncomeLossForeignCurrencyTranslationAdjustmentTax,"Other Comprehensive Income (Loss), Foreign Currency Translation Adjustment, Tax",USD,2020-01-01,2020-03-31,10000000.0,0000018230-20-000155,2020.0,Q1,10-Q,2020-05-06,CY2020Q1
CAT,18230,CATERPILLAR INC,InventoryWorkInProcessNetOfReserves,"Inventory, Work in Process, Net of Reserves",USD,,2020-06-30,1076000000.0,0000018230-20-000214,2020.0,Q2,10-Q,2020-08-05,CY2020Q2I
CAT,18230,CATERPILLAR INC,AccountsReceivableNetNoncurrent,"Accounts Receivable, after Allowance for Credit Loss, Noncurrent",USD,,2021-09-30,1273000000.0,0000018230-21-000260,2021.0,Q3,10-Q,2021-11-03,CY2021Q3I
CAT,18230,CATERPILLAR INC,OperatingLeaseLiabilityNoncurrent,"Operating Lease, Liability, Noncurrent",USD,,2022-12-31,428000000.0,0000018230-24-000009,2023.0,FY,10-K,2024-02-16,CY2022Q4I
CAT,18230,CATERPILLAR INC,AssetsCurrent,"Assets, Current",USD,,2023-03-31,45660000000.0,0000018230-23-000022,2023.0,Q1,10-Q,2023-05-03,CY2023Q1I
CAT,18230,CATERPILLAR INC,PaymentsOfDividendsCommonStock,"Payments of Ordinary Dividends, Common Stock",USD,2023-01-01,2023-03-31,620000000.0,0000018230-24-000020,2024.0,Q1,10-Q,2024-05-01,CY2023Q1
COP,1163165,ConocoPhillips,PaymentsForRepurchaseOfCommonStock,Payments for Repurchase of Common Stock,USD,2007-01-01,2007-12-31,7001000000.0,0000950123-10-017187,2009.0,FY,10-K,2010-02-25,CY2007
COP,1163165,ConocoPhillips,CommonStockValue,"Common Stock, Value, Issued",USD,,2011-03-31,17000000.0,0000950123-11-043802,2011.0,Q1,10-Q,2011-05-03,CY2011Q1I
COP,1163165,ConocoPhillips,ImpairmentOfLongLivedAssetsToBeDisposedOf,Impairment of Long-Lived Assets to be Disposed of,USD,2012-01-01,2012-12-31,798000000.0,0001193125-14-066358,2013.0,FY,10-K,2014-02-25,CY2012
COP,1163165,ConocoPhillips,NetIncomeLoss,Net Income (Loss) Attributable to Parent,USD,2014-04-01,2014-06-30,2081000000.0,0001193125-15-276084,2015.0,Q2,10-Q,2015-08-04,CY2014Q2
COP,1163165,ConocoPhillips,CostOfPurchasedOilAndGas,Cost of Purchased Oil and Gas (Deprecated 2018-01-31),USD,2014-07-01,2014-09-30,4703000000.0,0001193125-15-363847,2015.0,Q3,10-Q,2015-11-03,CY2014Q3
COP,1163165,ConocoPhillips,OtherComprehensiveIncomeLossReclassificationAdjustmentFromAOCIPensionAndOtherPostretirementBenefitPlansTax,"Other Comprehensive (Income) Loss, Defined Benefit Plan, Reclassification Adjustment from AOCI, Tax",USD,2015-04-01,2015-06-30,35000000.0,0001193125-16-667631,2016.0,Q2,10-Q,2016-08-02,CY2015Q2
COP,1163165,ConocoPhillips,OtherComprehensiveIncomeLossReclassificationAdjustmentFromAOCIPensionAndOtherPostretirementBenefitPlansForNetGainLossBeforeTax,"Other Comprehensive Income (Loss), Defined Benefit Plan, Gain (Loss), Reclassification Adjustment from AOCI, before Tax",USD,2016-01-01,2016-06-30,-182000000.0,0001193125-17-243345,2017.0,Q2,10-Q,2017-08-01,
COP,1163165,ConocoPhillips,EffectiveIncomeTaxRateReconciliationChangeInDeferredTaxAssetsValuationAllowance,"Effective Income Tax Rate Reconciliation, Change in Deferred Tax Assets Valuation Allowance, Percent",pure,2017-01-01,2017-06-30,-0.005,0001193125-18-233667,2018.0,Q2,10-Q,2018-08-01,
COP,1163165,ConocoPhillips,WeightedAverageNumberOfDilutedSharesOutstanding,"Weighted Average Number of Shares Outstanding, Diluted",shares,2017-04-01,2017-06-30,1236831.0,0001193125-18-233667,2018.0,Q2,10-Q,2018-08-01,CY2017Q2
COP,1163165,ConocoPhillips,EffectiveIncomeTaxRateReconciliationAtFederalStatutoryIncomeTaxRate,"Effective Income Tax Rate Reconciliation, at Federal Statutory Income Tax Rate, Percent",pure,2018-01-01,2018-03-31,0.21,0001193125-18-145507,2018.0,Q1,10-Q,2018-05-01,CY2018Q1
COP,1163165,ConocoPhillips,IncomeTaxExpenseBenefit,Income Tax Expense (Benefit),USD,2019-01-01,2019-06-30,1302000000.0,0001562762-20-000267,2020.0,Q2,10-Q,2020-08-04,
COP,1163165,ConocoPhillips,IncomeTaxReconciliationChangeInDeferredTaxAssetsValuationAllowance,"Effective Income Tax Rate Reconciliation, Change in Deferred Tax Assets Valuation Allowance, Amount",USD,2020-01-01,2020-09-30,264000000.0,0001562762-21-000409,2021.0,Q3,10-Q,2021-11-04,
COP,1163165,ConocoPhillips,IncomeLossFromEquityMethodInvestments,Income (Loss) from Equity Method Investments,USD,2020-01-01,2020-12-31,432000000.0,0001163165-23-000006,2022.0,FY,10-K,2023-02-16,CY2020
COP,1163165,ConocoPhillips,PreferredStockParOrStatedValuePerShare,"Preferred Stock, Par or Stated Value Per Share",USD/shares,,2020-12-31,0.01,0001562762-22-000031,2021.0,FY,10-K,2022-02-17,CY2020Q4I
COP,1163165,ConocoPhillips,DefinedBenefitPlanAmountsRecognizedInOtherComprehensiveIncomeNetPriorServiceCostCreditBeforeTax,"Other Comprehensive (Income) Loss, Defined Benefit Plan, Prior Service Cost (Credit), after Reclassification Adjustment, before Tax",USD,2021-01-01,2021-03-31,9000000.0,0001163165-22-000006,2022.0,Q1,10-Q,2022-05-05,CY2021Q1
COP,1163165,ConocoPhillips,NetIncomeLossAttributableToNoncontrollingInterest,Net Income (Loss) Attributable to Noncontrolling Interest,USD,2021-04-01,2021-06-30,0.0,0001562762-21-000304,2021.0,Q2,10-Q,2021-08-05,CY2021Q2
COP,1163165,ConocoPhillips,RelatedPartyTransactionPurchasesFromRelatedParty,"Related Party Transaction, Purchases from Related Party",USD,2021-07-01,2021-09-30,1000000.0,0001163165-22-000017,2022.0,Q3,10-Q,2022-11-03,CY2021Q3
COP,1163165,ConocoPhillips,PensionAndOtherPostretirementDefinedBenefitPlansLiabilitiesNoncurrent,"Liability, Defined Benefit Plan, Noncurrent",USD,,2023-12-31,1009000000.0,0001163165-25-000012,2024.0,FY,10-K,2025-02-18,CY2023Q4I
COP,1163165,ConocoPhillips,IncreaseDecreaseInOtherOperatingCapitalNet,"Increase (Decrease) in Other Operating Assets and Liabilities, Net",USD,2024-01-01,2024-09-30,-395000000.0,0001163165-25-000058,2025.0,Q3,10-Q,2025-11-06,
COP,1163165,ConocoPhillips,UnrecordedUnconditionalPurchaseObligationBalanceOnFirstAnniversary,"Unrecorded Unconditional Purchase Obligation, to be Paid, Year One",USD,,2025-09-30,2000000.0,0001163165-25-000058,2025.0,Q3,10-Q,2025-11-06,CY2025Q3I
COST,909832,COSTCO WHOLESALE CORP /NEW,AccountsPayableCurrent,"Accounts Payable, Current",USD,,2009-08-30,5450000000.0,0001193125-10-230379,2010.0,FY,10-K,2010-10-18,CY2009Q3I
COST,909832,COSTCO WHOLESALE CORP /NEW,ForeignCurrencyTransactionGainLossBeforeTax,"Foreign Currency Transaction Gain (Loss), before Tax",USD,2008-09-01,2009-08-30,0.0,0001193125-10-230379,2010.0,FY,10-K,2010-10-18,CY2009
COST,909832,COSTCO WHOLESALE CORP /NEW,InterestExpense,Interest Expense,USD,2009-05-11,2009-08-30,33000000.0,0001193125-10-230379,2010.0,FY,10-K,2010-10-18,CY2009Q3
COST,909832,COSTCO WHOLESALE CORP /NEW,StockRepurchaseProgramRemainingAuthorizedRepurchaseAmount,"Stock Repurchase Program, Remaining Authorized Repurchase Amount (Deprecated 2014-01-31)",USD,2011-08-29,2012-02-12,3388000000.0,0001193125-12-115279,2012.0,Q2,10-Q,2012-03-15,
COST,909832,COSTCO WHOLESALE CORP /NEW,ShareBasedCompensationArrangementByShareBasedPaymentAwardEquityInstrumentsOtherThanOptionsVestedInPeriod,"Share-based Compensation Arrangement by Share-based Payment Award, Equity Instruments Other than Options, Vested in Period",shares,2014-09-01,2015-08-30,4103000.0,0000909832-15-000014,2015.0,FY,10-K,2015-10-14,CY2015
COST,909832,COSTCO WHOLESALE CORP /NEW,AvailableForSaleSecuritiesDebtMaturitiesAfterOneThroughFiveYearsFairValue,"Debt Securities, Available-for-Sale, Fair Value, Maturity, Allocated and Single Maturity Date, after Year One Through Five",USD,,2015-11-22,859000000.0,0000909832-15-000017,2016.0,Q1,10-Q,2015-12-18,CY2015Q4I
COST,909832,COSTCO WHOLESALE CORP /NEW,Land,Land,USD,,2016-02-14,5140000000.0,0000909832-16-000023,2016.0,Q2,10-Q,2016-03-09,
COST,909832,COSTCO WHOLESALE CORP /NEW,AvailableForSaleSecuritiesDebtMaturitiesAfterOneThroughFiveYearsFairValue,"Debt Securities, Available-for-Sale, Fair Value, Maturity, Allocated and Single Maturity Date, after Year One Through Five",USD,,2016-08-28,751000000.0,0000909832-16-000032,2016.0,FY,10-K,2016-10-12,CY2016Q3I
COST,909832,COSTCO WHOLESALE CORP /NEW,CostOfGoodsSold,Cost of Goods Sold (Deprecated 2018-01-31),USD,2016-08-29,2017-09-03,111882000000.0,0000909832-17-000014,2017.0,FY,10-K,2017-10-18,CY2017
COST,909832,COSTCO WHOLESALE CORP /NEW,OperatingLeaseLiabilityNoncurrent,"Operating Lease, Liability, Noncurrent",USD,,2019-11-24,2442000000.0,0000909832-19-000033,2020.0,Q1,10-Q,2019-12-23,CY2019Q4I
COST,909832,COSTCO WHOLESALE CORP /NEW,FinanceLeasePrincipalPayments,"Finance Lease, Principal Payments",USD,2019-09-02,2020-05-10,40000000.0,0000909832-20-000009,2020.0,Q3,10-Q,2020-06-04,
COST,909832,COSTCO WHOLESALE CORP /NEW,FinanceLeaseLiabilityUndiscountedExcessAmount,"Finance Lease, Liability, Undiscounted Excess Amount",USD,,2020-08-30,440000000.0,0000909832-20-000017,2020.0,FY,10-K,2020-10-07,CY2020Q3I
COST,909832,COSTCO WHOLESALE CORP /NEW,AdjustmentsToAdditionalPaidInCapitalSharebasedCompensationRequisiteServicePeriodRecognitionValue,"APIC, Share-based Payment Arrangement, Increase for Cost Recognition",USD,2020-08-31,2021-05-09,552000000.0,0000909832-22-000014,2022.0,Q3,10-Q,2022-06-02,
COST,909832,COSTCO WHOLESALE CORP /NEW,Liabilities,Liabilities,USD,,2021-11-21,45149000000.0,0000909832-21-000021,2022.0,Q1,10-Q,2021-12-22,CY2021Q4I
COST,909832,COSTCO WHOLESALE CORP /NEW,DepreciationDepletionAndAmortization,"Depreciation, Depletion and Amortization",USD,2021-08-30,2022-02-13,868000000.0,0000909832-23-000014,2023.0,Q2,10-Q,2023-03-09,
COST,909832,COSTCO WHOLESALE CORP /NEW,TreasuryStockAcquiredAverageCostPerShare,"Treasury Stock Acquired, Average Cost Per Share",USD/shares,2021-08-30,2022-02-13,498.0,0000909832-23-000014,2023.0,Q2,10-Q,2023-03-09,
COST,909832,COSTCO WHOLESALE CORP /NEW,AvailableForSaleSecuritiesDebtMaturitiesAfterFiveThroughTenYearsFairValue,"Debt Securities, Available-for-Sale, Fair Value, Maturity, Allocated and Single Maturity Date, after Year 5 Through 10",USD,,2022-11-20,82000000.0,0000909832-22-000035,2023.0,Q1,10-Q,2022-12-29,CY2022Q4I
COST,909832,COSTCO WHOLESALE CORP /NEW,Liabilities,Liabilities,USD,,2023-09-03,43936000000.0,0000909832-24-000049,2024.0,FY,10-K,2024-10-09,CY2023Q3I
COST,909832,COSTCO WHOLESALE CORP /NEW,UnrecognizedTaxBenefitsIncreasesResultingFromPriorPeriodTaxPositions,"Unrecognized Tax Benefits, Increase Resulting from Prior Period Tax Positions",USD,2024-09-02,2025-08-31,14000000.0,0000909832-25-000101,2025.0,FY,10-K,2025-10-08,CY2025
COST,909832,COSTCO WHOLESALE CORP /NEW,PropertyPlantAndEquipmentNet,"Property, Plant and Equipment, Net",USD,,2026-05-10,34293000000.0,0000909832-26-000051,2026.0,Q3,10-Q,2026-06-03,CY2026Q1I
CVX,93410,Chevron Corp,ShareBasedCompensationArrangementByShareBasedPaymentAwardOptionsGrantsInPeriodWeightedAverageGrantDateFairValue,"Share-based Compensation Arrangement by Share-based Payment Award, Options, Grants in Period, Weighted Average Grant Date Fair Value",USD/shares,2008-01-01,2008-12-31,15.97,0000950123-11-017688,2010.0,FY,10-K,2011-02-24,CY2008
CVX,93410,Chevron Corp,IncreaseDecreaseInAccountsPayableAndAccruedLiabilities,Increase (Decrease) in Accounts Payable and Accrued Liabilities,USD,2010-01-01,2010-06-30,-272000000.0,0000950123-11-072688,2011.0,Q2,10-Q,2011-08-04,
CVX,93410,Chevron Corp,AccountsNotesAndLoansReceivableNetCurrent,"Accounts and Financing Receivable, after Allowance for Credit Loss, Current",USD,,2010-12-31,20759000000.0,0000950123-12-002976,2011.0,FY,10-K,2012-02-23,CY2010Q4I
CVX,93410,Chevron Corp,PrepaidExpenseCurrent,"Prepaid Expense, Current",USD,,2011-03-31,5667000000.0,0000950123-11-045356,2011.0,Q1,10-Q,2011-05-05,CY2011Q1I
CVX,93410,Chevron Corp,EarningsPerShareBasic,"Earnings Per Share, Basic",USD/shares,2011-01-01,2011-06-30,6.99,0001193125-12-330913,2012.0,Q2,10-Q,2012-08-02,
CVX,93410,Chevron Corp,OtherNoncashExpense,Other Noncash Expense,USD,2011-01-01,2011-12-31,377000000.0,0000093410-14-000011,2013.0,FY,10-K,2014-02-21,CY2011
CVX,93410,Chevron Corp,LineOfCreditFacilityMaximumBorrowingCapacity,"Line of Credit Facility, Maximum Borrowing Capacity",USD,,2013-12-31,8000000000.0,0000093410-14-000011,2013.0,FY,10-K,2014-02-21,CY2013Q4I
CVX,93410,Chevron Corp,DerivativeLiabilities,Derivative Liability,USD,,2014-09-30,34000000.0,0000093410-14-000049,2014.0,Q3,10-Q,2014-11-07,CY2014Q3I
CVX,93410,Chevron Corp,DepreciationDepletionAndAmortization,"Depreciation, Depletion and Amortization",USD,2015-01-01,2015-12-31,21037000000.0,0000093410-18-000010,2017.0,FY,10-K,2018-02-22,CY2015
CVX,93410,Chevron Corp,ProjectsThatHaveExploratoryWellCostsThatHaveBeenCapitalizedForPeriodGreaterThanOneYear,"Projects that have Exploratory Well Costs that have been Capitalized for Period Greater than One Year, Number of Projects",Project,,2015-12-31,39.0,0000093410-18-000010,2017.0,FY,10-K,2018-02-22,CY2015Q4I
CVX,93410,Chevron Corp,IncreaseDecreaseInTimeDeposits,Increase (Decrease) in Time Deposits,USD,2016-01-01,2016-03-31,0.0,0000093410-17-000019,2017.0,Q1,10-Q,2017-05-04,CY2016Q1
CVX,93410,Chevron Corp,ComprehensiveIncomeNetOfTaxIncludingPortionAttributableToNoncontrollingInterest,"Comprehensive Income (Loss), Net of Tax, Including Portion Attributable to Noncontrolling Interest",USD,2016-01-01,2016-12-31,17000000.0,0000093410-19-000008,2018.0,FY,10-K,2019-02-22,CY2016
CVX,93410,Chevron Corp,CommonStockDividendsPerShareDeclared,"Common Stock, Dividends, Per Share, Declared",USD/shares,2018-04-01,2018-06-30,1.12,0000093410-18-000029,2018.0,Q2,10-Q,2018-08-02,CY2018Q2
CVX,93410,Chevron Corp,OtherComprehensiveIncomeLossCashFlowHedgeGainLossAfterReclassificationAndTax,"Other Comprehensive Income (Loss), Cash Flow Hedge, Gain (Loss), after Reclassification and Tax",USD,2019-07-01,2019-09-30,3000000.0,0000093410-20-000050,2020.0,Q3,10-Q,2020-11-05,CY2019Q3
CVX,93410,Chevron Corp,RecordedUnconditionalPurchaseObligationDueInThirdYear,"Recorded Unconditional Purchase Obligation, to be Paid, Year Three",USD,,2020-12-31,1300000000.0,0000093410-21-000009,2020.0,FY,10-K,2021-02-25,CY2020Q4I
CVX,93410,Chevron Corp,EarningsPerShareBasic,"Earnings Per Share, Basic",USD/shares,2021-01-01,2021-03-31,0.72,0000093410-22-000026,2022.0,Q1,10-Q,2022-05-04,
CVX,93410,Chevron Corp,OperatingLeaseLiability,"Operating Lease, Liability",USD,,2021-12-31,3503000000.0,0000093410-23-000009,2022.0,FY,10-K,2023-02-23,CY2021Q4I
CVX,93410,Chevron Corp,IncreaseDecreaseInInventories,Increase (Decrease) in Inventories,USD,2025-01-01,2025-03-31,201000000.0,0000093410-26-000113,2026.0,Q1,10-Q,2026-05-07,CY2025Q1
CVX,93410,Chevron Corp,RecordedUnconditionalPurchaseObligationDueInThirdYear,"Recorded Unconditional Purchase Obligation, to be Paid, Year Three",USD,,2025-12-31,1807000000.0,0000093410-26-000078,2025.0,FY,10-K,2026-02-24,CY2025Q4I
CVX,93410,Chevron Corp,StockIssuedDuringPeriodValueAcquisitions,"Stock Issued During Period, Value, Acquisitions",USD,2025-01-01,2025-12-31,50638000000.0,0000093410-26-000078,2025.0,FY,10-K,2026-02-24,CY2025
DIS,1744489,WALT DISNEY CO/,OtherComprehensiveIncomeLossBeforeReclassificationsNetOfTax,"Other Comprehensive Income (Loss), before Reclassifications, Net of Tax",USD,2017-12-31,2018-03-31,-42000000.0,0001744489-19-000100,2019.0,Q2,10-Q,2019-05-08,CY2018Q1
DIS,1744489,WALT DISNEY CO/,AccumulatedOtherComprehensiveIncomeLossNetOfTax,"Accumulated Other Comprehensive Income (Loss), Net of Tax",USD,,2018-09-29,-3097000000.0,0001744489-21-000220,2021.0,FY,10-K,2021-11-24,CY2018Q3I
DIS,1744489,WALT DISNEY CO/,StockholdersEquityIncludingPortionAttributableToNoncontrollingInterest,"Stockholders' Equity, Including Portion Attributable to Noncontrolling Interest",USD,,2019-03-30,104339000000.0,0001744489-19-000100,2019.0,Q2,10-Q,2019-05-08,CY2019Q1I
DIS,1744489,WALT DISNEY CO/,AssetsCurrent,"Assets, Current",USD,,2019-06-29,31370000000.0,0001744489-19-000167,2019.0,Q3,10-Q,2019-08-06,CY2019Q2I
DIS,1744489,WALT DISNEY CO/,UnrealizedGainLossOnForeignCurrencyDerivativesNetBeforeTax,"Unrealized Gain (Loss) on Foreign Currency Derivatives, Net, before Tax",USD,2019-03-31,2019-06-29,36000000.0,0001744489-19-000167,2019.0,Q3,10-Q,2019-08-06,CY2019Q2
DIS,1744489,WALT DISNEY CO/,AccumulatedDepreciationDepletionAndAmortizationPropertyPlantAndEquipment,"Accumulated Depreciation, Depletion and Amortization, Property, Plant, and Equipment",USD,,2019-09-28,32415000000.0,0001744489-20-000197,2020.0,FY,10-K,2020-11-25,
DIS,1744489,WALT DISNEY CO/,IncomeLossFromDiscontinuedOperationsNetOfTaxAttributableToNoncontrollingInterest,"Income (Loss) from Discontinued Operations, Net of Tax, Attributable to Noncontrolling Interest",USD,2018-09-30,2019-09-28,58000000.0,0001744489-21-000220,2021.0,FY,10-K,2021-11-24,CY2019
DIS,1744489,WALT DISNEY CO/,MinorityInterest,Stockholders' Equity Attributable to Noncontrolling Interest,USD,,2019-09-28,5012000000.0,0001744489-20-000197,2020.0,FY,10-K,2020-11-25,
DIS,1744489,WALT DISNEY CO/,WeightedAverageNumberOfDilutedSharesOutstanding,"Weighted Average Number of Shares Outstanding, Diluted",shares,2019-09-29,2019-12-28,1817000000.0,0001744489-21-000047,2021.0,Q1,10-Q,2021-02-11,CY2019Q4
DIS,1744489,WALT DISNEY CO/,ProceedsFromPaymentsForOtherFinancingActivities,Proceeds from (Payments for) Other Financing Activities,USD,2019-09-29,2020-03-28,-165000000.0,0001744489-21-000108,2021.0,Q2,10-Q,2021-05-13,
DIS,1744489,WALT DISNEY CO/,ShareBasedCompensationArrangementByShareBasedPaymentAwardEquityInstrumentsOtherThanOptionsGrantsInPeriod,"Share-based Compensation Arrangement by Share-based Payment Award, Equity Instruments Other than Options, Grants in Period",shares,2019-09-29,2020-10-03,6000000.0,0001744489-20-000197,2020.0,FY,10-K,2020-11-25,
DIS,1744489,WALT DISNEY CO/,UnrecognizedTaxBenefitsIncreasesResultingFromAcquisition,"Unrecognized Tax Benefits, Increase Resulting from Acquisition",USD,2019-09-29,2020-10-03,34000000.0,0001744489-21-000220,2021.0,FY,10-K,2021-11-24,CY2020
DIS,1744489,WALT DISNEY CO/,IncomeLossFromContinuingOperationsPerBasicShare,"Income (Loss) from Continuing Operations, Per Basic Share",USD/shares,2020-10-04,2021-04-03,0.52,0001744489-22-000100,2022.0,FY,10-Q,2022-05-11,
DIS,1744489,WALT DISNEY CO/,FilmMonetizedInFilmGroupCapitalizedCost,"Film, Monetized in Film Group, Capitalized Cost",USD,,2022-04-02,18236000000.0,0001744489-22-000100,2022.0,FY,10-Q,2022-05-11,CY2022Q1I
DIS,1744489,WALT DISNEY CO/,DeferredIncomeTaxesAndTaxCredits,Deferred Income Taxes and Tax Credits,USD,2021-10-03,2022-07-02,605000000.0,0001744489-23-000171,2023.0,Q3,10-Q,2023-08-09,
DIS,1744489,WALT DISNEY CO/,ContractualObligationDueAfterFifthYear,"Contractual Obligation, to be Paid, after Year Five",USD,,2023-09-30,21678000000.0,0001744489-23-000216,2023.0,FY,10-K,2023-11-21,CY2023Q3I
DIS,1744489,WALT DISNEY CO/,GoodwillOtherIncreaseDecrease,"Goodwill, Other Increase (Decrease)",USD,2023-10-01,2023-12-30,-1000000.0,0001744489-24-000081,2024.0,Q1,10-Q,2024-02-07,CY2023Q4
DIS,1744489,WALT DISNEY CO/,EarningsPerShareDiluted,"Earnings Per Share, Diluted",USD/shares,2024-03-31,2024-06-29,1.43,0001744489-25-000136,2025.0,Q3,10-Q,2025-08-06,CY2024Q2
DIS,1744489,WALT DISNEY CO/,AssetsCurrent,"Assets, Current",USD,,2025-06-28,23820000000.0,0001744489-25-000136,2025.0,Q3,10-Q,2025-08-06,CY2025Q2I
DIS,1744489,WALT DISNEY CO/,StockOptionPlanExpense,Stock or Unit Option Plan Expense,USD,2025-09-28,2026-03-28,41000000.0,0001744489-26-000037,2026.0,Q2,10-Q,2026-05-06,
GE,40545,GENERAL ELECTRIC CO,ProceedsFromRepaymentsOfShortTermDebtMaturingInThreeMonthsOrLess,"Proceeds from (Repayments of) Short-term Debt, Maturing in Three Months or Less",USD,2009-01-01,2009-12-31,-26114000000.0,0000040545-12-000016,2011.0,FY,10-K,2012-02-24,CY2009
GE,40545,GENERAL ELECTRIC CO,GoodwillAcquiredDuringPeriod,"Goodwill, Acquired During Period",USD,2012-01-01,2012-06-30,286000000.0,0000040545-12-000071,2012.0,Q2,10-Q,2012-07-30,
GE,40545,GENERAL ELECTRIC CO,Depreciation,Depreciation,USD,2013-01-01,2013-09-30,7152000000.0,0000040545-14-000049,2014.0,Q3,10-Q,2014-11-04,
GE,40545,GENERAL ELECTRIC CO,AvailableForSaleSecuritiesDebtMaturitiesAfterFiveThroughTenYearsFairValue,"Debt Securities, Available-for-Sale, Fair Value, Maturity, Allocated and Single Maturity Date, after Year 5 Through 10",USD,,2013-12-31,5156000000.0,0000040554-14-000023,2013.0,FY,10-K,2014-02-27,CY2013Q4I
GE,40545,GENERAL ELECTRIC CO,InventoryWorkInProcessAndRawMaterials,"Inventory, Work in Process and Raw Materials",USD,,2014-09-30,10593000000.0,0000040545-14-000049,2014.0,Q3,10-Q,2014-11-04,CY2014Q3I
GE,40545,GENERAL ELECTRIC CO,DisposalGroupIncludingDiscontinuedOperationOtherAssets,"Disposal Group, Including Discontinued Operation, Other Assets",USD,,2014-12-31,1102000000.0,0000040545-15-000030,2014.0,Q4,10-K,2015-02-27,CY2014Q4I
GE,40545,GENERAL ELECTRIC CO,SharebasedCompensationArrangementBySharebasedPaymentAwardEquityInstrumentsOtherThanOptionsAggregateIntrinsicValueNonvested,"Share-based Compensation Arrangement by Share-based Payment Award, Equity Instruments Other than Options, Aggregate Intrinsic Value, Nonvested",USD,,2015-12-31,434000000.0,0000040545-16-000145,2015.0,FY,10-K,2016-02-26,
GE,40545,GENERAL ELECTRIC CO,PropertyPlantAndEquipmentNet,"Property, Plant and Equipment, Net",USD,,2016-06-30,50436000000.0,0000040545-16-000174,2016.0,Q2,10-Q,2016-08-01,CY2016Q2I
GE,40545,GENERAL ELECTRIC CO,IncreaseDecreaseInAccountsPayable,Increase (Decrease) in Accounts Payable,USD,2017-01-01,2017-09-30,-533000000.0,0000040545-18-000081,2018.0,Q3,10-Q,2018-10-30,
GE,40545,GENERAL ELECTRIC CO,FiniteLivedIntangibleAssetsAmortizationExpenseYearTwo,"Finite-Lived Intangible Asset, Expected Amortization, Year Two",USD,,2018-12-31,1973000000.0,0000040545-19-000014,2018.0,FY,10-K,2019-02-26,CY2018Q4I
GE,40545,GENERAL ELECTRIC CO,AvailableForSaleSecuritiesDebtMaturitiesAfterFiveThroughTenYearsFairValue,"Debt Securities, Available-for-Sale, Fair Value, Maturity, Allocated and Single Maturity Date, after Year 5 Through 10",USD,,2019-03-31,6741000000.0,0000040545-19-000024,2019.0,Q1,10-Q,2019-04-30,CY2019Q1I
GE,40545,GENERAL ELECTRIC CO,HedgedLiabilityFairValueHedgeCumulativeIncreaseDecrease,"Hedged Liability, Fair Value Hedge, Cumulative Increase (Decrease)",USD,,2019-06-30,4221000000.0,0000040545-20-000046,2020.0,Q2,10-Q,2020-07-29,CY2019Q2I
GE,40545,GENERAL ELECTRIC CO,OperatingLeaseLiabilityNoncurrent,"Operating Lease, Liability, Noncurrent",USD,,2021-09-30,3004000000.0,0000040545-21-000064,2021.0,Q3,10-Q,2021-10-26,CY2021Q3I
GE,40545,GENERAL ELECTRIC CO,OtherDeferredCostsNet,"Other Deferred Costs, Net",USD,,2022-06-30,3581000000.0,0000040545-22-000050,2022.0,Q2,10-Q,2022-07-26,CY2022Q2I
GE,40545,GENERAL ELECTRIC CO,IncomeLossFromDiscontinuedOperationsNetOfTaxAttributableToReportingEntity,"Income (Loss) from Discontinued Operations, Net of Tax, Attributable to Parent",USD,2023-04-01,2023-06-30,-1221000000.0,0000040545-24-000176,2024.0,Q2,10-Q,2024-07-23,CY2023Q2
GE,40545,GENERAL ELECTRIC CO,IncrementalCommonSharesAttributableToShareBasedPaymentArrangements,Incremental Common Shares Attributable to Dilutive Effect of Share-based Payment Arrangements,shares,2023-01-01,2023-06-30,9000000.0,0000040545-24-000176,2024.0,Q2,10-Q,2024-07-23,
GE,40545,GENERAL ELECTRIC CO,GoodwillTranslationAndPurchaseAccountingAdjustments,"Goodwill, Translation and Purchase Accounting Adjustments",USD,2024-01-01,2024-09-30,57000000.0,0000040545-24-000200,2024.0,Q3,10-Q,2024-10-22,
GE,40545,GENERAL ELECTRIC CO,IncomeLossFromDiscontinuedOperationsNetOfTaxPerBasicShare,"Income (Loss) from Discontinued Operations and Disposal of Discontinued Operations, Net of Tax, Per Basic Share",USD/shares,2024-10-01,2024-12-31,-0.01,0000040545-25-000015,2024.0,FY,10-K,2025-02-03,CY2024Q4
GE,40545,GENERAL ELECTRIC CO,DeferredCompensationLiabilityClassifiedNoncurrent,"Deferred Compensation Liability, Classified, Noncurrent",USD,,2025-03-31,6872000000.0,0000040545-25-000062,2025.0,Q1,10-Q,2025-04-22,CY2025Q1I
GE,40545,GENERAL ELECTRIC CO,ShareBasedCompensationArrangementByShareBasedPaymentAwardOptionsOutstandingIntrinsicValue,"Share-based Compensation Arrangement by Share-based Payment Award, Options, Outstanding, Intrinsic Value",USD,,2025-12-31,1568000000.0,0000040545-26-000008,2025.0,FY,10-K,2026-01-29,CY2025Q4I
GOOGL,1652044,Alphabet Inc.,OtherComprehensiveIncomeLossNetOfTax,"Other Comprehensive Income (Loss), Net of Tax",USD,2014-01-01,2014-12-31,-98000000.0,0001652044-17-000008,2016.0,FY,10-K,2017-02-03,CY2014
GOOGL,1652044,Alphabet Inc.,FiniteLivedIntangibleAssetsAmortizationExpenseAfterYearFive,"Finite-Lived Intangible Asset, Expected Amortization, after Year Five",USD,,2016-12-31,332000000.0,0001652044-17-000008,2016.0,FY,10-K,2017-02-03,CY2016Q4I
GOOGL,1652044,Alphabet Inc.,EquitySecuritiesFvNiGainLoss,"Equity Securities, FV-NI, Gain (Loss)",USD,2017-04-01,2017-06-30,23000000.0,0001652044-18-000027,2018.0,Q2,10-Q,2018-07-24,CY2017Q2
GOOGL,1652044,Alphabet Inc.,PaymentsToAcquireInterestInSubsidiariesAndAffiliates,Payments to Acquire Interest in Subsidiaries and Affiliates,USD,2017-01-01,2017-12-31,240000000.0,0001652044-18-000007,2017.0,FY,10-K,2018-02-06,CY2017
GOOGL,1652044,Alphabet Inc.,EquitySecuritiesFvNiGainLoss,"Equity Securities, FV-NI, Gain (Loss)",USD,2018-01-01,2018-12-31,5460000000.0,0001652044-21-000010,2020.0,FY,10-K,2021-02-03,CY2018
GOOGL,1652044,Alphabet Inc.,GainLossOnOilAndGasHedgingActivity,Gain (Loss) on Hedging Activity,USD,2020-01-01,2020-03-31,49000000.0,0001652044-21-000020,2021.0,Q1,10-Q,2021-04-28,CY2020Q1
GOOGL,1652044,Alphabet Inc.,ImpairmentOfInvestments,"Other than Temporary Impairment Losses, Investments",USD,2020-04-01,2020-06-30,0.0,0001652044-21-000047,2021.0,Q2,10-Q,2021-07-28,CY2020Q2
GOOGL,1652044,Alphabet Inc.,OtherComprehensiveIncomeLossCashFlowHedgeGainLossBeforeReclassificationAfterTax,"Other Comprehensive Income (Loss), Cash Flow Hedge, Gain (Loss), before Reclassification, after Tax",USD,2020-01-01,2020-12-31,42000000.0,0001652044-23-000016,2022.0,FY,10-K,2023-02-03,CY2020
GOOGL,1652044,Alphabet Inc.,CommonStockParOrStatedValuePerShare,"Common Stock, Par or Stated Value Per Share",USD/shares,,2021-03-31,0.001,0001652044-21-000020,2021.0,Q1,10-Q,2021-04-28,CY2021Q1I
GOOGL,1652044,Alphabet Inc.,EquitySecuritiesFvNiUnrealizedGainLoss,"Equity Securities, FV-NI, Unrealized Gain (Loss)",USD,2022-01-01,2022-03-31,-1456000000.0,0001652044-23-000045,2023.0,Q1,10-Q,2023-04-26,CY2022Q1
GOOGL,1652044,Alphabet Inc.,InterestCostsCapitalized,Interest Costs Capitalized,USD,2022-01-01,2022-06-30,71000000.0,0001652044-23-000070,2023.0,Q2,10-Q,2023-07-26,
GOOGL,1652044,Alphabet Inc.,FiniteLivedIntangibleAssetsAmortizationExpenseYearThree,"Finite-Lived Intangible Asset, Expected Amortization, Year Three",USD,,2022-09-30,309000000.0,0001652044-22-000090,2022.0,Q3,10-Q,2022-10-26,CY2022Q3I
GOOGL,1652044,Alphabet Inc.,DebtSecuritiesAvailableForSaleUnrealizedLossPosition,"Debt Securities, Available-for-sale, Unrealized Loss Position",USD,,2023-09-30,72052000000.0,0001652044-23-000094,2023.0,Q3,10-Q,2023-10-25,CY2023Q3I
GOOGL,1652044,Alphabet Inc.,InterestExpenseNonoperating,,USD,2023-07-01,2023-09-30,116000000.0,0001652044-24-000118,2024.0,Q3,10-Q,2024-10-30,CY2023Q3
GOOGL,1652044,Alphabet Inc.,LiabilitiesCurrent,"Liabilities, Current",USD,,2023-09-30,86295000000.0,0001652044-23-000094,2023.0,Q3,10-Q,2023-10-25,CY2023Q3I
GOOGL,1652044,Alphabet Inc.,AllocatedShareBasedCompensationExpense,"Share-based Payment Arrangement, Expense",USD,2024-01-01,2024-06-30,11200000000.0,0001652044-25-000062,2025.0,Q2,10-Q,2025-07-24,
GOOGL,1652044,Alphabet Inc.,ForeignCurrencyTransactionGainLossBeforeTax,"Foreign Currency Transaction Gain (Loss), before Tax",USD,2025-04-01,2025-06-30,-69000000.0,0001652044-26-000071,2026.0,Q2,10-Q,2026-07-23,CY2025Q2
GOOGL,1652044,Alphabet Inc.,AvailableForSaleSecuritiesDebtMaturitiesAfterOneThroughFiveYearsFairValue,"Debt Securities, Available-for-Sale, Fair Value, Maturity, Allocated and Single Maturity Date, after Year One Through Five",USD,,2026-03-31,42670000000.0,0001652044-26-000048,2026.0,Q1,10-Q,2026-04-30,CY2026Q1I
GOOGL,1652044,Alphabet Inc.,AvailableForSaleSecuritiesDebtMaturitiesAfterOneThroughFiveYearsFairValue,"Debt Securities, Available-for-Sale, Fair Value, Maturity, Allocated and Single Maturity Date, after Year One Through Five",USD,,2026-06-30,50932000000.0,0001652044-26-000071,2026.0,Q2,10-Q,2026-07-23,CY2026Q2I
GOOGL,1652044,Alphabet Inc.,OtherComprehensiveIncomeLossCashFlowHedgeGainLossAfterReclassificationAndTax,"Other Comprehensive Income (Loss), Cash Flow Hedge, Gain (Loss), after Reclassification and Tax",USD,2026-01-01,2026-06-30,580000000.0,0001652044-26-000071,2026.0,Q2,10-Q,2026-07-23,
GS,886982,"The Goldman Sachs Group, Inc.",AssetsFairValueDisclosure,"Assets, Fair Value Disclosure",USD,,2011-06-30,644772000000.0,0000950123-11-096618,2011.0,Q3,10-Q,2011-11-09,CY2011Q2I
GS,886982,"The Goldman Sachs Group, Inc.",OtherComprehensiveIncomeDefinedBenefitPlansAdjustmentNetOfTaxPeriodIncreaseDecrease,"Other Comprehensive Income (Loss), Pension and Other Postretirement Benefit Plans, Adjustment, Net of Tax (Deprecated 2012-01-31)",USD,2010-12-29,2011-06-30,3000000.0,0001193125-12-344636,2012.0,Q2,10-Q,2012-08-09,
GS,886982,"The Goldman Sachs Group, Inc.",LongTermDebtNoncurrent,"Long-term Debt, Excluding Current Maturities",USD,,2011-12-31,181724000000.0,0001193125-13-085474,2012.0,FY,10-K,2013-03-01,CY2011Q4I
GS,886982,"The Goldman Sachs Group, Inc.",OtherComprehensiveIncomeLossNetOfTax,"Other Comprehensive Income (Loss), Net of Tax",USD,2013-01-01,2013-12-31,-331000000.0,0001193125-16-470289,2015.0,FY,10-K,2016-02-22,
GS,886982,"The Goldman Sachs Group, Inc.",CommonStockParOrStatedValuePerShare,"Common Stock, Par or Stated Value Per Share",USD/shares,,2015-09-30,0.01,0001193125-15-362853,2015.0,Q3,10-Q,2015-11-03,CY2015Q3I
GS,886982,"The Goldman Sachs Group, Inc.",PaymentsToAcquireBusinessesNetOfCashAcquired,"Payments to Acquire Businesses, Net of Cash Acquired",USD,2016-01-02,2016-03-31,562000000.0,0001193125-17-156659,2017.0,Q1,10-Q,2017-05-04,
GS,886982,"The Goldman Sachs Group, Inc.",LossContingencyRangeOfPossibleLossPortionNotAccrued,"Loss Contingency, Range of Possible Loss, Portion Not Accrued",USD,,2018-09-30,1800000000.0,0001193125-18-317325,2018.0,Q3,10-Q,2018-11-02,CY2018Q3I
GS,886982,"The Goldman Sachs Group, Inc.",Liabilities,Liabilities,USD,,2019-06-30,854011000000.0,0001193125-19-212578,2019.0,Q2,10-Q,2019-08-05,CY2019Q2I
GS,886982,"The Goldman Sachs Group, Inc.",TreasuryStockValueAcquiredCostMethod,"Treasury Stock, Value, Acquired, Cost Method",USD,2019-01-01,2019-09-30,3173000000.0,0001193125-19-280752,2019.0,Q3,10-Q,2019-11-01,
GS,886982,"The Goldman Sachs Group, Inc.",ProvisionForLoanAndLeaseLosses,Provision for Loan and Lease Losses,USD,2020-01-01,2020-12-31,-2853000000.0,0001193125-21-049380,2020.0,FY,10-K,2021-02-22,CY2020
GS,886982,"The Goldman Sachs Group, Inc.",CashCashEquivalentsRestrictedCashAndRestrictedCashEquivalents,"Cash, Cash Equivalents, Restricted Cash and Restricted Cash Equivalents",USD,,2021-09-30,211830000000.0,0000886982-22-000002,2022.0,Q3,10-Q,2022-11-03,CY2021Q3I
GS,886982,"The Goldman Sachs Group, Inc.",NoninterestIncome,Noninterest Income,USD,2021-01-01,2021-09-30,42025000000.0,0000886982-22-000002,2022.0,Q3,10-Q,2022-11-03,
GS,886982,"The Goldman Sachs Group, Inc.",ReclassificationFromAociCurrentPeriodBeforeTaxAttributableToParent,"Reclassification from AOCI, Current Period, before Tax, Attributable to Parent",USD,2024-01-01,2024-03-31,0.0,0000886982-25-000009,2025.0,Q1,10-Q,2025-05-02,CY2024Q1
GS,886982,"The Goldman Sachs Group, Inc.",TimeDepositMaturitiesYearTwo,"Time Deposit Maturities, Year Two",USD,,2024-03-31,3499000000.0,0000886982-24-000016,2024.0,Q1,10-Q,2024-05-03,CY2024Q1I
GS,886982,"The Goldman Sachs Group, Inc.",SupplementaryLeverageRatio,"Banking Regulation, Supplementary Leverage Ratio, Actual",pure,,2025-06-30,0.053,0000886982-25-000022,2025.0,Q2,10-Q,2025-08-01,CY2025Q2I
GS,886982,"The Goldman Sachs Group, Inc.",ShortTermBorrowings,Short-term Debt,USD,,2025-09-30,72385000000.0,0000886982-25-001411,2025.0,Q3,10-Q,2025-10-31,CY2025Q3I
GS,886982,"The Goldman Sachs Group, Inc.",ContractWithCustomerLiability,"Contract with Customer, Liability",USD,,2025-12-31,132000000.0,0000886982-26-000297,2026.0,Q2,10-Q,2026-08-03,CY2025Q4I
GS,886982,"The Goldman Sachs Group, Inc.",DeferredTaxAssetsUnrealizedCurrencyLosses,"Deferred Tax Assets, Unrealized Currency Losses",USD,,2025-12-31,1398000000.0,0000886982-26-000091,2025.0,FY,10-K,2026-02-25,CY2025Q4I
GS,886982,"The Goldman Sachs Group, Inc.",NonredeemableNoncontrollingInterest,Nonredeemable Noncontrolling Interest,USD,,2025-12-31,446000000.0,0000886982-26-000297,2026.0,Q2,10-Q,2026-08-03,CY2025Q4I
GS,886982,"The Goldman Sachs Group, Inc.",SecuritiesPurchasedUnderAgreementsToResellNotOffsetPolicyElectionDeduction,"Securities Purchased under Agreements to Resell, Not Offset, Policy Election Deduction",USD,,2025-12-31,119721000000.0,0000886982-26-000297,2026.0,Q2,10-Q,2026-08-03,CY2025Q4I
HD,354950,"The Home Depot, Inc.",ShareBasedCompensation,"Share-based Payment Arrangement, Noncash Expense",USD,2009-02-02,2009-11-01,160000000.0,0001193125-10-272940,2010.0,Q3,10-Q,2010-12-02,
HD,354950,"The Home Depot, Inc.",UnrecognizedTaxBenefitsIncreasesResultingFromCurrentPeriodTaxPositions,"Unrecognized Tax Benefits, Increase Resulting from Current Period Tax Positions",USD,2009-02-02,2010-01-31,55000000.0,0000354950-12-000003,2011.0,FY,10-K,2012-03-22,CY2009
HD,354950,"The Home Depot, Inc.",CapitalLeasesFutureMinimumPaymentsDueInThreeYears,"Capital Leases, Future Minimum Payments Due in Three Years",USD,,2011-01-30,96000000.0,0001193125-11-076501,2010.0,FY,10-K,2011-03-24,CY2010Q4I
HD,354950,"The Home Depot, Inc.",SalesRevenueNet,"Revenue, Net (Deprecated 2018-01-31)",USD,2010-11-01,2011-01-30,15126000000.0,0000354950-12-000003,2011.0,FY,10-K,2012-03-22,CY2010Q4
HD,354950,"The Home Depot, Inc.",CostOfRevenue,Cost of Revenue,USD,2012-01-30,2012-10-28,37032000000.0,0000354950-13-000047,2013.0,Q3,10-Q,2013-11-27,
HD,354950,"The Home Depot, Inc.",IncreaseDecreaseInReceivables,Increase (Decrease) in Receivables,USD,2013-02-04,2014-02-02,15000000.0,0000354950-16-000060,2015.0,FY,10-K,2016-03-24,CY2013
HD,354950,"The Home Depot, Inc.",OtherAssetsNoncurrent,"Other Assets, Noncurrent",USD,,2014-02-02,602000000.0,0000354950-15-000008,2014.0,FY,10-K,2015-03-26,
HD,354950,"The Home Depot, Inc.",ShareBasedCompensationArrangementByShareBasedPaymentAwardOptionsForfeituresAndExpirationsInPeriodWeightedAverageExercisePrice,"Share-based Compensation Arrangement by Share-based Payment Award, Options, Forfeitures and Expirations in Period, Weighted Average Exercise Price",USD/shares,2013-02-04,2014-02-02,43.8,0000354950-16-000060,2015.0,FY,10-K,2016-03-24,CY2013
HD,354950,"The Home Depot, Inc.",UnrecognizedTaxBenefitsIncreasesResultingFromPriorPeriodTaxPositions,"Unrecognized Tax Benefits, Increase Resulting from Prior Period Tax Positions",USD,2013-02-04,2014-02-02,52000000.0,0000354950-16-000060,2015.0,FY,10-K,2016-03-24,CY2013
HD,354950,"The Home Depot, Inc.",DividendsCommonStockCash,"Dividends, Common Stock, Cash",USD,2014-02-03,2015-02-01,2530000000.0,0000354950-17-000005,2016.0,FY,10-K,2017-03-23,CY2014
HD,354950,"The Home Depot, Inc.",OtherLongTermDebt,Other Long-term Debt,USD,,2016-01-31,1000000.0,0000354950-17-000005,2016.0,FY,10-K,2017-03-23,CY2015Q4I
HD,354950,"The Home Depot, Inc.",SharebasedCompensationArrangementBySharebasedPaymentAwardCompensationCost1,"Share-based Payment Arrangement, Expensed and Capitalized, Amount",USD,2017-01-30,2018-01-28,273000000.0,0000354950-20-000015,2019.0,FY,10-K,2020-03-25,CY2017
HD,354950,"The Home Depot, Inc.",DeferredForeignIncomeTaxExpenseBenefit,Deferred Foreign Income Tax Expense (Benefit),USD,2020-02-03,2021-01-31,6000000.0,0000354950-23-000059,2022.0,FY,10-K,2023-03-15,CY2020
HD,354950,"The Home Depot, Inc.",OtherComprehensiveIncomeLossCashFlowHedgeGainLossAfterReclassificationAndTax,"Other Comprehensive Income (Loss), Cash Flow Hedge, Gain (Loss), after Reclassification and Tax",USD,2022-01-31,2022-05-01,1000000.0,0000354950-23-000144,2023.0,Q1,10-Q,2023-05-23,CY2022Q1
HD,354950,"The Home Depot, Inc.",CashCashEquivalentsRestrictedCashAndRestrictedCashEquivalentsPeriodIncreaseDecreaseExcludingExchangeRateEffect,"Cash, Cash Equivalents, Restricted Cash and Restricted Cash Equivalents, Period Increase (Decrease), Excluding Exchange Rate Effect",USD,2023-01-30,2023-04-30,-1477000000.0,0000354950-24-000152,2024.0,Q1,10-Q,2024-05-21,CY2023Q1
HD,354950,"The Home Depot, Inc.",InterestExpenseNonoperating,,USD,2023-05-01,2023-07-30,469000000.0,0000354950-24-000201,2024.0,Q2,10-Q,2024-08-20,CY2023Q2
HD,354950,"The Home Depot, Inc.",InterestExpenseNonoperating,,USD,2023-01-30,2023-10-29,1430000000.0,0000354950-24-000240,2024.0,Q3,10-Q,2024-11-19,
HD,354950,"The Home Depot, Inc.",SeniorNotes,Senior Notes,USD,,2024-10-27,49761000000.0,0000354950-24-000240,2024.0,Q3,10-Q,2024-11-19,CY2024Q3I
HD,354950,"The Home Depot, Inc.",IncreaseDecreaseInDeferredIncomeTaxes,Increase (Decrease) in Deferred Income Taxes,USD,2025-02-03,2025-11-02,-479000000.0,0001628280-25-053868,2025.0,Q3,10-Q,2025-11-25,
HD,354950,"The Home Depot, Inc.",StockIssuedDuringPeriodSharesShareBasedCompensation,"Shares Issued, Shares, Share-based Payment Arrangement, after Forfeiture",shares,2026-02-02,2026-08-02,2000000.0,0001628280-26-058715,2026.0,Q2,10-Q,2026-08-25,
HON,773840,Honeywell International Inc,ShareBasedCompensationArrangementByShareBasedPaymentAwardOptionsForfeituresAndExpirationsInPeriod,"Share-based Compensation Arrangement by Share-based Payment Award, Options, Forfeitures and Expirations in Period",shares,2008-01-01,2008-12-31,-1910960.0,0000930413-11-000961,2010.0,FY,10-K,2011-02-11,CY2008
HON,773840,Honeywell International Inc,ProceedsFromIssuanceOrSaleOfEquity,Proceeds from Issuance or Sale of Equity,USD,2010-01-01,2010-03-31,32000000.0,0000930413-11-002923,2011.0,Q1,10-Q,2011-04-21,CY2010Q1
HON,773840,Honeywell International Inc,DefinedBenefitPlanEffectOfPlanAmendmentOnAccumulatedBenefitObligation,"Defined Benefit Plan, Effect of Plan Amendment on Accumulated Benefit Obligation (Deprecated 2017-01-31)",USD,,2010-09-30,137000000.0,0000930413-11-000961,2010.0,FY,10-K,2011-02-11,CY2010Q3I
HON,773840,Honeywell International Inc,IncomeLossFromContinuingOperationsPerBasicShare,"Income (Loss) from Continuing Operations, Per Basic Share",USD/shares,2011-01-01,2011-03-31,0.87,0000930413-13-000907,2012.0,FY,10-K,2013-02-15,CY2011Q1
HON,773840,Honeywell International Inc,PaymentsToAcquireInvestments,Payments to Acquire Investments,USD,2011-01-01,2011-09-30,322000000.0,0000930413-12-005805,2012.0,Q3,10-Q,2012-10-19,
HON,773840,Honeywell International Inc,RestructuringReserveTranslationAndOtherAdjustment,"Restructuring Reserve, Translation and Other Adjustment",USD,2012-01-01,2012-06-30,0.0,0000930413-13-003894,2013.0,Q2,10-Q,2013-07-19,
HON,773840,Honeywell International Inc,IncrementalCommonSharesAttributableToShareBasedPaymentArrangements,Incremental Common Shares Attributable to Dilutive Effect of Share-based Payment Arrangements,shares,2012-01-01,2012-12-31,9500000.0,0000930413-15-000621,2014.0,FY,10-K,2015-02-13,CY2012
HON,773840,Honeywell International Inc,AccruedEnvironmentalLossContingenciesNoncurrent,"Accrued Environmental Loss Contingencies, Noncurrent",USD,,2013-12-31,339000000.0,0000930413-15-000621,2014.0,FY,10-K,2015-02-13,CY2013Q4I
HON,773840,Honeywell International Inc,CostOfGoodsSold,Cost of Goods Sold (Deprecated 2018-01-31),USD,2014-04-01,2014-06-30,6047000000.0,0000930413-15-003083,2015.0,Q2,10-Q,2015-07-17,CY2014Q2
HON,773840,Honeywell International Inc,LossContingencyAccrualCarryingValueCurrent,"Loss Contingency, Accrual, Current",USD,,2014-09-30,462000000.0,0000930413-14-004352,2014.0,Q3,10-Q,2014-10-17,CY2014Q3I
HON,773840,Honeywell International Inc,OtherComprehensiveIncomeLossBeforeReclassificationsNetOfTax,"Other Comprehensive Income (Loss), before Reclassifications, Net of Tax",USD,2015-01-01,2015-06-30,-459000000.0,0000930413-16-007670,2016.0,Q2,10-Q,2016-07-22,
HON,773840,Honeywell International Inc,ExcessTaxBenefitFromShareBasedCompensationOperatingActivities,"Excess Tax Benefit from Share-based Compensation, Operating Activities",USD,2016-01-01,2016-09-30,0.0,0000930413-16-008530,2016.0,Q3,10-Q,2016-10-21,
HON,773840,Honeywell International Inc,AccumulatedOtherComprehensiveIncomeLossDefinedBenefitPensionAndOtherPostretirementPlansNetOfTax,"Accumulated Other Comprehensive (Income) Loss, Defined Benefit Plan, after Tax",USD,,2017-12-31,202000000.0,0000930413-19-000366,2018.0,FY,10-K,2019-02-08,CY2017Q4I
HON,773840,Honeywell International Inc,ComprehensiveIncomeNetOfTaxIncludingPortionAttributableToNoncontrollingInterest,"Comprehensive Income (Loss), Net of Tax, Including Portion Attributable to Noncontrolling Interest",USD,2018-01-01,2018-06-30,2745000000.0,0000773840-19-000013,2019.0,Q2,10-Q,2019-07-18,
HON,773840,Honeywell International Inc,ChangeInUnrealizedGainLossOnFairValueHedgingInstruments1,Change in Unrealized Gain (Loss) on Fair Value Hedging Instruments,USD,2019-01-01,2019-03-31,24000000.0,0000773840-20-000025,2020.0,Q1,10-Q,2020-05-01,CY2019Q1
HON,773840,Honeywell International Inc,IncrementalCommonSharesAttributableToShareBasedPaymentArrangements,Incremental Common Shares Attributable to Dilutive Effect of Share-based Payment Arrangements,shares,2021-01-01,2021-03-31,8300000.0,0000773840-22-000037,2022.0,Q1,10-Q,2022-04-29,CY2021Q1
HON,773840,Honeywell International Inc,OtherComprehensiveIncomeLossCashFlowHedgeGainLossBeforeReclassificationAfterTax,"Other Comprehensive Income (Loss), Cash Flow Hedge, Gain (Loss), before Reclassification, after Tax",USD,2021-01-01,2021-06-30,15000000.0,0000773840-22-000054,2022.0,Q2,10-Q,2022-07-28,
HON,773840,Honeywell International Inc,EffectOfExchangeRateOnCashCashEquivalentsRestrictedCashAndRestrictedCashEquivalentsIncludingDisposalGroupAndDiscontinuedOperations,"Effect of Exchange Rate on Cash, Cash Equivalents, Restricted Cash and Restricted Cash Equivalents, Including Disposal Group and Discontinued Operations",USD,2021-01-01,2021-09-30,-21000000.0,0000773840-22-000071,2022.0,Q3,10-Q,2022-10-27,
HON,773840,Honeywell International Inc,NetCashProvidedByUsedInOperatingActivitiesContinuingOperations,"Net Cash Provided by (Used in) Operating Activities, Continuing Operations",USD,2025-01-01,2025-12-31,6075000000.0,0000773840-26-000013,2025.0,FY,10-K,2026-02-17,CY2025
HON,773840,Honeywell International Inc,RestructuringCharges,Restructuring Charges,USD,2025-01-01,2025-12-31,210000000.0,0000773840-26-000013,2025.0,FY,10-K,2026-02-17,CY2025
JNJ,200406,Johnson & Johnson,IncomeTaxExpenseBenefit,Income Tax Expense (Benefit),USD,2011-04-04,2011-07-03,646000000.0,0000200406-12-000119,2012.0,Q2,10-Q,2012-08-02,CY2011Q2
JNJ,200406,Johnson & Johnson,CommonStockParOrStatedValuePerShare,"Common Stock, Par or Stated Value Per Share",USD/shares,,2012-01-01,1.0,0000200406-13-000038,2012.0,FY,10-K,2013-02-22,CY2011Q4I
JNJ,200406,Johnson & Johnson,ComprehensiveIncomeNetOfTaxIncludingPortionAttributableToNoncontrollingInterest,"Comprehensive Income (Loss), Net of Tax, Including Portion Attributable to Noncontrolling Interest",USD,2012-01-02,2012-07-01,4746000000.0,0000200406-12-000119,2012.0,Q2,10-Q,2012-08-02,
JNJ,200406,Johnson & Johnson,DefinedBenefitPlanFairValueOfPlanAssets,"Defined Benefit Plan, Plan Assets, Amount",USD,,2012-12-30,17536000000.0,0000200406-14-000033,2013.0,FY,10-K,2014-02-21,CY2012Q4I
JNJ,200406,Johnson & Johnson,IncomeLossFromContinuingOperationsBeforeIncomeTaxesDomestic,"Income (Loss) from Continuing Operations before Income Taxes, Domestic",USD,2012-12-31,2013-12-29,4261000000.0,0000200406-16-000071,2015.0,FY,10-K,2016-02-24,CY2013
JNJ,200406,Johnson & Johnson,EquityMethodInvestmentsFairValueDisclosure,"Equity Method Investments, Fair Value Disclosure",USD,,2014-03-30,417000000.0,0000200406-14-000047,2014.0,Q1,10-Q,2014-05-02,CY2014Q1I
JNJ,200406,Johnson & Johnson,CommonStockDividendsPerShareCashPaid,"Common Stock, Dividends, Per Share, Cash Paid",USD/shares,2014-06-30,2014-09-28,0.7,0000200406-15-000060,2015.0,Q3,10-Q,2015-10-30,CY2014Q3
JNJ,200406,Johnson & Johnson,IncomeTaxExpenseBenefit,Income Tax Expense (Benefit),USD,2014-12-29,2015-03-29,1255000000.0,0000200406-16-000084,2016.0,Q1,10-Q,2016-05-10,CY2015Q1
JNJ,200406,Johnson & Johnson,CurrentIncomeTaxExpenseBenefit,Current Income Tax Expense (Benefit),USD,2014-12-29,2016-01-03,4057000000.0,0000200406-18-000005,2017.0,FY,10-K,2018-02-21,CY2015
JNJ,200406,Johnson & Johnson,RetainedEarningsAccumulatedDeficit,Retained Earnings (Accumulated Deficit),USD,,2016-01-03,103879000000.0,0000200406-17-000006,2016.0,FY,10-K,2017-02-27,CY2015Q4I
JNJ,200406,Johnson & Johnson,CashAndCashEquivalentsPeriodIncreaseDecrease,"Cash and Cash Equivalents, Period Increase (Decrease)",USD,2016-01-04,2016-04-03,129000000.0,0000200406-17-000024,2017.0,Q1,10-Q,2017-05-08,CY2016Q1
JNJ,200406,Johnson & Johnson,NetCashProvidedByUsedInFinancingActivities,Net Cash Provided by (Used in) Financing Activities,USD,2016-01-04,2016-04-03,-604000000.0,0000200406-17-000024,2017.0,Q1,10-Q,2017-05-08,CY2016Q1
JNJ,200406,Johnson & Johnson,AccumulatedOtherComprehensiveIncomeLossForeignCurrencyTranslationAdjustmentNetOfTax,"Accumulated Other Comprehensive Income (Loss), Foreign Currency Translation Adjustment, Net of Tax",USD,,2016-10-02,-7945000000.0,0000200406-16-000112,2016.0,Q3,10-Q,2016-11-04,CY2016Q3I
JNJ,200406,Johnson & Johnson,OtherComprehensiveIncomeLossAmortizationAdjustmentFromAOCIPensionAndOtherPostretirementBenefitPlansForNetPriorServiceCostCreditNetOfTax,"Other Comprehensive (Income) Loss, Defined Benefit Plan, Prior Service Cost (Credit), Reclassification Adjustment from AOCI, after Tax",USD,2018-01-01,2018-04-01,-6000000.0,0000200406-18-000019,2018.0,Q1,10-Q,2018-05-01,CY2018Q1
JNJ,200406,Johnson & Johnson,LongTermCommercialPaperCurrent,"Long-term Commercial Paper, Current",USD,,2018-12-30,2600000000.0,0000200406-20-000010,2019.0,FY,10-K,2020-02-18,CY2018Q4I
JNJ,200406,Johnson & Johnson,Goodwill,Goodwill,USD,,2019-12-29,33639000000.0,0000200406-22-000022,2021.0,FY,10-K,2022-02-17,CY2019Q4I
JNJ,200406,Johnson & Johnson,AdvertisingExpense,Advertising Expense,USD,2021-01-04,2022-01-02,1200000000.0,0000200406-24-000013,2023.0,FY,10-K,2024-02-16,CY2021
JNJ,200406,Johnson & Johnson,Assets,Assets,USD,,2022-07-03,177724000000.0,0000200406-22-000071,2022.0,Q2,10-Q,2022-07-29,CY2022Q2I
JNJ,200406,Johnson & Johnson,TreasuryStockCommonShares,"Treasury Stock, Common, Shares",shares,,2023-01-01,506246000.0,0000200406-26-000016,2025.0,FY,10-K,2026-02-11,CY2022Q4I
JNJ,200406,Johnson & Johnson,UnrecognizedTaxBenefits,Unrecognized Tax Benefits,USD,,2023-07-02,500000000.0,0000200406-23-000082,2023.0,Q2,10-Q,2023-07-31,CY2023Q2I
JPM,19617,JPMORGAN CHASE & CO,InterestIncomeDepositsWithFinancialInstitutions,"Interest Income, Deposits with Financial Institutions",USD,2012-01-01,2012-09-30,420000000.0,0000019617-13-000400,2013.0,Q3,10-Q,2013-11-01,
JPM,19617,JPMORGAN CHASE & CO,AssetManagementFees1,Asset Management Fees (Deprecated 2018-01-31),USD,2013-01-01,2013-03-31,1949000000.0,0000019617-14-000339,2014.0,Q1,10-Q,2014-05-02,CY2013Q1
JPM,19617,JPMORGAN CHASE & CO,AvailableForSaleSecuritiesContinuousUnrealizedLossPositionTwelveMonthsOrLongerFairValue,"Available-for-sale Securities, Continuous Unrealized Loss Position, Twelve Months or Longer, Fair Value",USD,,2013-03-31,4774000000.0,0000019617-13-000300,2013.0,Q1,10-Q,2013-05-08,CY2013Q1I
JPM,19617,JPMORGAN CHASE & CO,CashFlowHedgeGainLossToBeReclassifiedWithinTwelveMonths,Cash Flow Hedge Gain (Loss) to be Reclassified within Twelve Months,USD,2013-01-01,2013-03-31,-98000000.0,0000019617-13-000300,2013.0,Q1,10-Q,2013-05-08,CY2013Q1
JPM,19617,JPMORGAN CHASE & CO,OccupancyNet,"Occupancy, Net",USD,2013-01-01,2013-12-31,3693000000.0,0000019617-16-000902,2015.0,FY,10-K,2016-02-23,CY2013
JPM,19617,JPMORGAN CHASE & CO,DerivativeFairValueOfDerivativeAsset,"Derivative Asset, Fair Value, Gross Asset",USD,,2014-09-30,1167499000000.0,0000019617-14-000451,2014.0,Q3,10-Q,2014-11-03,CY2014Q3I
JPM,19617,JPMORGAN CHASE & CO,InterestExpenseLongTermDebt,"Interest Expense, Long-term Debt",USD,2014-01-01,2014-12-31,4409000000.0,0000019617-17-000314,2016.0,FY,10-K,2017-02-28,CY2014
JPM,19617,JPMORGAN CHASE & CO,SecuritiesPurchasedUnderAgreementsToResellNotSubjectToMasterNettingArrangement,"Securities Purchased under Agreements to Resell, Not Subject to Master Netting Arrangement",USD,,2014-12-31,10598000000.0,0000019617-16-000902,2015.0,FY,10-K,2016-02-23,CY2014Q4I
JPM,19617,JPMORGAN CHASE & CO,ProceedsFromIssuanceOfPreferredStockAndPreferenceStock,Proceeds from Issuance of Preferred Stock and Preference Stock,USD,2015-01-01,2015-03-31,1392000000.0,0000019617-16-000960,2016.0,Q1,10-Q,2016-04-29,CY2015Q1
JPM,19617,JPMORGAN CHASE & CO,SecuritiesLoanedFairValueOfCollateral,"Securities Loaned, Fair Value of Collateral",USD,,2017-03-31,23930000000.0,0000019617-17-000364,2017.0,Q1,10-Q,2017-05-02,CY2017Q1I
JPM,19617,JPMORGAN CHASE & CO,ServicingAssetAtFairValueAmount,"Servicing Asset at Fair Value, Amount",USD,,2018-09-30,6433000000.0,0000019617-19-000232,2019.0,Q3,10-Q,2019-11-04,CY2018Q3I
JPM,19617,JPMORGAN CHASE & CO,EffectiveIncomeTaxRateReconciliationAtFederalStatutoryIncomeTaxRate,"Effective Income Tax Rate Reconciliation, at Federal Statutory Income Tax Rate, Percent",pure,2018-01-01,2018-12-31,0.21,0000019617-21-000236,2020.0,FY,10-K,2021-02-23,CY2018
JPM,19617,JPMORGAN CHASE & CO,NetIncomeLoss,Net Income (Loss) Attributable to Parent,USD,2018-01-01,2018-12-31,32474000000.0,0000019617-21-000236,2020.0,FY,10-K,2021-02-23,CY2018
JPM,19617,JPMORGAN CHASE & CO,PropertyPlantAndEquipmentNet,"Property, Plant and Equipment, Net",USD,,2019-09-30,25117000000.0,0000019617-19-000232,2019.0,Q3,10-Q,2019-11-04,CY2019Q3I
JPM,19617,JPMORGAN CHASE & CO,HeldToMaturitySecuritiesDebtMaturitiesRollingAfterTenYearsFairValue,"Debt Securities, Held-to-maturity, Maturity, Allocated and Single Maturity Date, Rolling after 10 Years, Fair Value",USD,,2021-09-30,135072000000.0,0000019617-21-000458,2021.0,Q3,10-Q,2021-11-02,CY2021Q3I
JPM,19617,JPMORGAN CHASE & CO,FinancingReceivableIndividuallyEvaluatedForImpairment,"Financing Receivable, Individually Evaluated for Impairment",USD,,2022-09-30,15294000000.0,0000019617-23-000524,2023.0,Q3,10-Q,2023-11-01,CY2022Q3I
JPM,19617,JPMORGAN CHASE & CO,LaborAndRelatedExpense,Labor and Related Expense,USD,2022-01-01,2022-12-31,41636000000.0,0000019617-25-000270,2024.0,FY,10-K,2025-02-14,CY2022
JPM,19617,JPMORGAN CHASE & CO,AvailableForSaleSecuritiesDebtMaturitiesRollingAfterYearTenFairValue,"Debt Securities, Available-for-sale, Maturity, Allocated and Single Maturity Date, Rolling after 10 Years, Fair Value",USD,,2023-06-30,111871000000.0,0000019617-23-000432,2023.0,Q2,10-Q,2023-08-03,CY2023Q2I
JPM,19617,JPMORGAN CHASE & CO,LongTermDebtMaturitiesRepaymentsOfPrincipalInRollingAfterYearFive,"Long-term Debt, Maturities, Repayments of Principal in Rolling after Year Five",USD,,2023-06-30,121266000000.0,0000019617-23-000432,2023.0,Q2,10-Q,2023-08-03,CY2023Q2I
JPM,19617,JPMORGAN CHASE & CO,FinancingReceivableIndividuallyEvaluatedForImpairment,"Financing Receivable, Individually Evaluated for Impairment",USD,,2025-09-30,8261000000.0,0001628280-25-048859,2025.0,Q3,10-Q,2025-11-04,CY2025Q3I
MCD,63908,McDONALD’S CORPORATION,AccruedIncomeTaxesCurrent,"Accrued Income Taxes, Current",USD,,2009-12-31,202400000.0,0001193125-11-046701,2010.0,FY,10-K,2011-02-25,CY2009Q4I
MCD,63908,McDONALD’S CORPORATION,TreasuryStockShares,"Treasury Stock, Shares",shares,,2010-03-31,584800000.0,0001193125-10-110148,2010.0,Q1,10-Q,2010-05-06,CY2010Q1I
MCD,63908,McDONALD’S CORPORATION,InventoryNet,"Inventory, Net",USD,,2010-06-30,94400000.0,0001193125-10-178634,2010.0,Q2,10-Q,2010-08-05,CY2010Q2I
MCD,63908,McDONALD’S CORPORATION,RetainedEarningsAccumulatedDeficit,Retained Earnings (Accumulated Deficit),USD,,2011-06-30,35165000000.0,0001193125-11-211544,2011.0,Q2,10-Q,2011-08-05,CY2011Q2I
MCD,63908,McDONALD’S CORPORATION,InvestmentsInAffiliatesSubsidiariesAssociatesAndJointVentures,"Investments in and Advance to Affiliates, Subsidiaries, Associates, and Joint Ventures",USD,,2011-12-31,1427000000.0,0000063908-13-000010,2012.0,FY,10-K,2013-02-25,CY2011Q4I
MCD,63908,McDONALD’S CORPORATION,PaymentsForProceedsFromProductiveAssets,Payments for (Proceeds from) Productive Assets,USD,2012-01-01,2012-03-31,-9700000.0,0000063908-13-000028,2013.0,Q1,10-Q,2013-05-01,CY2012Q1
MCD,63908,McDONALD’S CORPORATION,LiabilitiesCurrent,"Liabilities, Current",USD,,2012-06-30,3622300000.0,0001193125-12-336626,2012.0,Q2,10-Q,2012-08-06,CY2012Q2I
MCD,63908,McDONALD’S CORPORATION,SalesRevenueGoodsNet,"Sales Revenue, Goods, Net (Deprecated 2018-01-31)",USD,2014-01-01,2014-06-30,9276400000.0,0000063908-15-000065,2015.0,Q2,10-Q,2015-08-05,
MCD,63908,McDONALD’S CORPORATION,IncomeTaxExpenseBenefit,Income Tax Expense (Benefit),USD,2014-01-01,2014-12-31,2614200000.0,0000063908-17-000017,2016.0,FY,10-K,2017-03-01,CY2014
MCD,63908,McDONALD’S CORPORATION,DeferredTaxAssetsValuationAllowance,"Deferred Tax Assets, Valuation Allowance",USD,,2015-12-31,322400000.0,0000063908-17-000017,2016.0,FY,10-K,2017-03-01,CY2015Q4I
MCD,63908,McDONALD’S CORPORATION,FranchiseRevenue,Franchise Revenue (Deprecated 2018-01-31),USD,2017-10-01,2017-12-31,2667100000.0,0000063908-19-000010,2018.0,FY,10-K,2019-02-22,CY2017Q4
MCD,63908,McDONALD’S CORPORATION,InvestmentsInAffiliatesSubsidiariesAssociatesAndJointVentures,"Investments in and Advance to Affiliates, Subsidiaries, Associates, and Joint Ventures",USD,,2018-09-30,1135500000.0,0000063908-18-000064,2018.0,Q3,10-Q,2018-11-01,CY2018Q3I
MCD,63908,McDONALD’S CORPORATION,OtherComprehensiveIncomeLossReclassificationAdjustmentFromAOCIPensionAndOtherPostretirementBenefitPlansForNetGainLossNetOfTax,"Other Comprehensive Income (Loss), Defined Benefit Plan, Gain (Loss), Reclassification Adjustment from AOCI, after Tax",USD,2020-04-01,2020-06-30,-2900000.0,0000063908-21-000030,2021.0,Q2,10-Q,2021-08-04,CY2020Q2
MCD,63908,McDONALD’S CORPORATION,ProceedsFromSaleOfPropertyPlantAndEquipment,"Proceeds from Sale of Property, Plant, and Equipment",USD,2020-01-01,2020-12-31,27400000.0,0000063908-23-000012,2022.0,FY,10-K,2023-02-24,CY2020
MCD,63908,McDONALD’S CORPORATION,InterestExpense,Interest Expense,USD,2021-01-01,2021-03-31,300000000.0,0000063908-22-000016,2022.0,Q1,10-Q,2022-05-02,CY2021Q1
MCD,63908,McDONALD’S CORPORATION,OtherComprehensiveIncomeLossPensionAndOtherPostretirementBenefitPlansTax,"Other Comprehensive (Income) Loss, Defined Benefit Plan, after Reclassification Adjustment, Tax",USD,2021-01-01,2021-09-30,100000.0,0000063908-22-000055,2022.0,Q3,10-Q,2022-11-07,
MCD,63908,McDONALD’S CORPORATION,PropertyPlantAndEquipmentGross,"Property, Plant and Equipment, Gross",USD,,2021-09-30,41423700000.0,0000063908-21-000039,2021.0,Q3,10-Q,2021-11-02,CY2021Q3I
MCD,63908,McDONALD’S CORPORATION,OtherAssetsNoncurrent,"Other Assets, Noncurrent",USD,,2022-09-30,4254600000.0,0000063908-22-000055,2022.0,Q3,10-Q,2022-11-07,CY2022Q3I
MCD,63908,McDONALD’S CORPORATION,OtherComprehensiveIncomeLossForeignCurrencyTransactionAndTranslationAdjustmentNetOfTax,"Other Comprehensive Income (Loss), Foreign Currency Transaction and Translation Adjustment, Net of Tax",USD,2024-01-01,2024-09-30,136000000.0,0000063908-25-000059,2025.0,Q3,10-Q,2025-11-05,
MCD,63908,McDONALD’S CORPORATION,AdjustmentsToAdditionalPaidInCapitalSharebasedCompensationRequisiteServicePeriodRecognitionValue,"APIC, Share-based Payment Arrangement, Increase for Cost Recognition",USD,2025-01-01,2025-06-30,89000000.0,0000063908-26-000073,2026.0,Q2,10-Q,2026-08-07,
META,1326801,"Meta Platforms, Inc.",IncreaseDecreaseInOtherOperatingAssets,Increase (Decrease) in Other Operating Assets,USD,2011-01-01,2011-09-30,25000000.0,0001326801-12-000006,2012.0,Q3,10-Q,2012-10-24,
META,1326801,"Meta Platforms, Inc.",CapitalLeaseObligationsCurrent,"Capital Lease Obligations, Current",USD,,2012-12-31,365000000.0,0001326801-14-000007,2013.0,FY,10-K,2014-01-31,CY2012Q4I
META,1326801,"Meta Platforms, Inc.",AssetsCurrent,"Assets, Current",USD,,2013-09-30,10549000000.0,0001326801-13-000031,2013.0,Q3,10-Q,2013-11-01,CY2013Q3I
META,1326801,"Meta Platforms, Inc.",ProceedsFromMaturitiesPrepaymentsAndCallsOfAvailableForSaleSecurities,"Proceeds from Maturities, Prepayments and Calls of Debt Securities, Available-for-sale",USD,2014-01-01,2014-12-31,1909000000.0,0001326801-17-000007,2016.0,FY,10-K,2017-02-03,CY2014
META,1326801,"Meta Platforms, Inc.",AccumulatedOtherComprehensiveIncomeLossNetOfTax,"Accumulated Other Comprehensive Income (Loss), Net of Tax",USD,,2017-03-31,-626000000.0,0001326801-17-000024,2017.0,Q1,10-Q,2017-05-04,CY2017Q1I
META,1326801,"Meta Platforms, Inc.",NetIncomeLossAvailableToCommonStockholdersBasic,"Net Income (Loss) Available to Common Stockholders, Basic",USD,2019-04-01,2019-06-30,2616000000.0,0001326801-19-000055,2019.0,Q2,10-Q,2019-07-25,CY2019Q2
META,1326801,"Meta Platforms, Inc.",LiabilitiesCurrent,"Liabilities, Current",USD,,2019-09-30,13328000000.0,0001326801-19-000069,2019.0,Q3,10-Q,2019-10-31,CY2019Q3I
META,1326801,"Meta Platforms, Inc.",OperatingLeaseRightOfUseAsset,"Operating Lease, Right-of-Use Asset",USD,,2019-09-30,8403000000.0,0001326801-19-000069,2019.0,Q3,10-Q,2019-10-31,CY2019Q3I
META,1326801,"Meta Platforms, Inc.",IncreaseDecreaseInAccountsPayableTrade,"Increase (Decrease) in Accounts Payable, Trade",USD,2019-01-01,2019-12-31,113000000.0,0001326801-22-000018,2021.0,FY,10-K,2022-02-03,CY2019
META,1326801,"Meta Platforms, Inc.",RestrictedCashAndCashEquivalents,Restricted Cash and Cash Equivalents,USD,,2020-12-31,378000000.0,0001326801-23-000013,2022.0,FY,10-K,2023-02-02,CY2020Q4I
META,1326801,"Meta Platforms, Inc.",AvailableForSaleSecuritiesDebtSecuritiesCurrent,"Debt Securities, Available-for-sale, Current",USD,,2021-06-30,47894000000.0,0001326801-21-000049,2021.0,Q2,10-Q,2021-07-29,CY2021Q2I
META,1326801,"Meta Platforms, Inc.",EquitySecuritiesWithoutReadilyDeterminableFairValueUpwardPriceAdjustmentCumulativeAmount,"Equity Securities without Readily Determinable Fair Value, Upward Price Adjustment, Cumulative Amount",USD,,2021-12-31,311000000.0,0001326801-23-000013,2022.0,FY,10-K,2023-02-02,CY2021Q4I
META,1326801,"Meta Platforms, Inc.",NetIncomeLossAttributableToParentDiluted,"Net Income (Loss) Attributable to Parent, Diluted",USD,2023-01-01,2023-03-31,5709000000.0,0001326801-24-000049,2024.0,Q1,10-Q,2024-04-25,CY2023Q1
META,1326801,"Meta Platforms, Inc.",ContractualObligationDueInFourthYear,"Contractual Obligation, to be Paid, Year Four",USD,,2023-09-30,214000000.0,0001326801-23-000103,2023.0,Q3,10-Q,2023-10-26,CY2023Q3I
META,1326801,"Meta Platforms, Inc.",PaymentsToAcquirePropertyPlantAndEquipment,"Payments to Acquire Property, Plant, and Equipment",USD,2023-01-01,2023-09-30,19453000000.0,0001326801-24-000081,2024.0,Q3,10-Q,2024-10-31,
META,1326801,"Meta Platforms, Inc.",LiabilitiesAndStockholdersEquity,Liabilities and Equity,USD,,2023-12-31,229623000000.0,0001326801-25-000017,2024.0,FY,10-K,2025-01-30,CY2023Q4I
META,1326801,"Meta Platforms, Inc.",RestrictedCashAndCashEquivalentsAtCarryingValue,"Restricted Cash and Cash Equivalents, Current",USD,,2024-09-30,90000000.0,0001628280-25-047240,2025.0,Q3,10-Q,2025-10-30,CY2024Q3I
META,1326801,"Meta Platforms, Inc.",AccruedLiabilitiesCurrent,"Accrued Liabilities, Current",USD,,2025-09-30,27047000000.0,0001628280-25-047240,2025.0,Q3,10-Q,2025-10-30,CY2025Q3I
META,1326801,"Meta Platforms, Inc.",IncreaseDecreaseInAccruedLiabilities,Increase (Decrease) in Accrued Liabilities,USD,2025-01-01,2025-09-30,-2883000000.0,0001628280-25-047240,2025.0,Q3,10-Q,2025-10-30,
META,1326801,"Meta Platforms, Inc.",SellingAndMarketingExpense,Selling and Marketing Expense,USD,2025-01-01,2025-09-30,8581000000.0,0001628280-25-047240,2025.0,Q3,10-Q,2025-10-30,
MRK,310158,"Merck & Co., Inc.",OtherComprehensiveIncomeLossBeforeTaxPeriodIncreaseDecrease,"Other Comprehensive Income (Loss), before Tax (Deprecated 2012-01-31)",USD,2009-01-01,2009-12-31,-87000000.0,0001193125-12-084319,2011.0,FY,10-K,2012-02-28,CY2009
MRK,310158,"Merck & Co., Inc.",Depreciation,Depreciation,USD,2011-01-01,2011-12-31,2400000000.0,0000310158-14-000009,2013.0,FY,10-K,2014-02-27,CY2011
MRK,310158,"Merck & Co., Inc.",MarketableSecuritiesCurrent,"Marketable Securities, Current",USD,,2012-12-31,2690000000.0,0000310158-14-000009,2013.0,FY,10-K,2014-02-27,CY2012Q4I
MRK,310158,"Merck & Co., Inc.",OtherInventorySupplies,"Other Inventory, Supplies, Gross",USD,,2013-03-31,240000000.0,0001193125-13-211374,2013.0,Q1,10-Q,2013-05-09,CY2013Q1I
MRK,310158,"Merck & Co., Inc.",EquityMethodInvestmentRealizedGainLossOnDisposal,"Equity Method Investment, Realized Gain (Loss) on Disposal",USD,2013-01-01,2013-09-30,0.0,0000310158-14-000071,2014.0,Q3,10-Q,2014-11-10,
MRK,310158,"Merck & Co., Inc.",DeferredStateAndLocalIncomeTaxExpenseBenefit,Deferred State and Local Income Tax Expense (Benefit),USD,2013-01-01,2013-12-31,38000000.0,0000310158-16-000063,2015.0,FY,10-K,2016-02-26,CY2013
MRK,310158,"Merck & Co., Inc.",BusinessAcquisitionsProFormaNetIncomeLoss,"Business Acquisition, Pro Forma Net Income (Loss)",USD,2015-07-01,2015-09-30,1833000000.0,0000310158-16-000098,2016.0,Q3,10-Q,2016-11-07,CY2015Q3
MRK,310158,"Merck & Co., Inc.",CumulativeEffectOfNewAccountingPrincipleInPeriodOfAdoption,Cumulative Effect of New Accounting Principle in Period of Adoption (Deprecated 2020-01-31),USD,,2017-12-31,48000000.0,0000310158-20-000005,2019.0,FY,10-K,2020-02-26,CY2017Q4I
MRK,310158,"Merck & Co., Inc.",OtherComprehensiveIncomeLossNetOfTax,"Other Comprehensive Income (Loss), Net of Tax",USD,2019-07-01,2019-09-30,-28000000.0,0000310158-20-000030,2020.0,Q3,10-Q,2020-11-05,CY2019Q3
MRK,310158,"Merck & Co., Inc.",LesseeOperatingLeaseLiabilityPaymentsDueYearThree,"Lessee, Operating Lease, Liability, to be Paid, Year Three",USD,,2019-12-31,168000000.0,0000310158-20-000005,2019.0,FY,10-K,2020-02-26,CY2019Q4I
MRK,310158,"Merck & Co., Inc.",OtherLiabilitiesNoncurrent,"Other Liabilities, Noncurrent",USD,,2020-03-31,11550000000.0,0000310158-20-000009,2020.0,Q1,10-Q,2020-05-06,CY2020Q1I
MRK,310158,"Merck & Co., Inc.",StockholdersEquity,Stockholders' Equity Attributable to Parent,USD,,2020-03-31,26205000000.0,0000310158-20-000009,2020.0,Q1,10-Q,2020-05-06,CY2020Q1I
MRK,310158,"Merck & Co., Inc.",PaymentsToAcquireMarketableSecurities,Payments to Acquire Marketable Securities,USD,2020-01-01,2020-06-30,77000000.0,0000310158-21-000028,2021.0,Q2,10-Q,2021-08-09,
MRK,310158,"Merck & Co., Inc.",FairValueMeasurementWithUnobservableInputsReconciliationRecurringBasisLiabilitySettlements,"Fair Value, Measurement with Unobservable Inputs Reconciliation, Recurring Basis, Liability, Settlements",USD,2021-01-01,2021-09-30,0.0,0000310158-22-000034,2022.0,Q3,10-Q,2022-11-03,
MRK,310158,"Merck & Co., Inc.",TreasuryStockShares,"Treasury Stock, Shares",shares,,2021-12-31,1049499023.0,0000310158-22-000003,2021.0,FY,10-K,2022-02-25,CY2021Q4I
MRK,310158,"Merck & Co., Inc.",AvailableForSaleSecuritiesDebtSecurities,"Debt Securities, Available-for-sale",USD,,2022-12-31,569000000.0,0001628280-24-006850,2023.0,FY,10-K,2024-02-26,CY2022Q4I
MRK,310158,"Merck & Co., Inc.",DeferredIncomeTaxesAndOtherAssetsCurrent,"Deferred Income Taxes and Other Assets, Current",USD,,2023-06-30,6639000000.0,0001628280-23-027770,2023.0,Q2,10-Q,2023-08-07,CY2023Q2I
MRK,310158,"Merck & Co., Inc.",PaymentsToAcquireBusinessesNetOfCashAcquired,"Payments to Acquire Businesses, Net of Cash Acquired",USD,2023-01-01,2023-06-30,0.0,0001628280-24-034715,2024.0,Q2,10-Q,2024-08-05,
MRK,310158,"Merck & Co., Inc.",IncomeLossFromContinuingOperationsBeforeIncomeTaxesForeign,"Income (Loss) from Continuing Operations before Income Taxes, Foreign",USD,2023-01-01,2023-12-31,17511000000.0,0000310158-26-000063,2025.0,FY,10-K,2026-02-24,CY2023
MRK,310158,"Merck & Co., Inc.",ProceedsFromIssuanceOfDebt,Proceeds from Issuance of Debt,USD,2024-01-01,2024-12-31,3599000000.0,0000310158-26-000063,2025.0,FY,10-K,2026-02-24,CY2024
MS,895421,MORGAN STANLEY,CommonStockDividendsPerShareDeclared,"Common Stock, Dividends, Per Share, Declared",USD/shares,2010-10-01,2010-12-31,0.05,0001193125-12-081807,2011.0,FY,10-K,2012-02-27,CY2010Q4
MS,895421,MORGAN STANLEY,NoninterestIncome,Noninterest Income,USD,2010-10-01,2010-12-31,7484000000.0,0001193125-12-081807,2011.0,FY,10-K,2012-02-27,CY2010Q4
MS,895421,MORGAN STANLEY,FloorBrokerageExchangeAndClearanceFees,"Floor Brokerage, Exchange and Clearance Fees",USD,2011-01-01,2011-06-30,811000000.0,0001193125-12-337734,2012.0,Q2,10-Q,2012-08-06,
MS,895421,MORGAN STANLEY,InterestIncomeExpenseNet,"Interest Income (Expense), Net",USD,2011-03-31,2011-06-30,-72000000.0,0001193125-11-213320,2011.0,Q2,10-Q,2011-08-08,CY2011Q2
MS,895421,MORGAN STANLEY,ReceivablesFromBrokersDealersAndClearingOrganizations,Receivables from Brokers-Dealers and Clearing Organizations,USD,,2011-09-30,11063000000.0,0001193125-11-299890,2011.0,Q3,10-Q,2011-11-07,CY2011Q3I
MS,895421,MORGAN STANLEY,OtherComprehensiveIncomeLossNetOfTax,"Other Comprehensive Income (Loss), Net of Tax",USD,2013-04-01,2013-06-30,-532000000.0,0001193125-14-295874,2014.0,Q2,10-Q,2014-08-05,CY2013Q2
MS,895421,MORGAN STANLEY,InvestmentBankingRevenue,Investment Banking Revenue,USD,2015-01-01,2015-12-31,5594000000.0,0001193125-18-060831,2017.0,FY,10-K,2018-02-27,CY2015
MS,895421,MORGAN STANLEY,ImpairedFinancingReceivableWithRelatedAllowanceUnpaidPrincipalBalance,"Impaired Financing Receivable, with Related Allowance, Unpaid Principal Balance",USD,,2016-09-30,181000000.0,0001193125-16-757027,2016.0,Q3,10-Q,2016-11-02,CY2016Q3I
MS,895421,MORGAN STANLEY,UnrecognizedTaxBenefitsThatWouldImpactEffectiveTaxRate,Unrecognized Tax Benefits that Would Impact Effective Tax Rate,USD,,2016-12-31,1110000000.0,0001193125-19-051943,2018.0,FY,10-K,2019-02-26,CY2016Q4I
MS,895421,MORGAN STANLEY,DerivativeNetLiabilityPositionAggregateFairValue,"Derivative, Net Liability Position, Aggregate Fair Value",USD,,2019-03-31,18373000000.0,0001193125-19-136929,2019.0,Q1,10-Q,2019-05-03,CY2019Q1I
MS,895421,MORGAN STANLEY,FederalFundsSoldAndSecuritiesBorrowedOrPurchasedUnderAgreementsToResellFairValueDisclosure,"Federal Funds Sold and Securities Borrowed or Purchased under Agreements to Resell, Fair Value Disclosure",USD,,2021-03-31,9000000.0,0000895421-21-000334,2021.0,Q1,10-Q,2021-05-03,CY2021Q1I
MS,895421,MORGAN STANLEY,OtherCommitmentDueInSecondAndThirdYear,"Other Commitment, to be Paid, Year Two and Three",USD,,2021-12-31,41682000000.0,0000895421-22-000400,2021.0,FY,10-K,2022-02-24,CY2021Q4I
MS,895421,MORGAN STANLEY,SecuritiesLoaned,Securities Loaned,USD,,2022-03-31,14222000000.0,0000895421-22-000442,2022.0,Q1,10-Q,2022-05-04,CY2022Q1I
MS,895421,MORGAN STANLEY,SeniorNotes,Senior Notes,USD,,2022-03-31,212687000000.0,0000895421-22-000442,2022.0,Q1,10-Q,2022-05-04,CY2022Q1I
MS,895421,MORGAN STANLEY,PaymentsToAcquireAvailableForSaleSecuritiesDebt,"Payments to Acquire Debt Securities, Available-for-sale",USD,2022-01-01,2022-09-30,22636000000.0,0000895421-23-000441,2023.0,Q3,10-Q,2023-11-03,
MS,895421,MORGAN STANLEY,DerivativeLiabilities,Derivative Liability,USD,,2023-12-31,35275000000.0,0000895421-25-000304,2024.0,FY,10-K,2025-02-21,CY2023Q4I
MS,895421,MORGAN STANLEY,InterestAndDividendIncomeOperating,"Interest and Dividend Income, Operating",USD,2025-01-01,2025-03-31,13748000000.0,0000895421-26-000121,2026.0,Q1,10-Q,2026-05-05,CY2025Q1
MS,895421,MORGAN STANLEY,LoansReceivableHeldForSaleNetNotPartOfDisposalGroup,"Financing Receivable, Held-for-Sale, Not Part of Disposal Group, after Valuation Allowance",USD,,2025-03-31,16111000000.0,0000895421-25-000343,2025.0,Q1,10-Q,2025-05-05,CY2025Q1I
MS,895421,MORGAN STANLEY,DerivativeLiabilityNotSubjectToMasterNettingArrangement,"Derivative Liability, Not Subject to Master Netting Arrangement",USD,,2025-09-30,7296000000.0,0000895421-25-000539,2025.0,Q3,10-Q,2025-11-03,CY2025Q3I
MS,895421,MORGAN STANLEY,DerivativeNetLiabilityPositionAggregateFairValue,"Derivative, Net Liability Position, Aggregate Fair Value",USD,,2026-03-31,22406000000.0,0000895421-26-000121,2026.0,Q1,10-Q,2026-05-05,CY2026Q1I
MSFT,789019,MICROSOFT CORPORATION,ShareBasedCompensationArrangementByShareBasedPaymentAwardOptionsExercisesInPeriodTotalIntrinsicValue,"Share-based Compensation Arrangement by Share-based Payment Award, Options, Exercises in Period, Intrinsic Value",USD,2007-07-01,2008-06-30,1042000000.0,0001193125-10-171791,2010.0,FY,10-K,2010-07-30,CY2008
MSFT,789019,MICROSOFT CORPORATION,Liabilities,Liabilities,USD,,2010-09-30,44598000000.0,0001193125-10-239825,2011.0,Q1,10-Q,2010-10-28,CY2010Q3I
MSFT,789019,MICROSOFT CORPORATION,InventoryRawMaterials,"Inventory, Raw Materials, Gross",USD,,2011-03-31,175000000.0,0001193125-11-115186,2011.0,Q3,10-Q,2011-04-28,CY2011Q1I
MSFT,789019,MICROSOFT CORPORATION,UnrecognizedTaxBenefitsIncomeTaxPenaltiesAndInterestAccrued,"Unrecognized Tax Benefits, Income Tax Penalties and Interest Accrued",USD,,2011-06-30,785000000.0,0001193125-13-310206,2013.0,FY,10-K,2013-07-30,
MSFT,789019,MICROSOFT CORPORATION,ExcessTaxBenefitFromShareBasedCompensationOperatingActivities,"Excess Tax Benefit from Share-based Compensation, Operating Activities",USD,2015-01-01,2015-03-31,31000000.0,0001193125-15-144151,2015.0,Q3,10-Q,2015-04-23,CY2015Q1
MSFT,789019,MICROSOFT CORPORATION,OtherComprehensiveIncomeLossNetOfTax,"Other Comprehensive Income (Loss), Net of Tax",USD,2014-07-01,2015-06-30,-1186000000.0,0001193125-16-662209,2016.0,FY,10-K,2016-07-28,CY2015
MSFT,789019,MICROSOFT CORPORATION,EarningsPerShareDiluted,"Earnings Per Share, Diluted",USD/shares,2015-07-01,2015-09-30,0.61,0001564590-17-014900,2017.0,FY,10-K,2017-08-02,CY2015Q3
MSFT,789019,MICROSOFT CORPORATION,NetCashProvidedByUsedInInvestingActivitiesContinuingOperations,"Net Cash Provided by (Used in) Investing Activities, Continuing Operations",USD,2015-07-01,2015-09-30,-5066000000.0,0001193125-16-742796,2017.0,Q1,10-Q,2016-10-20,CY2015Q3
MSFT,789019,MICROSOFT CORPORATION,FiniteLivedIntangibleAssetsAmortizationExpenseYearTwo,"Finite-Lived Intangible Asset, Expected Amortization, Year Two",USD,,2016-12-31,2167000000.0,0001564590-17-000654,2017.0,Q2,10-Q,2017-01-26,CY2016Q4I
MSFT,789019,MICROSOFT CORPORATION,OtherAssetsCurrent,"Other Assets, Current",USD,,2017-12-31,4422000000.0,0001564590-18-001129,2018.0,Q2,10-Q,2018-01-31,CY2017Q4I
MSFT,789019,MICROSOFT CORPORATION,AvailableForSaleSecuritiesDebtMaturitiesRollingAfterYearTenFairValue,"Debt Securities, Available-for-sale, Maturity, Allocated and Single Maturity Date, Rolling after 10 Years, Fair Value",USD,,2019-06-30,921000000.0,0001564590-19-027952,2019.0,FY,10-K,2019-08-01,CY2019Q2I
MSFT,789019,MICROSOFT CORPORATION,LesseeOperatingLeaseLiabilityPaymentsDueYearTwo,"Lessee, Operating Lease, Liability, to be Paid, Year Two",USD,,2019-06-30,1438000000.0,0001564590-19-027952,2019.0,FY,10-K,2019-08-01,CY2019Q2I
MSFT,789019,MICROSOFT CORPORATION,DividendsCommonStockCash,"Dividends, Common Stock, Cash",USD,2019-07-01,2020-03-31,11627000000.0,0001564590-21-020891,2021.0,Q3,10-Q,2021-04-27,
MSFT,789019,MICROSOFT CORPORATION,GoodwillAcquiredDuringPeriod,"Goodwill, Acquired During Period",USD,2020-07-01,2020-12-31,445000000.0,0001564590-21-002316,2021.0,Q2,10-Q,2021-01-26,
MSFT,789019,MICROSOFT CORPORATION,IncomeLossFromContinuingOperationsBeforeIncomeTaxesMinorityInterestAndIncomeLossFromEquityMethodInvestments,"Income (Loss) from Continuing Operations before Equity Method Investments, Income Taxes, Noncontrolling Interest",USD,2020-10-01,2020-12-31,18337000000.0,0001564590-21-002316,2021.0,Q2,10-Q,2021-01-26,CY2020Q4
MSFT,789019,MICROSOFT CORPORATION,IncreaseDecreaseInOtherNoncurrentAssets,Increase (Decrease) in Other Noncurrent Assets,USD,2022-07-01,2022-09-30,666000000.0,0000950170-23-054855,2024.0,Q1,10-Q,2023-10-24,CY2022Q3
MSFT,789019,MICROSOFT CORPORATION,OperatingIncomeLoss,Operating Income (Loss),USD,2022-07-01,2023-06-30,88523000000.0,0000950170-25-100235,2025.0,FY,10-K,2025-07-30,CY2023
MSFT,789019,MICROSOFT CORPORATION,AccountsReceivableNetNoncurrent,"Accounts Receivable, after Allowance for Credit Loss, Noncurrent",USD,,2024-09-30,4800000000.0,0000950170-24-118967,2025.0,Q1,10-Q,2024-10-30,CY2024Q3I
MSFT,789019,MICROSOFT CORPORATION,CurrentIncomeTaxExpenseBenefit,Current Income Tax Expense (Benefit),USD,2024-07-01,2025-06-30,28851000000.0,0001193125-26-323660,2026.0,FY,10-K,2026-07-29,CY2025
MSFT,789019,MICROSOFT CORPORATION,RightOfUseAssetObtainedInExchangeForOperatingLeaseLiability,Right-of-Use Asset Obtained in Exchange for Operating Lease Liability,USD,2025-07-01,2026-06-30,4555000000.0,0001193125-26-323660,2026.0,FY,10-K,2026-07-29,CY2026
NKE,320187,"NIKE, Inc.",GoodwillImpairmentLoss,"Goodwill, Impairment Loss",USD,2008-12-01,2009-02-28,199300000.0,0001193125-10-078534,2010.0,Q3,10-Q,2010-04-07,CY2009Q1
NKE,320187,"NIKE, Inc.",IncreaseDecreaseInInventories,Increase (Decrease) in Inventories,USD,2009-06-01,2009-08-31,-95000000.0,0001193125-10-224858,2011.0,Q1,10-Q,2010-10-06,CY2009Q3
NKE,320187,"NIKE, Inc.",AccountsReceivableNetCurrent,"Accounts Receivable, after Allowance for Credit Loss, Current",USD,,2010-08-31,2791000000.0,0001193125-10-224858,2011.0,Q1,10-Q,2010-10-06,CY2010Q3I
NKE,320187,"NIKE, Inc.",AvailableForSaleSecuritiesDebtMaturitiesAfterOneThroughFiveYearsFairValue,"Debt Securities, Available-for-Sale, Fair Value, Maturity, Allocated and Single Maturity Date, after Year One Through Five",USD,,2010-08-31,126000000.0,0001193125-10-224858,2011.0,Q1,10-Q,2010-10-06,CY2010Q3I
NKE,320187,"NIKE, Inc.",NetCashProvidedByUsedInOperatingActivities,Net Cash Provided by (Used in) Operating Activities,USD,2010-06-01,2010-11-30,647000000.0,0001193125-12-003655,2012.0,Q2,10-Q,2012-01-05,
NKE,320187,"NIKE, Inc.",LiabilitiesCurrent,"Liabilities, Current",USD,,2011-11-30,3563000000.0,0001193125-12-003655,2012.0,Q2,10-Q,2012-01-05,CY2011Q4I
NKE,320187,"NIKE, Inc.",PaymentsToAcquireAvailableForSaleSecuritiesDebt,"Payments to Acquire Debt Securities, Available-for-sale",USD,2011-06-01,2012-05-31,3245000000.0,0000320187-14-000097,2014.0,FY,10-K,2014-07-25,CY2011
NKE,320187,"NIKE, Inc.",PropertyPlantAndEquipmentAdditions,"Property, Plant and Equipment, Additions",USD,2011-06-01,2012-05-31,587000000.0,0000320187-14-000097,2014.0,FY,10-K,2014-07-25,CY2011
NKE,320187,"NIKE, Inc.",OtherComprehensiveIncomeLossBeforeReclassificationsNetOfTax,"Other Comprehensive Income (Loss), before Reclassifications, Net of Tax",USD,2013-06-01,2014-05-31,-166000000.0,0000320187-15-000113,2015.0,FY,10-K,2015-07-23,CY2013
NKE,320187,"NIKE, Inc.",RetainedEarningsAccumulatedDeficit,Retained Earnings (Accumulated Deficit),USD,,2016-02-29,4113000000.0,0000320187-16-000264,2016.0,Q3,10-Q,2016-04-05,CY2016Q1I
NKE,320187,"NIKE, Inc.",LongTermDebtFairValue,"Long-term Debt, Fair Value",USD,,2017-02-28,3355000000.0,0000320187-17-000031,2017.0,Q3,10-Q,2017-04-04,CY2017Q1I
NKE,320187,"NIKE, Inc.",DerivativeFairValueOfDerivativeAsset,"Derivative Asset, Fair Value, Gross Asset",USD,,2018-05-31,400000000.0,0000320187-19-000051,2019.0,FY,10-K,2019-07-23,CY2018Q2I
NKE,320187,"NIKE, Inc.",DerivativeLiabilitiesCurrent,"Derivative Liability, Current",USD,,2018-08-31,102000000.0,0000320187-18-000213,2019.0,Q1,10-Q,2018-10-05,CY2018Q3I
NKE,320187,"NIKE, Inc.",AccountsPayableCurrent,"Accounts Payable, Current",USD,,2020-02-29,2221000000.0,0000320187-20-000018,2020.0,Q3,10-Q,2020-04-07,CY2020Q1I
NKE,320187,"NIKE, Inc.",TemporaryEquityCarryingAmountAttributableToParent,"Temporary Equity, Carrying Amount, Attributable to Parent",USD,,2020-05-31,0.0,0000320187-21-000028,2021.0,FY,10-K,2021-07-20,CY2020Q2I
NKE,320187,"NIKE, Inc.",StockIssuedDuringPeriodValueStockOptionsExercised,"Stock Issued During Period, Value, Stock Options Exercised",USD,2020-09-01,2020-11-30,366000000.0,0000320187-22-000004,2022.0,Q2,10-Q,2022-01-06,CY2020Q4
NKE,320187,"NIKE, Inc.",ProceedsFromSaleOfAvailableForSaleSecuritiesDebt,"Proceeds from Sale of Debt Securities, Available-for-sale",USD,2023-06-01,2023-11-30,2072000000.0,0000320187-25-000004,2025.0,Q2,10-Q,2025-01-03,
NKE,320187,"NIKE, Inc.",PrepaidExpenseAndOtherAssetsCurrent,"Prepaid Expense and Other Assets, Current",USD,,2024-05-31,1854000000.0,0000320187-25-000047,2025.0,FY,10-K,2025-07-17,CY2024Q2I
NKE,320187,"NIKE, Inc.",EffectiveIncomeTaxRateReconciliationForeignIncomeTaxRateDifferential,"Effective Income Tax Rate Reconciliation, Foreign Income Tax Rate Differential, Percent",pure,2024-06-01,2025-05-31,0.011,0000320187-26-000088,2026.0,FY,10-K,2026-07-15,CY2024
NKE,320187,"NIKE, Inc.",LesseeOperatingLeaseLiabilityPaymentsDueNextTwelveMonths,"Lessee, Operating Lease, Liability, to be Paid, Year One",USD,,2026-05-31,564000000.0,0000320187-26-000088,2026.0,FY,10-K,2026-07-15,CY2026Q2I
NVDA,1045810,NVIDIA CORP,ShareBasedCompensation,"Share-based Payment Arrangement, Noncash Expense",USD,2009-01-25,2009-07-26,59489000.0,0001045810-09-000024,2009.0,Q2,10-Q,2009-08-20,
NVDA,1045810,NVIDIA CORP,FiniteLivedIntangibleAssetsAmortizationExpense,"Finite-Lived Intangible Assets, Amortization Expense (Deprecated 2012-01-31)",USD,2012-01-30,2012-04-29,16600000.0,0001045810-12-000027,2012.0,Q1,10-Q,2012-05-23,CY2012Q1
NVDA,1045810,NVIDIA CORP,AdditionalPaidInCapital,Additional Paid in Capital,USD,,2012-07-29,3040979000.0,0001045810-12-000036,2012.0,Q2,10-Q,2012-08-22,CY2012Q2I
NVDA,1045810,NVIDIA CORP,ShareBasedCompensationArrangementByShareBasedPaymentAwardEquityInstrumentsOtherThanOptionsNonvestedWeightedAverageGrantDateFairValue,"Share-based Compensation Arrangement by Share-based Payment Award, Equity Instruments Other than Options, Nonvested, Weighted Average Grant Date Fair Value",USD/shares,,2012-07-29,15.01,0001045810-12-000036,2012.0,Q2,10-Q,2012-08-22,CY2012Q2I
NVDA,1045810,NVIDIA CORP,CommonStockParOrStatedValuePerShare,"Common Stock, Par or Stated Value Per Share",USD/shares,,2015-07-26,0.001,0001045810-15-000143,2016.0,Q2,10-Q,2015-08-19,CY2015Q2I
NVDA,1045810,NVIDIA CORP,AdditionalPaidInCapital,Additional Paid in Capital,USD,,2016-01-31,4170000000.0,0001045810-17-000027,2017.0,FY,10-K,2017-03-01,CY2015Q4I
NVDA,1045810,NVIDIA CORP,ShareBasedCompensationArrangementByShareBasedPaymentAwardEquityInstrumentsOtherThanOptionsGrantsInPeriodWeightedAverageGrantDateFairValue,"Share-based Compensation Arrangement by Share-based Payment Award, Equity Instruments Other than Options, Grants in Period, Weighted Average Grant Date Fair Value",USD/shares,2018-01-29,2019-01-27,258.26,0001045810-19-000023,2019.0,FY,10-K,2019-02-21,CY2018
NVDA,1045810,NVIDIA CORP,AssetsCurrent,"Assets, Current",USD,,2019-07-28,11391000000.0,0001045810-19-000144,2020.0,Q2,10-Q,2019-08-15,CY2019Q2I
NVDA,1045810,NVIDIA CORP,WeightedAverageNumberDilutedSharesOutstandingAdjustment,Weighted Average Number Diluted Shares Outstanding Adjustment,shares,2019-01-28,2020-01-26,33000000.0,0001045810-22-000036,2022.0,FY,10-K,2022-03-18,CY2019
NVDA,1045810,NVIDIA CORP,AvailableForSaleSecuritiesDebtMaturitiesWithinOneYearAmortizedCost,"Debt Securities, Available-for-Sale, Amortized Cost, Maturity, Allocated and Single Maturity Date, Year One",USD,,2020-10-25,9329000000.0,0001045810-20-000189,2021.0,Q3,10-Q,2020-11-18,CY2020Q3I
NVDA,1045810,NVIDIA CORP,ShareBasedCompensationArrangementByShareBasedPaymentAwardEquityInstrumentsOtherThanOptionsGrantsInPeriod,"Share-based Compensation Arrangement by Share-based Payment Award, Equity Instruments Other than Options, Grants in Period",shares,2020-01-27,2021-01-31,9000000.0,0001045810-21-000010,2021.0,FY,10-K,2021-02-26,CY2020
NVDA,1045810,NVIDIA CORP,ProceedsFromMaturitiesPrepaymentsAndCallsOfAvailableForSaleSecurities,"Proceeds from Maturities, Prepayments and Calls of Debt Securities, Available-for-sale",USD,2021-02-01,2021-08-01,5236000000.0,0001045810-22-000147,2023.0,Q2,10-Q,2022-08-31,
NVDA,1045810,NVIDIA CORP,DebtInstrumentUnamortizedDiscountPremiumAndDebtIssuanceCostsNet,"Debt Instrument, Unamortized Discount (Premium) and Debt Issuance Costs, Net",USD,,2022-01-30,54000000.0,0001045810-23-000017,2023.0,FY,10-K,2023-02-24,CY2021Q4I
NVDA,1045810,NVIDIA CORP,PropertyPlantAndEquipmentNet,"Property, Plant and Equipment, Net",USD,,2022-01-30,2778000000.0,0001045810-23-000017,2023.0,FY,10-K,2023-02-24,CY2021Q4I
NVDA,1045810,NVIDIA CORP,StockholdersEquity,Stockholders' Equity Attributable to Parent,USD,,2022-07-31,23851000000.0,0001045810-23-000227,2024.0,Q3,10-Q,2023-11-21,CY2022Q2I
NVDA,1045810,NVIDIA CORP,AntidilutiveSecuritiesExcludedFromComputationOfEarningsPerShareAmount,"Antidilutive Securities Excluded from Computation of Earnings Per Share, Amount",shares,2023-01-30,2023-07-30,136000000.0,0001045810-24-000264,2025.0,Q2,10-Q,2024-08-28,
NVDA,1045810,NVIDIA CORP,Goodwill,Goodwill,USD,,2024-04-28,4453000000.0,0001045810-24-000124,2025.0,Q1,10-Q,2024-05-29,CY2024Q1I
NVDA,1045810,NVIDIA CORP,ShareBasedCompensationArrangementByShareBasedPaymentAwardNumberOfSharesAvailableForGrant,"Share-based Compensation Arrangement by Share-based Payment Award, Number of Shares Available for Grant",shares,,2025-01-26,1400000000.0,0001045810-26-000021,2026.0,FY,10-K,2026-02-25,CY2024Q4I
NVDA,1045810,NVIDIA CORP,AllocatedShareBasedCompensationExpense,"Share-based Payment Arrangement, Expense",USD,2025-04-28,2025-07-27,1624000000.0,0001045810-26-000075,2027.0,Q2,10-Q,2026-08-26,CY2025Q2
NVDA,1045810,NVIDIA CORP,WeightedAverageNumberOfDilutedSharesOutstanding,"Weighted Average Number of Shares Outstanding, Diluted",shares,2025-01-27,2025-10-26,24542000000.0,0001045810-25-000230,2026.0,Q3,10-Q,2025-11-19,
ORCL,1341439,Oracle Corporation,LicensesRevenue,Licenses Revenue (Deprecated 2018-01-31),USD,2009-06-01,2009-11-30,9045000000.0,0001193125-10-285703,2011.0,Q2,10-Q,2010-12-21,
ORCL,1341439,Oracle Corporation,StockRepurchasedAndRetiredDuringPeriodShares,"Stock Repurchased and Retired During Period, Shares",shares,2009-06-01,2010-02-28,33300000.0,0001193125-11-081178,2011.0,Q3,10-Q,2011-03-29,
ORCL,1341439,Oracle Corporation,IncreaseDecreaseInAccountsPayableAndAccruedLiabilities,Increase (Decrease) in Accounts Payable and Accrued Liabilities,USD,2011-06-01,2011-11-30,-1306000000.0,0001193125-12-513009,2013.0,Q2,10-Q,2012-12-21,
ORCL,1341439,Oracle Corporation,PreferredStockParOrStatedValuePerShare,"Preferred Stock, Par or Stated Value Per Share",USD/shares,,2013-02-28,0.01,0001193125-13-122271,2013.0,Q3,10-Q,2013-03-22,CY2013Q1I
ORCL,1341439,Oracle Corporation,AvailableForSaleSecuritiesCurrent,"Available-for-sale Securities, Current",USD,,2014-05-31,21050000000.0,0001193125-15-235239,2015.0,FY,10-K,2015-06-25,CY2014Q2I
ORCL,1341439,Oracle Corporation,EmployeeServiceShareBasedCompensationNonvestedAwardsTotalCompensationCostNotYetRecognizedShareBasedAwardsOtherThanOptions,"Share-based Payment Arrangement, Nonvested Award, Excluding Option, Cost Not yet Recognized, Amount",USD,,2015-05-31,774000000.0,0001193125-15-235239,2015.0,FY,10-K,2015-06-25,CY2015Q2I
ORCL,1341439,Oracle Corporation,IncreaseDecreaseInAccountsPayableAndOtherOperatingLiabilities,Increase (Decrease) in Accounts Payable and Other Operating Liabilities,USD,2016-06-01,2016-11-30,-499000000.0,0001193125-17-372232,2018.0,Q2,10-Q,2017-12-18,
ORCL,1341439,Oracle Corporation,FiniteLivedIntangibleAssetsAmortizationExpenseYearFive,"Finite-Lived Intangible Asset, Expected Amortization, Year Five",USD,,2017-08-31,567000000.0,0001193125-17-287455,2018.0,Q1,10-Q,2017-09-18,CY2017Q3I
ORCL,1341439,Oracle Corporation,IncomeTaxReconciliationStateAndLocalIncomeTaxes,"Effective Income Tax Rate Reconciliation, State and Local Income Taxes, Amount",USD,2018-06-01,2019-05-31,163000000.0,0001564590-21-033616,2021.0,FY,10-K,2021-06-21,CY2018
ORCL,1341439,Oracle Corporation,AvailableForSaleSecuritiesDebtSecuritiesCurrent,"Debt Securities, Available-for-sale, Current",USD,,2020-02-29,2029000000.0,0001564590-20-010833,2020.0,Q3,10-Q,2020-03-13,CY2020Q1I
ORCL,1341439,Oracle Corporation,OtherComprehensiveIncomeLossCashFlowHedgeGainLossAfterReclassificationAndTaxParent,"Other Comprehensive Income (Loss), Cash Flow Hedge, Gain (Loss), after Reclassification and Tax, Parent",USD,2021-06-01,2021-08-31,0.0,0001564590-22-031545,2023.0,Q1,10-Q,2022-09-13,CY2021Q3
ORCL,1341439,Oracle Corporation,BusinessCombinationConsiderationTransferredEquityInterestsIssuedAndIssuable,"Business Combination, Consideration Transferred, Equity Interests Issued and Issuable",USD,2021-06-01,2021-11-30,0.0,0001564590-22-039278,2023.0,Q2,10-Q,2022-12-13,
ORCL,1341439,Oracle Corporation,MinorityInterest,Stockholders' Equity Attributable to Noncontrolling Interest,USD,,2021-11-30,443000000.0,0001564590-21-060022,2022.0,Q2,10-Q,2021-12-10,CY2021Q4I
ORCL,1341439,Oracle Corporation,OtherComprehensiveIncomeDefinedBenefitPlansAdjustmentNetOfTaxPortionAttributableToParent,"Other Comprehensive (Income) Loss, Defined Benefit Plan, after Tax and Reclassification Adjustment, Attributable to Parent",USD,2021-09-01,2021-11-30,-2000000.0,0001564590-22-039278,2023.0,Q2,10-Q,2022-12-13,CY2021Q4
ORCL,1341439,Oracle Corporation,LiabilitiesCurrent,"Liabilities, Current",USD,,2022-02-28,20833000000.0,0001564590-22-009859,2022.0,Q3,10-Q,2022-03-11,CY2022Q1I
ORCL,1341439,Oracle Corporation,RepaymentsOfDebt,Repayments of Debt,USD,2022-06-01,2022-11-30,16692000000.0,0000950170-23-069682,2024.0,Q2,10-Q,2023-12-12,
ORCL,1341439,Oracle Corporation,DeferredIncomeTaxAssetsNet,"Deferred Income Tax Assets, Net",USD,,2023-02-28,12153000000.0,0001564590-23-003413,2023.0,Q3,10-Q,2023-03-10,CY2023Q1I
ORCL,1341439,Oracle Corporation,MinorityInterest,Stockholders' Equity Attributable to Noncontrolling Interest,USD,,2023-05-31,483000000.0,0000950170-24-075605,2024.0,FY,10-K,2024-06-20,CY2023Q2I
ORCL,1341439,Oracle Corporation,CashCashEquivalentsRestrictedCashAndRestrictedCashEquivalentsIncludingDisposalGroupAndDiscontinuedOperations,"Cash, Cash Equivalents, Restricted Cash and Restricted Cash Equivalents, Including Disposal Group and Discontinued Operations",USD,,2024-02-29,9481000000.0,0000950170-25-037143,2025.0,Q3,10-Q,2025-03-11,CY2024Q1I
ORCL,1341439,Oracle Corporation,CashCashEquivalentsRestrictedCashAndRestrictedCashEquivalentsPeriodIncreaseDecreaseIncludingExchangeRateEffect,"Cash, Cash Equivalents, Restricted Cash and Restricted Cash Equivalents, Period Increase (Decrease), Including Exchange Rate Effect",USD,2024-06-01,2024-11-30,487000000.0,0001193125-25-315925,2026.0,Q2,10-Q,2025-12-11,
PFE,78003,PFIZER INC,EffectiveIncomeTaxRateReconciliationOtherAdjustments,"Effective Income Tax Rate Reconciliation, Other Adjustments, Percent",pure,2008-01-01,2008-12-31,-0.003,0001193125-11-048877,2010.0,FY,10-K,2011-02-28,CY2008
PFE,78003,PFIZER INC,BusinessCombinationIntegrationRelatedCosts,"Business Combination, Integration Related Costs",USD,2010-07-05,2010-10-03,231000000.0,0001157523-11-006714,2011.0,Q3,10-Q,2011-11-10,CY2010Q3
PFE,78003,PFIZER INC,DefinedBenefitPlanAmountsRecognizedInOtherComprehensiveIncomeNetPriorServiceCostCreditBeforeTax,"Other Comprehensive (Income) Loss, Defined Benefit Plan, Prior Service Cost (Credit), after Reclassification Adjustment, before Tax",USD,2011-01-01,2011-12-31,51000000.0,0000078003-14-000018,2013.0,FY,10-K,2014-02-28,CY2011
PFE,78003,PFIZER INC,IntangibleAssetsNetExcludingGoodwill,"Intangible Assets, Net (Excluding Goodwill)",USD,,2011-12-31,51184000000.0,0000078003-13-000006,2012.0,FY,10-K,2013-02-28,CY2011Q4I
PFE,78003,PFIZER INC,PaymentsToAcquireShortTermInvestments,Payments to Acquire Short-term Investments,USD,2011-01-01,2011-12-31,18447000000.0,0000078003-14-000018,2013.0,FY,10-K,2014-02-28,CY2011
PFE,78003,PFIZER INC,OtherComprehensiveIncomeLossAmortizationAdjustmentFromAOCIPensionAndOtherPostretirementBenefitPlansForNetPriorServiceCostCreditTax,"Other Comprehensive (Income) Loss, Defined Benefit Plan, Prior Service Cost (Credit), Reclassification Adjustment from AOCI, Tax",USD,2014-06-30,2014-09-28,-7000000.0,0000078003-15-000051,2015.0,Q3,10-Q,2015-11-05,CY2014Q3
PFE,78003,PFIZER INC,OtherNonoperatingIncomeExpense,Other Nonoperating Income (Expense),USD,2014-01-01,2014-09-28,-665000000.0,0000078003-15-000051,2015.0,Q3,10-Q,2015-11-05,
PFE,78003,PFIZER INC,LongTermDebtMaturitiesRepaymentsOfPrincipalInYearFive,"Long-Term Debt, Maturity, Year Five",USD,,2015-12-31,364000000.0,0000078003-16-000077,2015.0,FY,10-K,2016-02-29,CY2015Q4I
PFE,78003,PFIZER INC,RestructuringAndRelatedCostExpectedCost1,"Restructuring and Related Cost, Expected Cost",USD,,2016-10-02,3000000000.0,0000078003-16-000113,2016.0,Q3,10-Q,2016-11-10,CY2016Q3I
PFE,78003,PFIZER INC,OperatingLeasesFutureMinimumPaymentsDueInThreeYears,"Operating Leases, Future Minimum Payments, Due in Three Years",USD,,2016-12-31,163000000.0,0000078003-17-000014,2016.0,FY,10-K,2017-02-23,CY2016Q4I
PFE,78003,PFIZER INC,EmployeeRelatedLiabilitiesCurrent,"Employee-related Liabilities, Current",USD,,2018-04-01,1911000000.0,0000078003-18-000045,2018.0,Q1,10-Q,2018-05-10,CY2018Q1I
PFE,78003,PFIZER INC,PaymentsToAcquireBusinessesNetOfCashAcquired,"Payments to Acquire Businesses, Net of Cash Acquired",USD,2020-01-01,2020-12-31,0.0,0000078003-23-000024,2022.0,FY,10-K,2023-02-23,CY2020
PFE,78003,PFIZER INC,LiabilityForUncertainTaxPositionsNoncurrent,"Liability for Uncertainty in Income Taxes, Noncurrent",USD,,2021-04-04,11759000000.0,0000078003-21-000065,2021.0,Q1,10-Q,2021-05-13,CY2021Q1I
PFE,78003,PFIZER INC,ProceedsFromSaleMaturityAndCollectionOfShorttermInvestments,"Proceeds from Sale, Maturity and Collection of Short-term Investments",USD,2021-01-01,2021-07-04,7572000000.0,0000078003-22-000094,2022.0,Q2,10-Q,2022-08-10,
PFE,78003,PFIZER INC,InventoryRawMaterialsAndSuppliesNetOfReserves,"Inventory, Raw Materials and Supplies, Net of Reserves",USD,,2021-12-31,994000000.0,0000078003-23-000024,2022.0,FY,10-K,2023-02-23,CY2021Q4I
PFE,78003,PFIZER INC,OtherComprehensiveIncomeLossAvailableForSaleSecuritiesAdjustmentBeforeTax,"OCI, Debt Securities, Available-for-Sale, Gain (Loss), after Adjustment, before Tax",USD,2022-01-01,2022-12-31,502000000.0,0000078003-25-000054,2024.0,FY,10-K,2025-02-27,CY2022
PFE,78003,PFIZER INC,IncomeLossFromContinuingOperationsPerDilutedShare,"Income (Loss) from Continuing Operations, Per Diluted Share",USD/shares,2023-01-01,2023-04-02,0.97,0000078003-24-000107,2024.0,Q1,10-Q,2024-05-08,CY2023Q1
PFE,78003,PFIZER INC,StockholdersEquityIncludingPortionAttributableToNoncontrollingInterest,"Stockholders' Equity, Including Portion Attributable to Noncontrolling Interest",USD,,2024-03-31,92558000000.0,0000078003-25-000138,2025.0,Q2,10-Q,2025-08-05,CY2024Q1I
PFE,78003,PFIZER INC,InventoryFinishedGoodsNetOfReserves,"Inventory, Finished Goods, Net of Reserves",USD,,2025-12-31,4113000000.0,0000078003-26-000095,2026.0,Q2,10-Q,2026-08-04,CY2025Q4I
PFE,78003,PFIZER INC,HeldToMaturitySecuritiesNoncurrent,"Debt Securities, Held-to-maturity, Noncurrent",USD,,2026-03-29,47000000.0,0000078003-26-000054,2026.0,Q1,10-Q,2026-05-05,CY2026Q1I
UNH,731766,UnitedHealth Group Incorporated,OtherComprehensiveIncomeUnrealizedHoldingGainLossOnSecuritiesArisingDuringPeriodBeforeTax,"OCI, Debt Securities, Available-for-Sale, Unrealized Holding Gain (Loss), before Adjustment and Tax",USD,2011-01-01,2011-03-31,-37000000.0,0000731766-12-000015,2012.0,Q1,10-Q,2012-05-03,CY2011Q1
UNH,731766,UnitedHealth Group Incorporated,OtherComprehensiveIncomeUnrealizedHoldingGainLossOnSecuritiesArisingDuringPeriodNetOfTax,"OCI, Debt Securities, Available-for-Sale, Unrealized Holding Gain (Loss), before Adjustment, after Tax",USD,2011-01-01,2011-03-31,-23000000.0,0000731766-12-000015,2012.0,Q1,10-Q,2012-05-03,CY2011Q1
UNH,731766,UnitedHealth Group Incorporated,FiniteLivedIntangibleAssetsAccumulatedAmortization,"Finite-Lived Intangible Assets, Accumulated Amortization",USD,,2011-12-31,1451000000.0,0000731766-13-000005,2012.0,FY,10-K,2013-02-07,CY2011Q4I
UNH,731766,UnitedHealth Group Incorporated,WeightedAverageNumberOfDilutedSharesOutstanding,"Weighted Average Number of Shares Outstanding, Diluted",shares,2011-01-01,2011-12-31,1087000000.0,0000731766-14-000008,2013.0,FY,10-K,2014-02-12,CY2011
UNH,731766,UnitedHealth Group Incorporated,WeightedAverageNumberOfSharesOutstandingBasic,"Weighted Average Number of Shares Outstanding, Basic",shares,2012-01-01,2012-06-30,1034000000.0,0000731766-13-000026,2013.0,Q2,10-Q,2013-08-05,
UNH,731766,UnitedHealth Group Incorporated,StockIssuedDuringPeriodValueShareBasedCompensation,"Shares Issued, Value, Share-based Payment Arrangement, after Forfeiture",USD,2013-01-01,2013-06-30,207000000.0,0000731766-14-000042,2014.0,Q2,10-Q,2014-08-04,
UNH,731766,UnitedHealth Group Incorporated,FairValueLiabilitiesLevel2ToLevel1TransfersAmount,"Fair Value, Liabilities, Level 2 to Level 1 Transfers, Amount",USD,,2014-12-31,0.0,0000731766-16-000058,2015.0,FY,10-K,2016-02-09,CY2014Q4I
UNH,731766,UnitedHealth Group Incorporated,IncomeTaxExpenseBenefit,Income Tax Expense (Benefit),USD,2015-01-01,2015-06-30,2236000000.0,0000731766-16-000081,2016.0,Q2,10-Q,2016-08-02,
UNH,731766,UnitedHealth Group Incorporated,AntidilutiveSecuritiesExcludedFromComputationOfEarningsPerShareAmount,"Antidilutive Securities Excluded from Computation of Earnings Per Share, Amount",shares,2016-01-01,2016-06-30,4000000.0,0000731766-17-000028,2017.0,Q2,10-Q,2017-08-04,
UNH,731766,UnitedHealth Group Incorporated,NotesPayableRelatedPartiesNoncurrent,"Notes Payable, Related Parties, Noncurrent",USD,,2016-12-31,0.0,0000731766-18-000005,2017.0,FY,10-K,2018-02-13,CY2016Q4I
UNH,731766,UnitedHealth Group Incorporated,PaymentsToAcquirePropertyPlantAndEquipment,"Payments to Acquire Property, Plant, and Equipment",USD,2016-01-01,2016-12-31,1705000000.0,0000731766-19-000005,2018.0,FY,10-K,2019-02-12,CY2016
UNH,731766,UnitedHealth Group Incorporated,FairValueAssetsLevel1ToLevel2TransfersAmount,"Fair Value, Assets, Level 1 to Level 2 Transfers, Amount",USD,,2017-09-30,0.0,0000731766-18-000040,2018.0,Q3,10-Q,2018-11-08,CY2017Q3I
UNH,731766,UnitedHealth Group Incorporated,PreferredStockSharesOutstanding,"Preferred Stock, Shares Outstanding",shares,,2019-03-31,0.0,0000731766-19-000013,2019.0,Q1,10-Q,2019-05-07,CY2019Q1I
UNH,731766,UnitedHealth Group Incorporated,WeightedAverageNumberOfSharesOutstandingBasic,"Weighted Average Number of Shares Outstanding, Basic",shares,2019-01-01,2019-06-30,954000000.0,0000731766-20-000042,2020.0,Q2,10-Q,2020-08-03,
UNH,731766,UnitedHealth Group Incorporated,DeferredIncomeTaxExpenseBenefit,Deferred Income Tax Expense (Benefit),USD,2019-01-01,2019-09-30,177000000.0,0000731766-20-000049,2020.0,Q3,10-Q,2020-11-02,
UNH,731766,UnitedHealth Group Incorporated,LesseeOperatingLeaseLiabilityUndiscountedExcessAmount,"Lessee, Operating Lease, Liability, Undiscounted Excess Amount",USD,,2019-12-31,744000000.0,0000731766-20-000006,2019.0,FY,10-K,2020-02-14,CY2019Q4I
UNH,731766,UnitedHealth Group Incorporated,BusinessCombinationRecognizedIdentifiableAssetsAcquiredAndLiabilitiesAssumedCashAndEquivalents,"Business Combination, Recognized Identifiable Assets Acquired and Liabilities Assumed, Cash and Equivalents",USD,,2022-06-30,457000000.0,0000731766-22-000036,2022.0,Q2,10-Q,2022-08-03,CY2022Q2I
UNH,731766,UnitedHealth Group Incorporated,ShareBasedCompensationArrangementByShareBasedPaymentAwardOptionsVestedAndExpectedToVestOutstandingNumber,"Share-based Compensation Arrangement by Share-based Payment Award, Options, Vested and Expected to Vest, Outstanding, Number",shares,,2023-12-31,21000000.0,0000731766-24-000081,2023.0,FY,10-K,2024-02-28,CY2023Q4I
UNH,731766,UnitedHealth Group Incorporated,CostOfGoodsAndServicesSold,Cost of Goods and Services Sold,USD,2025-04-01,2025-06-30,13019000000.0,0000731766-26-000197,2026.0,Q2,10-Q,2026-08-10,CY2025Q2
UNH,731766,UnitedHealth Group Incorporated,AvailableForSaleSecuritiesDebtSecurities,"Debt Securities, Available-for-sale",USD,,2025-09-30,46822000000.0,0000731766-25-000305,2025.0,Q3,10-Q,2025-10-28,CY2025Q3I
UPS,1090727,UNITED PARCEL SERVICE INC,IncomeTaxExpenseBenefit,Income Tax Expense (Benefit),USD,2008-07-01,2008-09-30,545000000.0,0001193125-09-227554,2009.0,Q3,10-Q,2009-11-06,CY2008Q3
UPS,1090727,UNITED PARCEL SERVICE INC,PaymentsForRepurchaseOfCommonStock,Payments for Repurchase of Common Stock,USD,2008-01-01,2008-12-31,3570000000.0,0001193125-11-049356,2010.0,FY,10-K,2011-02-28,CY2008
UPS,1090727,UNITED PARCEL SERVICE INC,DefinedBenefitPlanUltimateHealthCareCostTrendRate,"Defined Benefit Plan, Ultimate Health Care Cost Trend Rate (Deprecated 2017-01-31)",pure,2010-01-01,2010-12-31,0.05,0001193125-11-049356,2010.0,FY,10-K,2011-02-28,CY2010
UPS,1090727,UNITED PARCEL SERVICE INC,PaymentsToAcquireInvestments,Payments to Acquire Investments,USD,2010-01-01,2010-12-31,2490000000.0,0001090727-13-000005,2012.0,FY,10-K,2013-02-28,CY2010
UPS,1090727,UNITED PARCEL SERVICE INC,TreasuryStockShares,"Treasury Stock, Shares",shares,,2012-06-30,2000000.0,0001090727-12-000015,2012.0,Q2,10-Q,2012-08-03,CY2012Q2I
UPS,1090727,UNITED PARCEL SERVICE INC,AvailableForSaleSecuritiesDebtMaturitiesWithinOneYearAmortizedCost,"Debt Securities, Available-for-Sale, Amortized Cost, Maturity, Allocated and Single Maturity Date, Year One",USD,,2012-09-30,43000000.0,0001090727-12-000026,2012.0,Q3,10-Q,2012-11-02,CY2012Q3I
UPS,1090727,UNITED PARCEL SERVICE INC,GoodwillAcquiredDuringPeriod,"Goodwill, Acquired During Period",USD,2013-01-01,2013-12-31,23000000.0,0001090727-15-000008,2014.0,FY,10-K,2015-02-27,CY2013
UPS,1090727,UNITED PARCEL SERVICE INC,GoodwillAcquiredDuringPeriod,"Goodwill, Acquired During Period",USD,2015-01-01,2015-09-30,1318000000.0,0001090727-15-000043,2015.0,Q3,10-Q,2015-11-05,
UPS,1090727,UNITED PARCEL SERVICE INC,MinorityInterest,Stockholders' Equity Attributable to Noncontrolling Interest,USD,,2016-09-30,24000000.0,0001090727-16-000086,2016.0,Q3,10-Q,2016-11-03,CY2016Q3I
UPS,1090727,UNITED PARCEL SERVICE INC,DeferredTaxLiabilitiesNoncurrent,"Deferred Tax Liabilities, Net, Noncurrent",USD,,2016-12-31,112000000.0,0001090727-18-000009,2017.0,FY,10-K,2018-02-21,CY2016Q4I
UPS,1090727,UNITED PARCEL SERVICE INC,NetIncomeLoss,Net Income (Loss) Attributable to Parent,USD,2019-10-01,2019-12-31,-106000000.0,0001090727-21-000013,2020.0,FY,10-K,2021-02-22,CY2019Q4
UPS,1090727,UNITED PARCEL SERVICE INC,AvailableForSaleSecuritiesCurrent,"Available-for-sale Securities, Current",USD,,2020-06-30,401000000.0,0001090727-20-000037,2020.0,Q2,10-Q,2020-08-04,CY2020Q2I
UPS,1090727,UNITED PARCEL SERVICE INC,ReclassificationFromAccumulatedOtherComprehensiveIncomeCurrentPeriodNetOfTax,"Reclassification from Accumulated Other Comprehensive Income, Current Period, Net of Tax",USD,2022-01-01,2022-03-31,36000000.0,0001090727-23-000025,2023.0,Q1,10-Q,2023-05-03,CY2022Q1
UPS,1090727,UNITED PARCEL SERVICE INC,LesseeOperatingLeaseLiabilityPaymentsDueYearThree,"Lessee, Operating Lease, Liability, to be Paid, Year Three",USD,,2022-06-30,461000000.0,0001090727-22-000034,2022.0,Q2,10-Q,2022-08-03,CY2022Q2I
UPS,1090727,UNITED PARCEL SERVICE INC,OperatingLeaseCost,"Operating Lease, Cost",USD,2022-01-01,2022-06-30,367000000.0,0001090727-23-000038,2023.0,Q2,10-Q,2023-08-08,
UPS,1090727,UNITED PARCEL SERVICE INC,AdditionalPaidInCapitalCommonStock,"Additional Paid in Capital, Common Stock",USD,,2023-03-31,0.0,0001090727-23-000025,2023.0,Q1,10-Q,2023-05-03,CY2023Q1I
UPS,1090727,UNITED PARCEL SERVICE INC,EquitySecuritiesWithoutReadilyDeterminableFairValueAmount,"Equity Securities without Readily Determinable Fair Value, Amount",USD,,2024-03-31,47000000.0,0001090727-24-000028,2024.0,Q1,10-Q,2024-05-03,CY2024Q1I
UPS,1090727,UNITED PARCEL SERVICE INC,EffectOfExchangeRateOnCashCashEquivalentsRestrictedCashAndRestrictedCashEquivalents,"Effect of Exchange Rate on Cash, Cash Equivalents, Restricted Cash and Restricted Cash Equivalents",USD,2024-01-01,2024-06-30,-72000000.0,0001090727-25-000064,2025.0,Q2,10-Q,2025-08-06,
UPS,1090727,UNITED PARCEL SERVICE INC,FinanceLeaseRightOfUseAsset,"Finance Lease, Right-of-Use Asset, after Accumulated Amortization",USD,,2025-03-31,644000000.0,0001090727-25-000049,2025.0,Q1,10-Q,2025-05-07,CY2025Q1I
UPS,1090727,UNITED PARCEL SERVICE INC,EffectiveIncomeTaxRateReconciliationCrossBorderTaxEffectPercent,,pure,2025-01-01,2025-12-31,-0.009,0001628280-26-008432,2025.0,FY,10-K,2026-02-17,CY2025
VZ,732712,VERIZON COMMUNICATIONS INC,PaymentsForProceedsFromInvestments,Payments for (Proceeds from) Investments,USD,2009-01-01,2009-03-31,-80000000.0,0001193125-10-096291,2010.0,Q1,10-Q,2010-04-28,CY2009Q1
VZ,732712,VERIZON COMMUNICATIONS INC,LiabilitiesCurrent,"Liabilities, Current",USD,,2010-12-31,30597000000.0,0001193125-12-077846,2011.0,FY,10-K,2012-02-24,CY2010Q4I
VZ,732712,VERIZON COMMUNICATIONS INC,OtherLiabilitiesNoncurrent,"Other Liabilities, Noncurrent",USD,,2011-06-30,5551000000.0,0001193125-11-201011,2011.0,Q2,10-Q,2011-07-28,CY2011Q2I
VZ,732712,VERIZON COMMUNICATIONS INC,AccountsPayableAndAccruedLiabilitiesCurrent,"Accounts Payable and Accrued Liabilities, Current",USD,,2012-03-31,13231000000.0,0001193125-12-186263,2012.0,Q1,10-Q,2012-04-26,CY2012Q1I
VZ,732712,VERIZON COMMUNICATIONS INC,IncomeLossFromContinuingOperationsBeforeIncomeTaxesExtraordinaryItemsNoncontrollingInterest,"Income (Loss) from Continuing Operations before Income Taxes, Noncontrolling Interest",USD,2012-01-01,2012-06-30,9710000000.0,0001193125-13-302540,2013.0,Q2,10-Q,2013-07-25,
VZ,732712,VERIZON COMMUNICATIONS INC,OtherComprehensiveIncomeLossForeignCurrencyTransactionAndTranslationAdjustmentNetOfTax,"Other Comprehensive Income (Loss), Foreign Currency Transaction and Translation Adjustment, Net of Tax",USD,2012-07-01,2012-09-30,103000000.0,0001193125-13-409932,2013.0,Q3,10-Q,2013-10-24,CY2012Q3
VZ,732712,VERIZON COMMUNICATIONS INC,MinorityInterest,Stockholders' Equity Attributable to Noncontrolling Interest,USD,,2014-03-31,1140000000.0,0001193125-14-166563,2014.0,Q1,10-Q,2014-04-29,CY2014Q1I
VZ,732712,VERIZON COMMUNICATIONS INC,FiniteLivedIntangibleAssetsAmortizationExpenseRemainderOfFiscalYear,"Finite-Lived Intangible Asset, Expected Amortization, Remainder of Fiscal Year",USD,,2015-09-30,454000000.0,0001193125-15-354559,2015.0,Q3,10-Q,2015-10-27,CY2015Q3I
VZ,732712,VERIZON COMMUNICATIONS INC,IncomeTaxExpenseBenefit,Income Tax Expense (Benefit),USD,2016-01-01,2016-06-30,3200000000.0,0001193125-17-247167,2017.0,Q2,10-Q,2017-08-03,
VZ,732712,VERIZON COMMUNICATIONS INC,ReceivableWithImputedInterestNetAmount,"Receivable with Imputed Interest, Net Amount",USD,,2016-06-30,4912000000.0,0001193125-16-664131,2016.0,Q2,10-Q,2016-07-29,CY2016Q2I
VZ,732712,VERIZON COMMUNICATIONS INC,OtherComprehensiveIncomeLossPensionAndOtherPostretirementBenefitPlansAdjustmentNetOfTax,"Other Comprehensive (Income) Loss, Defined Benefit Plan, after Reclassification Adjustment, after Tax",USD,2016-07-01,2016-09-30,139000000.0,0000732712-17-000009,2017.0,Q3,10-Q,2017-10-26,CY2016Q3
VZ,732712,VERIZON COMMUNICATIONS INC,AccumulatedDepreciationDepletionAndAmortizationPropertyPlantAndEquipment,"Accumulated Depreciation, Depletion and Amortization, Property, Plant, and Equipment",USD,,2016-12-31,147464000000.0,0000732712-18-000009,2017.0,FY,10-K,2018-02-23,
VZ,732712,VERIZON COMMUNICATIONS INC,ProceedsFromPaymentsForOtherFinancingActivities,Proceeds from (Payments for) Other Financing Activities,USD,2017-01-01,2017-06-30,-1831000000.0,0000732712-18-000044,2018.0,Q2,10-Q,2018-07-31,
VZ,732712,VERIZON COMMUNICATIONS INC,ShareBasedCompensationArrangementByShareBasedPaymentAwardEquityInstrumentsOtherThanOptionsShareBasedLiabilitiesPaid,"Share-based Compensation Arrangement by Share-based Payment Award, Equity Instruments Other than Options, Share-based Liabilities Paid",USD,2019-01-01,2019-12-31,737000000.0,0000732712-22-000008,2021.0,FY,10-K,2022-02-11,CY2019
VZ,732712,VERIZON COMMUNICATIONS INC,AdditionalPaidInCapital,Additional Paid in Capital,USD,,2020-06-30,13281000000.0,0000732712-20-000052,2020.0,Q2,10-Q,2020-07-28,CY2020Q2I
VZ,732712,VERIZON COMMUNICATIONS INC,FiniteLivedIntangibleAssetsGross,"Finite-Lived Intangible Assets, Gross",USD,,2020-09-30,28278000000.0,0000732712-20-000061,2020.0,Q3,10-Q,2020-10-27,CY2020Q3I
VZ,732712,VERIZON COMMUNICATIONS INC,ShareBasedCompensationArrangementByShareBasedPaymentAwardEquityInstrumentsOtherThanOptionsShareBasedLiabilitiesPaid,"Share-based Compensation Arrangement by Share-based Payment Award, Equity Instruments Other than Options, Share-based Liabilities Paid",USD,2020-01-01,2020-12-31,961000000.0,0000732712-23-000012,2022.0,FY,10-K,2023-02-10,CY2020
VZ,732712,VERIZON COMMUNICATIONS INC,OtherNonoperatingIncomeExpense,Other Nonoperating Income (Expense),USD,2024-07-01,2024-09-30,72000000.0,0000732712-25-000116,2025.0,Q3,10-Q,2025-10-29,CY2024Q3
VZ,732712,VERIZON COMMUNICATIONS INC,OperatingLeaseLiabilityCurrent,"Operating Lease, Liability, Current",USD,,2025-03-31,4686000000.0,0000732712-25-000024,2025.0,Q1,10-Q,2025-04-25,CY2025Q1I
VZ,732712,VERIZON COMMUNICATIONS INC,FinancingReceivableAllowanceForCreditLosses,"Financing Receivable, Allowance for Credit Loss",USD,,2025-06-30,1431000000.0,0000732712-25-000086,2025.0,Q2,10-Q,2025-07-25,CY2025Q2I
WMT,104169,WALMART INC.,WeightedAverageNumberOfDilutedSharesOutstanding,"Weighted Average Number of Shares Outstanding, Diluted",shares,2008-02-01,2008-10-31,3956000000.0,0001193125-09-248603,2009.0,Q3,10-Q,2009-12-08,
WMT,104169,WALMART INC.,IncomeTaxExpenseBenefit,Income Tax Expense (Benefit),USD,2008-02-01,2009-01-31,-7133000000.0,0001193125-11-083157,2010.0,FY,10-K,2011-03-30,CY2008
WMT,104169,WALMART INC.,AdjustmentsNoncashItemsToReconcileNetIncomeLossToCashProvidedByUsedInOperatingActivitiesOther,"Adjustments, Noncash Items, to Reconcile Net Income (Loss) to Cash Provided by (Used in) Operating Activities, Other (Deprecated 2011-01-31)",USD,2009-02-01,2009-04-30,-192000000.0,0001193125-10-132759,2010.0,Q1,10-Q,2010-06-04,CY2009Q1
WMT,104169,WALMART INC.,IncomeLossFromContinuingOperationsPerDilutedShare,"Income (Loss) from Continuing Operations, Per Diluted Share",USD/shares,2010-05-01,2010-07-31,0.97,0001193125-11-238857,2011.0,Q2,10-Q,2011-09-01,CY2010Q2
WMT,104169,WALMART INC.,OtherComprehensiveIncomeLossNetOfTaxPortionAttributableToNoncontrollingInterest,"Other Comprehensive Income (Loss), Net of Tax, Portion Attributable to Noncontrolling Interest",USD,2010-02-01,2011-01-31,162000000.0,0000104169-13-000011,2012.0,FY,10-K,2013-03-26,CY2010
WMT,104169,WALMART INC.,IncomeLossFromContinuingOperationsBeforeIncomeTaxesMinorityInterestAndIncomeLossFromEquityMethodInvestments,"Income (Loss) from Continuing Operations before Equity Method Investments, Income Taxes, Noncontrolling Interest",USD,2012-02-01,2012-10-31,17559000000.0,0000104169-13-000051,2013.0,Q3,10-Q,2013-12-06,
WMT,104169,WALMART INC.,NetCashProvidedByUsedInFinancingActivities,Net Cash Provided by (Used in) Financing Activities,USD,2013-02-01,2013-04-30,-755000000.0,0000104169-14-000033,2015.0,Q1,10-Q,2014-06-06,CY2013Q1
WMT,104169,WALMART INC.,NetIncomeLossAttributableToNoncontrollingInterest,Net Income (Loss) Attributable to Noncontrolling Interest,USD,2014-02-01,2014-07-31,399000000.0,0000104169-15-000039,2016.0,Q2,10-Q,2015-09-09,
WMT,104169,WALMART INC.,ReceivablesNetCurrent,"Receivables, Net, Current",USD,,2015-04-30,5813000000.0,0000104169-16-000088,2017.0,Q1,10-Q,2016-06-03,CY2015Q1I
WMT,104169,WALMART INC.,RepaymentsOfLongTermDebt,Repayments of Long-term Debt,USD,2015-02-01,2015-04-30,915000000.0,0000104169-16-000088,2017.0,Q1,10-Q,2016-06-03,CY2015Q1
WMT,104169,WALMART INC.,CommitmentsAndContingencies,Commitments and Contingencies,USD,,2016-01-31,0.0,0000104169-16-000119,2017.0,Q2,10-Q,2016-08-31,CY2015Q4I
WMT,104169,WALMART INC.,CapitalLeasedAssetsGross,"Capital Leased Assets, Gross",USD,,2016-04-30,11667000000.0,0000104169-17-000029,2018.0,Q1,10-Q,2017-06-02,CY2016Q1I
WMT,104169,WALMART INC.,CapitalLeasedAssetsGross,"Capital Leased Assets, Gross",USD,,2017-04-30,11854000000.0,0000104169-18-000054,2019.0,Q1,10-Q,2018-06-04,CY2017Q1I
WMT,104169,WALMART INC.,CommonStockValue,"Common Stock, Value, Issued",USD,,2018-04-30,294000000.0,0000104169-19-000024,2020.0,Q1,10-Q,2019-06-07,CY2018Q1I
WMT,104169,WALMART INC.,PaymentsForRepurchaseOfCommonStock,Payments for Repurchase of Common Stock,USD,2019-02-01,2019-10-31,4829000000.0,0000104169-20-000076,2021.0,Q3,10-Q,2020-12-02,
WMT,104169,WALMART INC.,PaymentsOfDividendsMinorityInterest,"Payments of Ordinary Dividends, Noncontrolling Interest",USD,2020-02-01,2020-10-31,76000000.0,0000104169-21-000072,2022.0,Q3,10-Q,2021-12-01,
WMT,104169,WALMART INC.,OtherComprehensiveIncomeLossNetOfTax,"Other Comprehensive Income (Loss), Net of Tax",USD,2021-02-01,2021-10-31,3089000000.0,0000104169-22-000083,2023.0,Q3,10-Q,2022-12-01,
WMT,104169,WALMART INC.,WeightedAverageNumberOfDilutedSharesOutstanding,"Weighted Average Number of Shares Outstanding, Diluted",shares,2022-02-01,2022-04-30,2765000000.0,0000104169-23-000052,2024.0,Q1,10-Q,2023-06-02,CY2022Q1
WMT,104169,WALMART INC.,CommonStockDividendsPerShareDeclared,"Common Stock, Dividends, Per Share, Declared",USD/shares,2022-02-01,2023-01-31,0.7467,0000104169-25-000021,2025.0,FY,10-K,2025-03-14,CY2022
WMT,104169,WALMART INC.,LiabilitiesCurrent,"Liabilities, Current",USD,,2026-07-31,115630000000.0,0000104169-26-000154,2027.0,Q2,10-Q,2026-08-28,CY2026Q2I
XOM,34088,Exxon Mobil Corporation,ExplorationExpense,Exploration Expense,USD,2009-01-01,2009-09-30,1336000000.0,0001193125-10-246050,2010.0,Q3,10-Q,2010-11-03,
XOM,34088,Exxon Mobil Corporation,GuaranteeObligationsCurrentCarryingValue,"Guarantor Obligations, Current Carrying Value",USD,,2010-06-30,8686000000.0,0001193125-10-177038,2010.0,Q2,10-Q,2010-08-04,CY2010Q2I
XOM,34088,Exxon Mobil Corporation,IncomeLossFromEquityMethodInvestments,Income (Loss) from Equity Method Investments,USD,2010-04-01,2010-06-30,2244000000.0,0001193125-11-209772,2011.0,Q2,10-Q,2011-08-04,CY2010Q2
XOM,34088,Exxon Mobil Corporation,BusinessAcquisitionProFormaRevenue,"Business Acquisition, Pro Forma Revenue (Deprecated 2011-01-31)",USD,2010-07-01,2010-09-30,95298000000.0,0001193125-10-246050,2010.0,Q3,10-Q,2010-11-03,CY2010Q3
XOM,34088,Exxon Mobil Corporation,AccruedIncomeTaxesCurrent,"Accrued Income Taxes, Current",USD,,2013-06-30,8208000000.0,0000034088-13-000035,2013.0,Q2,10-Q,2013-08-06,CY2013Q2I
XOM,34088,Exxon Mobil Corporation,ProceedsFromRepaymentsOfShortTermDebtMaturingInThreeMonthsOrLess,"Proceeds from (Repayments of) Short-term Debt, Maturing in Three Months or Less",USD,2014-01-01,2014-12-31,2049000000.0,0000034088-15-000013,2014.0,FY,10-K,2015-02-25,CY2014
XOM,34088,Exxon Mobil Corporation,OtherComprehensiveIncomeAvailableforsaleSecuritiesTaxPortionAttributableToParent,"Other Comprehensive Income (Loss), Available-for-sale Securities, Tax, Portion Attributable to Parent",USD,2015-01-01,2015-09-30,-8000000.0,0000034088-16-000097,2016.0,Q3,10-Q,2016-11-03,
XOM,34088,Exxon Mobil Corporation,OperatingLeasesFutureMinimumPaymentsReceivableCurrent,"Operating Leases, Future Minimum Payments Receivable, Current",USD,,2015-12-31,7000000.0,0000034088-16-000065,2015.0,FY,10-K,2016-02-24,CY2015Q4I
XOM,34088,Exxon Mobil Corporation,NetIncomeLossAttributableToNoncontrollingInterest,Net Income (Loss) Attributable to Noncontrolling Interest,USD,2016-04-01,2016-06-30,-19000000.0,0000034088-17-000041,2017.0,Q2,10-Q,2017-08-02,CY2016Q2
XOM,34088,Exxon Mobil Corporation,OtherComprehensiveIncomeLossForeignCurrencyTransactionAndTranslationReclassificationAdjustmentFromAOCIRealizedUponSaleOrLiquidationNetOfTax,"Other Comprehensive Income (Loss), Foreign Currency Transaction and Translation Reclassification Adjustment from AOCI, Realized upon Sale or Liquidation, Net of Tax",USD,2017-01-01,2017-09-30,-234000000.0,0000034088-18-000048,2018.0,Q3,10-Q,2018-11-07,
XOM,34088,Exxon Mobil Corporation,ProceedsFromRepaymentsOfShortTermDebt,Proceeds from (Repayments of) Short-term Debt,USD,2017-01-01,2017-12-31,2181000000.0,0000034088-19-000010,2018.0,FY,10-K,2019-02-27,CY2017
XOM,34088,Exxon Mobil Corporation,CashCashEquivalentsRestrictedCashAndRestrictedCashEquivalentsPeriodIncreaseDecreaseIncludingExchangeRateEffect,"Cash, Cash Equivalents, Restricted Cash and Restricted Cash Equivalents, Period Increase (Decrease), Including Exchange Rate Effect",USD,2019-01-01,2019-06-30,1171000000.0,0000034088-20-000073,2020.0,Q2,10-Q,2020-08-05,
XOM,34088,Exxon Mobil Corporation,LongTermDebtAndCapitalLeaseObligationsCurrent,"Long-term Debt and Lease Obligation, Current",USD,,2019-12-31,1701000000.0,0000034088-21-000012,2020.0,FY,10-K,2021-02-24,CY2019Q4I
XOM,34088,Exxon Mobil Corporation,CommonStockSharesOutstanding,"Common Stock, Shares, Outstanding",shares,,2020-06-30,4228000000.0,0000034088-21-000064,2021.0,Q3,10-Q,2021-11-03,CY2020Q2I
XOM,34088,Exxon Mobil Corporation,PaymentsForProceedsFromOtherInvestingActivities,Payments for (Proceeds from) Other Investing Activities,USD,2020-01-01,2020-09-30,-1710000000.0,0000034088-21-000064,2021.0,Q3,10-Q,2021-11-03,
XOM,34088,Exxon Mobil Corporation,AccruedIncomeTaxesCurrent,"Accrued Income Taxes, Current",USD,,2020-12-31,684000000.0,0000034088-22-000011,2021.0,FY,10-K,2022-02-23,CY2020Q4I
XOM,34088,Exxon Mobil Corporation,Assets,Assets,USD,,2021-12-31,338923000000.0,0000034088-24-000018,2023.0,FY,10-K,2024-02-28,CY2021Q4I
XOM,34088,Exxon Mobil Corporation,NetCashProvidedByUsedInFinancingActivities,Net Cash Provided by (Used in) Financing Activities,USD,2022-01-01,2022-09-30,-25177000000.0,0000034088-23-000056,2023.0,Q3,10-Q,2023-10-31,
XOM,34088,Exxon Mobil Corporation,RepaymentsOfShortTermDebtMaturingInMoreThanThreeMonths,"Repayments of Short-term Debt, Maturing in More than Three Months",USD,2023-01-01,2023-03-31,126000000.0,0000034088-24-000029,2024.0,Q1,10-Q,2024-04-29,CY2023Q1
XOM,34088,Exxon Mobil Corporation,DeferredIncomeTaxLiabilitiesNet,"Deferred Income Tax Liabilities, Net",USD,,2024-06-30,40080000000.0,0000034088-24-000050,2024.0,Q2,10-Q,2024-08-05,CY2024Q2I
